"../../../Engine/Plugins/Animation/ACLPlugin/Content/ACLAnimBoneCompressionSettings.uasset" 0
"../../../Engine/Plugins/Animation/ACLPlugin/Content/ACLAnimBoneCompressionSettings.uexp" 1
"../../../Engine/Plugins/2D/Paper2D/Content/PlaceholderTextures/DummySpriteTexture.ubulk" 2
"../../../Engine/Plugins/2D/Paper2D/Content/PlaceholderTextures/DummySpriteTexture.uasset" 3
"../../../Engine/Plugins/2D/Paper2D/Content/PlaceholderTextures/DummySpriteTexture.uexp" 4
"../../../Engine/Plugins/2D/Paper2D/Content/DummySprite.uasset" 5
"../../../Engine/Plugins/2D/Paper2D/Content/DummySprite.uexp" 6
"../../../Engine/Plugins/2D/Paper2D/Content/DefaultPaperTerrainMaterial.uasset" 7
"../../../Engine/Plugins/2D/Paper2D/Content/DefaultPaperTerrainMaterial.uexp" 8
"../../../Engine/Content/EngineMaterials/DefaultPhysicalMaterial.uasset" 9
"../../../Engine/Content/EngineMaterials/DefaultPhysicalMaterial.uexp" 10
"../../../Engine/Content/EngineMaterials/DefaultDestructiblePhysicalMaterial.uasset" 11
"../../../Engine/Content/EngineMaterials/DefaultDestructiblePhysicalMaterial.uexp" 12
"../../../Engine/Content/EngineFonts/Faces/DroidSansFallback.uexp" 13
"../../../Engine/Content/EngineFonts/Faces/DroidSansFallback.uasset" 14
"../../../Engine/Content/EngineFonts/Faces/DroidSansFallback.ufont" 15
"../../../Engine/Content/EngineFonts/Faces/RobotoRegular.uexp" 16
"../../../Engine/Content/EngineFonts/Faces/RobotoRegular.uasset" 17
"../../../Engine/Content/EngineFonts/Faces/RobotoRegular.ufont" 18
"../../../Engine/Content/EngineFonts/Faces/RobotoLight.uexp" 19
"../../../Engine/Content/EngineFonts/Faces/RobotoLight.uasset" 20
"../../../Engine/Content/EngineFonts/Faces/RobotoLight.ufont" 21
"../../../Engine/Content/EngineFonts/Faces/RobotoItalic.uexp" 22
"../../../Engine/Content/EngineFonts/Faces/RobotoItalic.uasset" 23
"../../../Engine/Content/EngineFonts/Faces/RobotoItalic.ufont" 24
"../../../Engine/Content/EngineFonts/Faces/RobotoBoldItalic.uexp" 25
"../../../Engine/Content/EngineFonts/Faces/RobotoBoldItalic.uasset" 26
"../../../Engine/Content/EngineFonts/Faces/RobotoBoldItalic.ufont" 27
"../../../Engine/Content/EngineFonts/Faces/RobotoBold.uexp" 28
"../../../Engine/Content/EngineFonts/Faces/RobotoBold.uasset" 29
"../../../Engine/Content/EngineFonts/Faces/RobotoBold.ufont" 30
"../../../Engine/Content/EngineFonts/Roboto.uasset" 31
"../../../Engine/Content/EngineFonts/Roboto.uexp" 32
"../../../Engine/Content/EngineFonts/Faces/DroidSansMono.uexp" 33
"../../../Engine/Content/EngineFonts/Faces/DroidSansMono.uasset" 34
"../../../Engine/Content/EngineFonts/Faces/DroidSansMono.ufont" 35
"../../../Engine/Content/EngineFonts/DroidSansMono.uasset" 36
"../../../Engine/Content/EngineFonts/DroidSansMono.uexp" 37
"../../../Engine/Plugins/Interchange/Runtime/Content/Pipelines/DefaultTexturePipeline.uasset" 38
"../../../Engine/Plugins/Interchange/Runtime/Content/Pipelines/DefaultTexturePipeline.uexp" 39
"../../../Engine/Plugins/Interchange/Runtime/Content/Pipelines/DefaultSceneLevelPipeline.uasset" 40
"../../../Engine/Plugins/Interchange/Runtime/Content/Pipelines/DefaultSceneLevelPipeline.uexp" 41
"../../../Engine/Plugins/Interchange/Runtime/Content/Pipelines/DefaultSceneAssetsPipeline.uasset" 42
"../../../Engine/Plugins/Interchange/Runtime/Content/Pipelines/DefaultSceneAssetsPipeline.uexp" 43
"../../../Engine/Plugins/Interchange/Runtime/Content/Pipelines/DefaultMaterialXPipeline.uasset" 44
"../../../Engine/Plugins/Interchange/Runtime/Content/Pipelines/DefaultMaterialXPipeline.uexp" 45
"../../../Engine/Plugins/Interchange/Runtime/Content/Pipelines/DefaultMaterialPipeline.uasset" 46
"../../../Engine/Plugins/Interchange/Runtime/Content/Pipelines/DefaultMaterialPipeline.uexp" 47
"../../../Engine/Plugins/Interchange/Runtime/Content/Pipelines/DefaultGLTFSceneAssetsPipeline.uasset" 48
"../../../Engine/Plugins/Interchange/Runtime/Content/Pipelines/DefaultGLTFSceneAssetsPipeline.uexp" 49
"../../../Engine/Plugins/Interchange/Runtime/Content/Pipelines/DefaultGLTFPipeline.uasset" 50
"../../../Engine/Plugins/Interchange/Runtime/Content/Pipelines/DefaultGLTFPipeline.uexp" 51
"../../../Engine/Plugins/Interchange/Runtime/Content/Pipelines/DefaultGLTFAssetsPipeline.uasset" 52
"../../../Engine/Plugins/Interchange/Runtime/Content/Pipelines/DefaultGLTFAssetsPipeline.uexp" 53
"../../../Engine/Plugins/Interchange/Runtime/Content/Pipelines/DefaultAssetsPipeline.uasset" 54
"../../../Engine/Plugins/Interchange/Runtime/Content/Pipelines/DefaultAssetsPipeline.uexp" 55
"../../../Engine/Plugins/Animation/ControlRig/Content/Controls/DefaultGizmoLibraryNormalized.uasset" 56
"../../../Engine/Plugins/Animation/ControlRig/Content/Controls/DefaultGizmoLibraryNormalized.uexp" 57
"../../../Engine/Content/MobileResources/HUD/VirtualJoystick_Thumb.uasset" 58
"../../../Engine/Content/MobileResources/HUD/VirtualJoystick_Thumb.uexp" 59
"../../../Engine/Content/MobileResources/HUD/VirtualJoystick_Background.uasset" 60
"../../../Engine/Content/MobileResources/HUD/VirtualJoystick_Background.uexp" 61
"../../../Engine/Content/MobileResources/HUD/DefaultVirtualJoysticks.uasset" 62
"../../../Engine/Content/MobileResources/HUD/DefaultVirtualJoysticks.uexp" 63
"../../../Engine/Content/EngineResources/GradientTexture0.uasset" 64
"../../../Engine/Content/EngineResources/GradientTexture0.uexp" 65
"../../../Engine/Content/EngineResources/Black.uasset" 66
"../../../Engine/Content/EngineResources/Black.uexp" 67
"../../../Engine/Plugins/NNE/NNEDenoiser/Content/NNEDTOM_Output_Default.uasset" 68
"../../../Engine/Plugins/NNE/NNEDenoiser/Content/NNEDTOM_Output_Default.uexp" 69
"../../../Engine/Plugins/NNE/NNEDenoiser/Content/NNEDTOM_Output_Alpha.uasset" 70
"../../../Engine/Plugins/NNE/NNEDenoiser/Content/NNEDTOM_Output_Alpha.uexp" 71
"../../../Engine/Plugins/NNE/NNEDenoiser/Content/NNEDTIM_ColorAlbedoNormal_Default.uasset" 72
"../../../Engine/Plugins/NNE/NNEDenoiser/Content/NNEDTIM_ColorAlbedoNormal_Default.uexp" 73
"../../../Engine/Plugins/NNE/NNEDenoiser/Content/NNEDTIM_ColorAlbedoNormal_Alpha.uasset" 74
"../../../Engine/Plugins/NNE/NNEDenoiser/Content/NNEDTIM_ColorAlbedoNormal_Alpha.uexp" 75
"../../../Engine/Plugins/NNE/NNEDenoiser/Content/NNEDOM_Output_Default.uasset" 76
"../../../Engine/Plugins/NNE/NNEDenoiser/Content/NNEDOM_Output_Default.uexp" 77
"../../../Engine/Plugins/NNE/NNEDenoiser/Content/NNEDOM_Output_Alpha.uasset" 78
"../../../Engine/Plugins/NNE/NNEDenoiser/Content/NNEDOM_Output_Alpha.uexp" 79
"../../../Engine/Plugins/NNE/NNEDenoiser/Content/NNEDIM_HighQuality_Default.uasset" 80
"../../../Engine/Plugins/NNE/NNEDenoiser/Content/NNEDIM_HighQuality_Default.uexp" 81
"../../../Engine/Plugins/NNE/NNEDenoiser/Content/NNEDIM_HighQuality_Alpha.uasset" 82
"../../../Engine/Plugins/NNE/NNEDenoiser/Content/NNEDIM_HighQuality_Alpha.uexp" 83
"../../../Engine/Plugins/NNE/NNEDenoiser/Content/NNEDIM_ColorAlbedoNormal_Default.uasset" 84
"../../../Engine/Plugins/NNE/NNEDenoiser/Content/NNEDIM_ColorAlbedoNormal_Default.uexp" 85
"../../../Engine/Plugins/NNE/NNEDenoiser/Content/NNEDIM_ColorAlbedoNormal_Alpha.uasset" 86
"../../../Engine/Plugins/NNE/NNEDenoiser/Content/NNEDIM_ColorAlbedoNormal_Alpha.uexp" 87
"../../../Engine/Content/EngineResources/DefaultTexture.ubulk" 88
"../../../Engine/Content/EngineResources/DefaultTexture.uasset" 89
"../../../Engine/Content/EngineResources/DefaultTexture.uexp" 90
"../../../Engine/Content/EngineMaterials/PreintegratedSkinBRDF.uasset" 91
"../../../Engine/Content/EngineMaterials/PreintegratedSkinBRDF.uexp" 92
"../../../Engine/Content/EngineMaterials/MiniFont.uasset" 93
"../../../Engine/Content/EngineMaterials/MiniFont.uexp" 94
"../../../Engine/Content/EngineMaterials/FastBlueNoise_vec2_128x128x64.uasset" 95
"../../../Engine/Content/EngineMaterials/FastBlueNoise_vec2_128x128x64.uexp" 96
"../../../Engine/Content/EngineMaterials/FastBlueNoise_scalar_128x128x8.uasset" 97
"../../../Engine/Content/EngineMaterials/FastBlueNoise_scalar_128x128x8.uexp" 98
"../../../Engine/Content/EngineMaterials/FastBlueNoise_scalar_128x128x64.uasset" 99
"../../../Engine/Content/EngineMaterials/FastBlueNoise_scalar_128x128x64.uexp" 100
"../../../Engine/Content/EngineMaterials/DefaultWhiteGrid.ubulk" 101
"../../../Engine/Content/EngineMaterials/DefaultWhiteGrid.uasset" 102
"../../../Engine/Content/EngineMaterials/DefaultWhiteGrid.uexp" 103
"../../../Engine/Content/EngineMaterials/DefaultBokeh.uasset" 104
"../../../Engine/Content/EngineMaterials/DefaultBokeh.uexp" 105
"../../../Engine/Content/EngineMaterials/DefaultBloomKernel.uasset" 106
"../../../Engine/Content/EngineMaterials/DefaultBloomKernel.uexp" 107
"../../../Engine/Content/EditorResources/S_TriggerSphere.uasset" 108
"../../../Engine/Content/EditorResources/S_TriggerSphere.uexp" 109
"../../../Engine/Content/EditorResources/S_TriggerCapsule.uasset" 110
"../../../Engine/Content/EditorResources/S_TriggerCapsule.uexp" 111
"../../../Engine/Content/EditorResources/S_TriggerBox.uasset" 112
"../../../Engine/Content/EditorResources/S_TriggerBox.uexp" 113
"../../../Engine/Content/EditorResources/S_Trigger.ubulk" 114
"../../../Engine/Content/EditorResources/S_Trigger.uasset" 115
"../../../Engine/Content/EditorResources/S_Trigger.uexp" 116
"../../../Engine/Content/EditorResources/S_Terrain.ubulk" 117
"../../../Engine/Content/EditorResources/S_Terrain.uasset" 118
"../../../Engine/Content/EditorResources/S_Terrain.uexp" 119
"../../../Engine/Content/EditorResources/S_Solver.ubulk" 120
"../../../Engine/Content/EditorResources/S_Solver.uasset" 121
"../../../Engine/Content/EditorResources/S_Solver.uexp" 122
"../../../Engine/Content/EditorResources/S_BoxReflectionCapture.uasset" 123
"../../../Engine/Content/EditorResources/S_BoxReflectionCapture.uexp" 124
"../../../Engine/Content/EditorResources/S_Actor.ubulk" 125
"../../../Engine/Content/EditorResources/S_Actor.uasset" 126
"../../../Engine/Content/EditorResources/S_Actor.uexp" 127
"../../../Engine/Content/EditorResources/BSPVertex.uasset" 128
"../../../Engine/Content/EditorResources/BSPVertex.uexp" 129
"../../../Engine/Plugins/Runtime/AudioWidgets/Content/Resources/ScrubHandleDown_Clamped.uasset" 130
"../../../Engine/Plugins/Runtime/AudioWidgets/Content/Resources/ScrubHandleDown_Clamped.uexp" 131
"C:/Users/codym/OneDrive/Documents/GitHub/FunkyFishGameRepository/FPS_Game/Content/SplashScreen/0ncdjdt369za1.uasset" 132
"C:/Users/codym/OneDrive/Documents/GitHub/FunkyFishGameRepository/FPS_Game/Content/SplashScreen/0ncdjdt369za1.uexp" 133
"../../../Engine/Content/EditorMaterials/ParticleSystems/PSysThumbnail_OOD.ubulk" 134
"../../../Engine/Content/EditorMaterials/ParticleSystems/PSysThumbnail_OOD.uasset" 135
"../../../Engine/Content/EditorMaterials/ParticleSystems/PSysThumbnail_OOD.uexp" 136
"../../../Engine/Content/EditorMaterials/ParticleSystems/PSysThumbnail_NoImage.ubulk" 137
"../../../Engine/Content/EditorMaterials/ParticleSystems/PSysThumbnail_NoImage.uasset" 138
"../../../Engine/Content/EditorMaterials/ParticleSystems/PSysThumbnail_NoImage.uexp" 139
"../../../Engine/Content/EngineResources/FilmGrains/Marcie_Grain_v3_128_M2_000.uasset" 140
"../../../Engine/Content/EngineResources/FilmGrains/Marcie_Grain_v3_128_M2_000.uexp" 141
"../../../Engine/Content/EngineResources/Development/ZenLogo_64.uasset" 142
"../../../Engine/Content/EngineResources/Development/ZenLogo_64.uexp" 143
"../../../Engine/Content/EngineMaterials/LTC/Sheen_LTC.uasset" 144
"../../../Engine/Content/EngineMaterials/LTC/Sheen_LTC.uexp" 145
"../../../Engine/Content/EngineMaterials/LTC/GGX_LTCMat.uasset" 146
"../../../Engine/Content/EngineMaterials/LTC/GGX_LTCMat.uexp" 147
"../../../Engine/Content/EngineMaterials/LTC/GGX_LTCAmp.uasset" 148
"../../../Engine/Content/EngineMaterials/LTC/GGX_LTCAmp.uexp" 149
"../../../Engine/Content/EngineMaterials/EnergyConservation/Sheen_Energy.uasset" 150
"../../../Engine/Content/EngineMaterials/EnergyConservation/Sheen_Energy.uexp" 151
"../../../Engine/Content/EngineMaterials/EnergyConservation/SheenLegacy_Energy.uasset" 152
"../../../Engine/Content/EngineMaterials/EnergyConservation/SheenLegacy_Energy.uexp" 153
"../../../Engine/Content/EngineMaterials/EnergyConservation/GGX_TransmissionEnergyArray.uasset" 154
"../../../Engine/Content/EngineMaterials/EnergyConservation/GGX_TransmissionEnergyArray.uexp" 155
"../../../Engine/Content/EngineMaterials/EnergyConservation/GGX_ReflectionEnergy.uasset" 156
"../../../Engine/Content/EngineMaterials/EnergyConservation/GGX_ReflectionEnergy.uexp" 157
"../../../Engine/Content/EngineMaterials/EnergyConservation/Diffuse_Energy.uasset" 158
"../../../Engine/Content/EngineMaterials/EnergyConservation/Diffuse_Energy.uexp" 159
"../../../Engine/Content/EditorResources/SequenceRecorder/RecordingIndicator.uasset" 160
"../../../Engine/Content/EditorResources/SequenceRecorder/RecordingIndicator.uexp" 161
"../../../Engine/Content/EditorResources/SequenceRecorder/Countdown.uasset" 162
"../../../Engine/Content/EditorResources/SequenceRecorder/Countdown.uexp" 163
"../../../Engine/Content/Functions/Engine_MaterialFunctions01/Shading/ConvertFromDiffSpec.uasset" 164
"../../../Engine/Content/Functions/Engine_MaterialFunctions01/Shading/ConvertFromDiffSpec.uexp" 165
"../../../Engine/Content/Functions/Engine_MaterialFunctions01/Shading/PowerToRoughness.uasset" 166
"../../../Engine/Content/Functions/Engine_MaterialFunctions01/Shading/PowerToRoughness.uexp" 167
"../../../Engine/Content/EditorMaterials/Dataflow/DataflowTwoSidedVertexMaterial.uasset" 168
"../../../Engine/Content/EditorMaterials/Dataflow/DataflowTwoSidedVertexMaterial.uexp" 169
"../../../Engine/Content/EditorMaterials/Dataflow/DataflowVertexMaterial.uasset" 170
"../../../Engine/Content/EditorMaterials/Dataflow/DataflowVertexMaterial.uexp" 171
"../../../Engine/Plugins/Animation/ControlRig/Content/Controls/ControlRigGizmoMaterial.uasset" 172
"../../../Engine/Plugins/Animation/ControlRig/Content/Controls/ControlRigGizmoMaterial.uexp" 173
"../../../Engine/Plugins/Animation/ControlRig/Content/Controls/ControlRigXRayMaterial.uasset" 174
"../../../Engine/Plugins/Animation/ControlRig/Content/Controls/ControlRigXRayMaterial.uexp" 175
"../../../Engine/Content/Functions/Engine_MaterialFunctions02/Utility/VectorLength.uasset" 176
"../../../Engine/Content/Functions/Engine_MaterialFunctions02/Utility/VectorLength.uexp" 177
"../../../Engine/Content/Functions/Engine_MaterialFunctions02/Utility/BreakOutFloat3Components.uasset" 178
"../../../Engine/Content/Functions/Engine_MaterialFunctions02/Utility/BreakOutFloat3Components.uexp" 179
"../../../Engine/Content/Functions/Engine_MaterialFunctions02/ObjectLocalBounds.uasset" 180
"../../../Engine/Content/Functions/Engine_MaterialFunctions02/ObjectLocalBounds.uexp" 181
"../../../Engine/Content/Functions/Engine_MaterialFunctions02/WorldPositionOffset/ObjectScale.uasset" 182
"../../../Engine/Content/Functions/Engine_MaterialFunctions02/WorldPositionOffset/ObjectScale.uexp" 183
"../../../Engine/Content/Functions/Engine_MaterialFunctions02/SafeNormalize.uasset" 184
"../../../Engine/Content/Functions/Engine_MaterialFunctions02/SafeNormalize.uexp" 185
"../../../Engine/Plugins/Editor/SpeedTreeImporter/Content/SpeedTree9/UnpackInteger3.uasset" 186
"../../../Engine/Plugins/Editor/SpeedTreeImporter/Content/SpeedTree9/UnpackInteger3.uexp" 187
"../../../Engine/Plugins/Editor/SpeedTreeImporter/Content/SpeedTree9/UnpackDirection.uasset" 188
"../../../Engine/Plugins/Editor/SpeedTreeImporter/Content/SpeedTree9/UnpackDirection.uexp" 189
"../../../Engine/Plugins/Editor/SpeedTreeImporter/Content/SpeedTree9/game_wind_noise.ubulk" 190
"../../../Engine/Plugins/Editor/SpeedTreeImporter/Content/SpeedTree9/game_wind_noise.uasset" 191
"../../../Engine/Plugins/Editor/SpeedTreeImporter/Content/SpeedTree9/game_wind_noise.uexp" 192
"../../../Engine/Plugins/Editor/SpeedTreeImporter/Content/SpeedTree9/SpeedTreeWindMotion.uasset" 193
"../../../Engine/Plugins/Editor/SpeedTreeImporter/Content/SpeedTree9/SpeedTreeWindMotion.uexp" 194
"../../../Engine/Plugins/Editor/SpeedTreeImporter/Content/SpeedTree9/SpeedTreeBranchMotion.uasset" 195
"../../../Engine/Plugins/Editor/SpeedTreeImporter/Content/SpeedTree9/SpeedTreeBranchMotion.uexp" 196
"../../../Engine/Content/Functions/Engine_MaterialFunctions02/UVs/BoundingBoxBased_0-1_UVW.uasset" 197
"../../../Engine/Content/Functions/Engine_MaterialFunctions02/UVs/BoundingBoxBased_0-1_UVW.uexp" 198
"../../../Engine/Plugins/Editor/SpeedTreeImporter/Content/SpeedTree9/SpeedTreeWind.uasset" 199
"../../../Engine/Plugins/Editor/SpeedTreeImporter/Content/SpeedTree9/SpeedTreeWind.uexp" 200
"../../../Engine/Plugins/Editor/SpeedTreeImporter/Content/SpeedTree9/Empty.uasset" 201
"../../../Engine/Plugins/Editor/SpeedTreeImporter/Content/SpeedTree9/Empty.uexp" 202
"../../../Engine/Plugins/Editor/SpeedTreeImporter/Content/SpeedTree9/EmptyNormal.uasset" 203
"../../../Engine/Plugins/Editor/SpeedTreeImporter/Content/SpeedTree9/EmptyNormal.uexp" 204
"../../../Engine/Plugins/Editor/SpeedTreeImporter/Content/SpeedTree9/SpeedTreeBillboard.uasset" 205
"../../../Engine/Plugins/Editor/SpeedTreeImporter/Content/SpeedTree9/SpeedTreeBillboard.uexp" 206
"../../../Engine/Plugins/Editor/SpeedTreeImporter/Content/SpeedTree9/SpeedTreeBillboardMaster.uasset" 207
"../../../Engine/Plugins/Editor/SpeedTreeImporter/Content/SpeedTree9/SpeedTreeBillboardMaster.uexp" 208
"../../../Engine/Plugins/Editor/SpeedTreeImporter/Content/SpeedTree9/SpeedTreeCameraFacing.uasset" 209
"../../../Engine/Plugins/Editor/SpeedTreeImporter/Content/SpeedTree9/SpeedTreeCameraFacing.uexp" 210
"../../../Engine/Plugins/Editor/SpeedTreeImporter/Content/SpeedTree9/SpeedTreeMaster.uasset" 211
"../../../Engine/Plugins/Editor/SpeedTreeImporter/Content/SpeedTree9/SpeedTreeMaster.uexp" 212
"../../../Engine/Plugins/Interchange/Assets/Content/Functions/MX_AbsorptionVDF.uasset" 213
"../../../Engine/Plugins/Interchange/Assets/Content/Functions/MX_AbsorptionVDF.uexp" 214
"../../../Engine/Plugins/Interchange/Assets/Content/Functions/MX_AnisotropicVDF.uasset" 215
"../../../Engine/Plugins/Interchange/Assets/Content/Functions/MX_AnisotropicVDF.uexp" 216
"../../../Engine/Plugins/Interchange/Assets/Content/Functions/MX_BurleyDiffuseBSDF.uasset" 217
"../../../Engine/Plugins/Interchange/Assets/Content/Functions/MX_BurleyDiffuseBSDF.uexp" 218
"../../../Engine/Plugins/Interchange/Assets/Content/Functions/MX_ConductorBSDF.uasset" 219
"../../../Engine/Plugins/Interchange/Assets/Content/Functions/MX_ConductorBSDF.uexp" 220
"../../../Engine/Plugins/Interchange/Assets/Content/Functions/MX_ConicalEDF.uasset" 221
"../../../Engine/Plugins/Interchange/Assets/Content/Functions/MX_ConicalEDF.uexp" 222
"../../../Engine/Plugins/Interchange/Assets/Content/Functions/MX_DielectricBSDF.uasset" 223
"../../../Engine/Plugins/Interchange/Assets/Content/Functions/MX_DielectricBSDF.uexp" 224
"../../../Engine/Plugins/Interchange/Assets/Content/Functions/MX_Displacement.uasset" 225
"../../../Engine/Plugins/Interchange/Assets/Content/Functions/MX_Displacement.uexp" 226
"../../../Engine/Plugins/Interchange/Assets/Content/Functions/MX_GeneralizedSchlickBSDF.uasset" 227
"../../../Engine/Plugins/Interchange/Assets/Content/Functions/MX_GeneralizedSchlickBSDF.uexp" 228
"../../../Engine/Plugins/Interchange/Assets/Content/Functions/MX_MeasuredEDF.uasset" 229
"../../../Engine/Plugins/Interchange/Assets/Content/Functions/MX_MeasuredEDF.uexp" 230
"../../../Engine/Plugins/Interchange/Assets/Content/Functions/MF_IridescenceNoLUT.uasset" 231
"../../../Engine/Plugins/Interchange/Assets/Content/Functions/MF_IridescenceNoLUT.uexp" 232
"../../../Engine/Plugins/Interchange/Assets/Content/Functions/MX_StandardSurface.uasset" 233
"../../../Engine/Plugins/Interchange/Assets/Content/Functions/MX_StandardSurface.uexp" 234
"../../../Engine/Plugins/Interchange/Assets/Content/Functions/MX_OpenPBR_Opaque.uasset" 235
"../../../Engine/Plugins/Interchange/Assets/Content/Functions/MX_OpenPBR_Opaque.uexp" 236
"../../../Engine/Plugins/Interchange/Assets/Content/Functions/MX_TransmissionSurface.uasset" 237
"../../../Engine/Plugins/Interchange/Assets/Content/Functions/MX_TransmissionSurface.uexp" 238
"../../../Engine/Plugins/Interchange/Assets/Content/Functions/MX_OpenPBR_Translucent.uasset" 239
"../../../Engine/Plugins/Interchange/Assets/Content/Functions/MX_OpenPBR_Translucent.uexp" 240
"../../../Engine/Plugins/Interchange/Assets/Content/Functions/MX_OrenNayarBSDF.uasset" 241
"../../../Engine/Plugins/Interchange/Assets/Content/Functions/MX_OrenNayarBSDF.uexp" 242
"../../../Engine/Plugins/Interchange/Assets/Content/Functions/MX_SheenBSDF.uasset" 243
"../../../Engine/Plugins/Interchange/Assets/Content/Functions/MX_SheenBSDF.uexp" 244
"../../../Engine/Plugins/Interchange/Assets/Content/Functions/MX_SubsurfaceBSDF.uasset" 245
"../../../Engine/Plugins/Interchange/Assets/Content/Functions/MX_SubsurfaceBSDF.uexp" 246
"../../../Engine/Plugins/Interchange/Assets/Content/Functions/MX_Surface.uasset" 247
"../../../Engine/Plugins/Interchange/Assets/Content/Functions/MX_Surface.uexp" 248
"../../../Engine/Plugins/Interchange/Assets/Content/Functions/MX_SurfaceUnlit.uasset" 249
"../../../Engine/Plugins/Interchange/Assets/Content/Functions/MX_SurfaceUnlit.uexp" 250
"../../../Engine/Plugins/Interchange/Assets/Content/Functions/MX_ThinFilmBSDF.uasset" 251
"../../../Engine/Plugins/Interchange/Assets/Content/Functions/MX_ThinFilmBSDF.uexp" 252
"../../../Engine/Plugins/Interchange/Assets/Content/Functions/MX_TranslucentBSDF.uasset" 253
"../../../Engine/Plugins/Interchange/Assets/Content/Functions/MX_TranslucentBSDF.uexp" 254
"../../../Engine/Plugins/Interchange/Assets/Content/Functions/MX_UniformEDF.uasset" 255
"../../../Engine/Plugins/Interchange/Assets/Content/Functions/MX_UniformEDF.uexp" 256
"../../../Engine/Plugins/Interchange/Assets/Content/Functions/MX_UsdPreviewSurface.uasset" 257
"../../../Engine/Plugins/Interchange/Assets/Content/Functions/MX_UsdPreviewSurface.uexp" 258
"../../../Engine/Plugins/Runtime/HairStrands/Content/Materials/HairCardsDefaultMaterial.uasset" 259
"../../../Engine/Plugins/Runtime/HairStrands/Content/Materials/HairCardsDefaultMaterial.uexp" 260
"../../../Engine/Content/Functions/Engine_MaterialFunctions02/Utility/MakeFloat2.uasset" 261
"../../../Engine/Content/Functions/Engine_MaterialFunctions02/Utility/MakeFloat2.uexp" 262
"../../../Engine/Plugins/Runtime/HairStrands/Content/Materials/HairGroupColors.uasset" 263
"../../../Engine/Plugins/Runtime/HairStrands/Content/Materials/HairGroupColors.uexp" 264
"../../../Engine/Content/Functions/Engine_MaterialFunctions02/Utility/MakeFloat3.uasset" 265
"../../../Engine/Content/Functions/Engine_MaterialFunctions02/Utility/MakeFloat3.uexp" 266
"../../../Engine/Content/EngineMaterials/HairDebugColor.uasset" 267
"../../../Engine/Content/EngineMaterials/HairDebugColor.uexp" 268
"../../../Engine/Content/EngineMaterials/HairColorMap.uasset" 269
"../../../Engine/Content/EngineMaterials/HairColorMap.uexp" 270
"../../../Engine/Plugins/Runtime/HairStrands/Content/Materials/HairDebugMaterial.uasset" 271
"../../../Engine/Plugins/Runtime/HairStrands/Content/Materials/HairDebugMaterial.uexp" 272
"../../../Engine/Plugins/Runtime/HairStrands/Content/Materials/HairDefaultMaterial.uasset" 273
"../../../Engine/Plugins/Runtime/HairStrands/Content/Materials/HairDefaultMaterial.uexp" 274
"../../../Engine/Plugins/Runtime/HairStrands/Content/Materials/HairMeshesDefaultMaterial.uasset" 275
"../../../Engine/Plugins/Runtime/HairStrands/Content/Materials/HairMeshesDefaultMaterial.uexp" 276
"../../../Engine/Plugins/Runtime/HDRIBackdrop/Content/Textures/approaching_storm_4k.uasset" 277
"../../../Engine/Plugins/Runtime/HDRIBackdrop/Content/Textures/approaching_storm_4k.uexp" 278
"../../../Engine/Content/EngineMaterials/T_Default_Material_Grid_M.ubulk" 279
"../../../Engine/Content/EngineMaterials/T_Default_Material_Grid_M.uasset" 280
"../../../Engine/Content/EngineMaterials/T_Default_Material_Grid_M.uexp" 281
"../../../Engine/Content/EngineMaterials/T_Default_Material_Grid_N.ubulk" 282
"../../../Engine/Content/EngineMaterials/T_Default_Material_Grid_N.uasset" 283
"../../../Engine/Content/EngineMaterials/T_Default_Material_Grid_N.uexp" 284
"../../../Engine/Content/Functions/Engine_MaterialFunctions01/Opacity/CameraDepthFade.uasset" 285
"../../../Engine/Content/Functions/Engine_MaterialFunctions01/Opacity/CameraDepthFade.uexp" 286
"../../../Engine/Content/EngineMaterials/WorldGridMaterial.uasset" 287
"../../../Engine/Content/EngineMaterials/WorldGridMaterial.uexp" 288
"../../../Engine/Plugins/Runtime/HDRIBackdrop/Content/Meshes/EnviroDome.ubulk" 289
"../../../Engine/Plugins/Runtime/HDRIBackdrop/Content/Meshes/EnviroDome.uasset" 290
"../../../Engine/Plugins/Runtime/HDRIBackdrop/Content/Meshes/EnviroDome.uexp" 291
"../../../Engine/Content/EngineResources/DefaultTextureCube.uasset" 292
"../../../Engine/Content/EngineResources/DefaultTextureCube.uexp" 293
"../../../Engine/Content/Functions/Engine_MaterialFunctions02/WorldPositionOffset/ObjectPivotPoint.uasset" 294
"../../../Engine/Content/Functions/Engine_MaterialFunctions02/WorldPositionOffset/ObjectPivotPoint.uexp" 295
"../../../Engine/Plugins/Runtime/HDRIBackdrop/Content/Materials/HDRI_Attributes.uasset" 296
"../../../Engine/Plugins/Runtime/HDRIBackdrop/Content/Materials/HDRI_Attributes.uexp" 297
"../../../Engine/Plugins/Runtime/HDRIBackdrop/Content/Materials/HDRI_Projection_Sky.uasset" 298
"../../../Engine/Plugins/Runtime/HDRIBackdrop/Content/Materials/HDRI_Projection_Sky.uexp" 299
"../../../Engine/Plugins/Runtime/HDRIBackdrop/Content/Materials/MI_HDRI_Sky.uasset" 300
"../../../Engine/Plugins/Runtime/HDRIBackdrop/Content/Materials/MI_HDRI_Sky.uexp" 301
"../../../Engine/Plugins/Runtime/HDRIBackdrop/Content/Materials/HDRI_Projection_Floor.uasset" 302
"../../../Engine/Plugins/Runtime/HDRIBackdrop/Content/Materials/HDRI_Projection_Floor.uexp" 303
"../../../Engine/Plugins/Runtime/HDRIBackdrop/Content/Materials/MI_HDRI_Floor.uasset" 304
"../../../Engine/Plugins/Runtime/HDRIBackdrop/Content/Materials/MI_HDRI_Floor.uexp" 305
"../../../Engine/Plugins/Runtime/HDRIBackdrop/Content/Blueprints/HDRIBackdrop.uasset" 306
"../../../Engine/Plugins/Runtime/HDRIBackdrop/Content/Blueprints/HDRIBackdrop.uexp" 307
"../../../Engine/Plugins/VirtualProduction/CameraCalibrationCore/Content/Materials/M_DefaultEvenSquare.uasset" 308
"../../../Engine/Plugins/VirtualProduction/CameraCalibrationCore/Content/Materials/M_DefaultEvenSquare.uexp" 309
"../../../Engine/Plugins/VirtualProduction/CameraCalibrationCore/Content/Materials/M_DefaultOddSquare.uasset" 310
"../../../Engine/Plugins/VirtualProduction/CameraCalibrationCore/Content/Materials/M_DefaultOddSquare.uexp" 311
"../../../Engine/Content/EngineDamageTypes/DmgTypeBP_Environmental.uasset" 312
"../../../Engine/Content/EngineDamageTypes/DmgTypeBP_Environmental.uexp" 313
"../../../Engine/Content/EngineDebugMaterials/DebugEditorMaterial.uasset" 314
"../../../Engine/Content/EngineDebugMaterials/DebugEditorMaterial.uexp" 315
"../../../Engine/Content/EngineDebugMaterials/DebugMeshMaterial.uasset" 316
"../../../Engine/Content/EngineDebugMaterials/DebugMeshMaterial.uexp" 317
"../../../Engine/Content/EngineDebugMaterials/M_SimpleUnlitTranslucent.uasset" 318
"../../../Engine/Content/EngineDebugMaterials/M_SimpleUnlitTranslucent.uexp" 319
"../../../Engine/Content/Functions/Engine_MaterialFunctions02/Utility/CameraDirectionVector.uasset" 320
"../../../Engine/Content/Functions/Engine_MaterialFunctions02/Utility/CameraDirectionVector.uexp" 321
"../../../Engine/Content/EngineDebugMaterials/VolumeToRender.uasset" 322
"../../../Engine/Content/EngineDebugMaterials/VolumeToRender.uexp" 323
"../../../Engine/Content/EngineDebugMaterials/M_VolumeRenderSphereTracePP.uasset" 324
"../../../Engine/Content/EngineDebugMaterials/M_VolumeRenderSphereTracePP.uexp" 325
"../../../Engine/Content/EngineMaterials/DefaultDiffuse.ubulk" 326
"../../../Engine/Content/EngineMaterials/DefaultDiffuse.uasset" 327
"../../../Engine/Content/EngineMaterials/DefaultDiffuse.uexp" 328
"../../../Engine/Content/EngineMaterials/DefaultDeferredDecalMaterial.uasset" 329
"../../../Engine/Content/EngineMaterials/DefaultDeferredDecalMaterial.uexp" 330
"../../../Engine/Content/EngineMaterials/DefaultLightFunctionMaterial.uasset" 331
"../../../Engine/Content/EngineMaterials/DefaultLightFunctionMaterial.uexp" 332
"../../../Engine/Content/Functions/Engine_MaterialFunctions02/Utility/BreakOutFloat2Components.uasset" 333
"../../../Engine/Content/Functions/Engine_MaterialFunctions02/Utility/BreakOutFloat2Components.uexp" 334
"../../../Engine/Content/EngineMaterials/DefaultPostProcessMaterial.uasset" 335
"../../../Engine/Content/EngineMaterials/DefaultPostProcessMaterial.uexp" 336
"../../../Engine/Content/EngineFonts/RobotoDistanceField.uasset" 337
"../../../Engine/Content/EngineFonts/RobotoDistanceField.uexp" 338
"../../../Engine/Content/EngineMaterials/DefaultTextMaterialOpaque.uasset" 339
"../../../Engine/Content/EngineMaterials/DefaultTextMaterialOpaque.uexp" 340
"../../../Engine/Content/EngineMaterials/DefaultWhiteGrid_Low.uasset" 341
"../../../Engine/Content/EngineMaterials/DefaultWhiteGrid_Low.uexp" 342
"../../../Engine/Content/EngineMaterials/EmissiveMeshMaterial.uasset" 343
"../../../Engine/Content/EngineMaterials/EmissiveMeshMaterial.uexp" 344
"../../../Engine/Content/EngineMaterials/BaseFlattenLinearColor.uasset" 345
"../../../Engine/Content/EngineMaterials/BaseFlattenLinearColor.uexp" 346
"../../../Engine/Content/EngineMaterials/BaseFlattenNormalMap.uasset" 347
"../../../Engine/Content/EngineMaterials/BaseFlattenNormalMap.uexp" 348
"../../../Engine/Content/Functions/Engine_MaterialFunctions02/PivotPainter2/Black_1x1_EXR_Texture.uasset" 349
"../../../Engine/Content/Functions/Engine_MaterialFunctions02/PivotPainter2/Black_1x1_EXR_Texture.uexp" 350
"../../../Engine/Content/EngineMaterials/BaseFlattenDiffuseMap.uasset" 351
"../../../Engine/Content/EngineMaterials/BaseFlattenDiffuseMap.uexp" 352
"../../../Engine/Content/EngineMaterials/BaseFlattenEmissiveMap.uasset" 353
"../../../Engine/Content/EngineMaterials/BaseFlattenEmissiveMap.uexp" 354
"../../../Engine/Content/EngineMaterials/BaseFlattenGrayscaleMap.uasset" 355
"../../../Engine/Content/EngineMaterials/BaseFlattenGrayscaleMap.uexp" 356
"../../../Engine/Content/EngineMaterials/FlattenMaterial.uasset" 357
"../../../Engine/Content/EngineMaterials/FlattenMaterial.uexp" 358
"../../../Engine/Content/EngineMaterials/BaseFlattenDiffuseMap_VT.ubulk" 359
"../../../Engine/Content/EngineMaterials/BaseFlattenDiffuseMap_VT.uasset" 360
"../../../Engine/Content/EngineMaterials/BaseFlattenDiffuseMap_VT.uexp" 361
"../../../Engine/Content/EngineMaterials/BaseFlattenEmissiveMap_VT.ubulk" 362
"../../../Engine/Content/EngineMaterials/BaseFlattenEmissiveMap_VT.uasset" 363
"../../../Engine/Content/EngineMaterials/BaseFlattenEmissiveMap_VT.uexp" 364
"../../../Engine/Content/EngineMaterials/BaseFlattenGrayscaleMap_VT.ubulk" 365
"../../../Engine/Content/EngineMaterials/BaseFlattenGrayscaleMap_VT.uasset" 366
"../../../Engine/Content/EngineMaterials/BaseFlattenGrayscaleMap_VT.uexp" 367
"../../../Engine/Content/EngineMaterials/BaseFlattenLinearColor_VT.ubulk" 368
"../../../Engine/Content/EngineMaterials/BaseFlattenLinearColor_VT.uasset" 369
"../../../Engine/Content/EngineMaterials/BaseFlattenLinearColor_VT.uexp" 370
"../../../Engine/Content/EngineMaterials/BaseFlattenNormalMap_VT.ubulk" 371
"../../../Engine/Content/EngineMaterials/BaseFlattenNormalMap_VT.uasset" 372
"../../../Engine/Content/EngineMaterials/BaseFlattenNormalMap_VT.uexp" 373
"../../../Engine/Content/EngineMaterials/Black_1x1_EXR_Texture_VT.ubulk" 374
"../../../Engine/Content/EngineMaterials/Black_1x1_EXR_Texture_VT.uasset" 375
"../../../Engine/Content/EngineMaterials/Black_1x1_EXR_Texture_VT.uexp" 376
"../../../Engine/Content/EngineMaterials/FlattenMaterial_VT.uasset" 377
"../../../Engine/Content/EngineMaterials/FlattenMaterial_VT.uexp" 378
"../../../Engine/Content/EngineMaterials/FlattenMaterial_WS_Normal_VT.uasset" 379
"../../../Engine/Content/EngineMaterials/FlattenMaterial_WS_Normal_VT.uexp" 380
"../../../Engine/Content/EngineMaterials/GizmoMaterial.uasset" 381
"../../../Engine/Content/EngineMaterials/GizmoMaterial.uexp" 382
"../../../Engine/Content/EngineMaterials/InvalidLightmapSettings.ubulk" 383
"../../../Engine/Content/EngineMaterials/InvalidLightmapSettings.uasset" 384
"../../../Engine/Content/EngineMaterials/InvalidLightmapSettings.uexp" 385
"../../../Engine/Content/EngineMaterials/M_InvalidLightmapSettings.uasset" 386
"../../../Engine/Content/EngineMaterials/M_InvalidLightmapSettings.uexp" 387
"../../../Engine/Content/EngineMaterials/NaniteHiddenSectionMaterial.uasset" 388
"../../../Engine/Content/EngineMaterials/NaniteHiddenSectionMaterial.uexp" 389
"../../../Engine/Content/Functions/Engine_MaterialFunctions02/WorldPositionOffset/CameraOffset.uasset" 390
"../../../Engine/Content/Functions/Engine_MaterialFunctions02/WorldPositionOffset/CameraOffset.uexp" 391
"../../../Engine/Content/EngineMaterials/PhAT_JointLimitMaterial.uasset" 392
"../../../Engine/Content/EngineMaterials/PhAT_JointLimitMaterial.uexp" 393
"../../../Engine/Content/EngineMaterials/DefaultCalibrationColor.uasset" 394
"../../../Engine/Content/EngineMaterials/DefaultCalibrationColor.uexp" 395
"../../../Engine/Content/EngineMaterials/PPM_DefaultCalibrationColor.uasset" 396
"../../../Engine/Content/EngineMaterials/PPM_DefaultCalibrationColor.uexp" 397
"../../../Engine/Content/EngineMaterials/DefaultCalibrationGrayscale.uasset" 398
"../../../Engine/Content/EngineMaterials/DefaultCalibrationGrayscale.uexp" 399
"../../../Engine/Content/EngineMaterials/PPM_DefaultCalibrationGrayscale.uasset" 400
"../../../Engine/Content/EngineMaterials/PPM_DefaultCalibrationGrayscale.uexp" 401
"../../../Engine/Content/EngineMaterials/RemoveSurfaceMaterial.uasset" 402
"../../../Engine/Content/EngineMaterials/RemoveSurfaceMaterial.uexp" 403
"../../../Engine/Content/EditorLandscapeResources/DefaultAlphaTexture.uasset" 404
"../../../Engine/Content/EditorLandscapeResources/DefaultAlphaTexture.uexp" 405
"../../../Engine/Content/EditorLandscapeResources/LandscapeDirtyMaterial.uasset" 406
"../../../Engine/Content/EditorLandscapeResources/LandscapeDirtyMaterial.uexp" 407
"../../../Engine/Content/Functions/Engine_MaterialFunctions01/Texturing/ScaleUVsByCenter.uasset" 408
"../../../Engine/Content/Functions/Engine_MaterialFunctions01/Texturing/ScaleUVsByCenter.uexp" 409
"../../../Engine/Content/Functions/Engine_MaterialFunctions02/WorldPositionOffset/LocalPosition.uasset" 410
"../../../Engine/Content/Functions/Engine_MaterialFunctions02/WorldPositionOffset/LocalPosition.uexp" 411
"../../../Engine/Content/Functions/Engine_MaterialFunctions02/ExampleContent/DebugNumberStrip.uasset" 412
"../../../Engine/Content/Functions/Engine_MaterialFunctions02/ExampleContent/DebugNumberStrip.uexp" 413
"../../../Engine/Content/Functions/Engine_MaterialFunctions01/Texturing/TextureCropping.uasset" 414
"../../../Engine/Content/Functions/Engine_MaterialFunctions01/Texturing/TextureCropping.uexp" 415
"../../../Engine/Content/Functions/Engine_MaterialFunctions01/Debug/DebugIntValues.uasset" 416
"../../../Engine/Content/Functions/Engine_MaterialFunctions01/Debug/DebugIntValues.uexp" 417
"../../../Engine/Content/EditorLandscapeResources/LandscapeLayerUsageMaterial.uasset" 418
"../../../Engine/Content/EditorLandscapeResources/LandscapeLayerUsageMaterial.uexp" 419
"../../../Engine/Content/EditorLandscapeResources/WhiteSquareTexture.uasset" 420
"../../../Engine/Content/EditorLandscapeResources/WhiteSquareTexture.uexp" 421
"../../../Engine/Content/EditorLandscapeResources/LayerVisMaterial.uasset" 422
"../../../Engine/Content/EditorLandscapeResources/LayerVisMaterial.uexp" 423
"../../../Engine/Content/EditorMaterials/PhAT_NoCollisionMaterial.uasset" 424
"../../../Engine/Content/EditorMaterials/PhAT_NoCollisionMaterial.uexp" 425
"../../../Engine/Content/EditorMaterials/PhAT_UnselectedMaterial.uasset" 426
"../../../Engine/Content/EditorMaterials/PhAT_UnselectedMaterial.uexp" 427
"../../../Engine/Content/EditorMaterials/PreviewShadowIndicator.ubulk" 428
"../../../Engine/Content/EditorMaterials/PreviewShadowIndicator.uasset" 429
"../../../Engine/Content/EditorMaterials/PreviewShadowIndicator.uexp" 430
"../../../Engine/Content/EditorMaterials/PreviewShadowIndicatorMaterial.uasset" 431
"../../../Engine/Content/EditorMaterials/PreviewShadowIndicatorMaterial.uexp" 432
"../../../Engine/Plugins/Animation/ControlRig/Content/M_Manip.uasset" 433
"../../../Engine/Plugins/Animation/ControlRig/Content/M_Manip.uexp" 434
"../../../Engine/Content/EngineMeshes/Sphere.ubulk" 435
"../../../Engine/Content/EngineMeshes/Sphere.uasset" 436
"../../../Engine/Content/EngineMeshes/Sphere.uexp" 437
"../../../Engine/Content/EngineResources/DefaultVolumeTexture2D.uasset" 438
"../../../Engine/Content/EngineResources/DefaultVolumeTexture2D.uexp" 439
"../../../Engine/Content/EngineResources/DefaultVolumeTexture.uasset" 440
"../../../Engine/Content/EngineResources/DefaultVolumeTexture.uexp" 441
"../../../Engine/Plugins/2D/Paper2D/Content/DefaultSpriteMaterial.uasset" 442
"../../../Engine/Plugins/2D/Paper2D/Content/DefaultSpriteMaterial.uexp" 443
"../../../Engine/Plugins/2D/Paper2D/Content/OpaqueUnlitSpriteMaterial.uasset" 444
"../../../Engine/Plugins/2D/Paper2D/Content/OpaqueUnlitSpriteMaterial.uexp" 445
"../../../Engine/Plugins/2D/Paper2D/Content/MaskedUnlitSpriteMaterial.uasset" 446
"../../../Engine/Plugins/2D/Paper2D/Content/MaskedUnlitSpriteMaterial.uexp" 447
"../../../Engine/Content/VREditor/TransformGizmo/Xray.uasset" 448
"../../../Engine/Content/VREditor/TransformGizmo/Xray.uexp" 449
"../../../Engine/Content/VREditor/TransformGizmo/Main.uasset" 450
"../../../Engine/Content/VREditor/TransformGizmo/Main.uexp" 451
"../../../Engine/Content/VREditor/TransformGizmo/SM_Sequencer_Node.ubulk" 452
"../../../Engine/Content/VREditor/TransformGizmo/SM_Sequencer_Node.uasset" 453
"../../../Engine/Content/VREditor/TransformGizmo/SM_Sequencer_Node.uexp" 454
"../../../Engine/Plugins/NNE/NNEDenoiser/Content/NNE_oidn2-3-0_rt_hdr_calb_cnrm_large__dyn__fp16_opset11_ForwardAlpha.uasset" 455
"../../../Engine/Plugins/NNE/NNEDenoiser/Content/NNE_oidn2-3-0_rt_hdr_calb_cnrm_large__dyn__fp16_opset11_ForwardAlpha.uexp" 456
"../../../Engine/Plugins/NNE/NNEDenoiser/Content/NNE_oidn2-3-0_rt_hdr_calb_cnrm_large__dyn__fp16_opset11_DenoiseAlpha.uasset" 457
"../../../Engine/Plugins/NNE/NNEDenoiser/Content/NNE_oidn2-3-0_rt_hdr_calb_cnrm_large__dyn__fp16_opset11_DenoiseAlpha.uexp" 458
"../../../Engine/Plugins/NNE/NNEDenoiser/Content/NNE_oidn2-3-0_rt_hdr_alb_nrm__dyn__fp16_opset11_ForwardAlpha.uasset" 459
"../../../Engine/Plugins/NNE/NNEDenoiser/Content/NNE_oidn2-3-0_rt_hdr_alb_nrm__dyn__fp16_opset11_ForwardAlpha.uexp" 460
"../../../Engine/Plugins/NNE/NNEDenoiser/Content/NNE_oidn2-3-0_rt_hdr_alb_nrm__dyn__fp16_opset11_DenoiseAlpha.uasset" 461
"../../../Engine/Plugins/NNE/NNEDenoiser/Content/NNE_oidn2-3-0_rt_hdr_alb_nrm__dyn__fp16_opset11_DenoiseAlpha.uexp" 462
"../../../Engine/Plugins/NNE/NNEDenoiser/Content/NNE_oidn2-3-0_rt_hdr_alb_nrm_small__dyn__fp16_opset11_ForwardAlpha.uasset" 463
"../../../Engine/Plugins/NNE/NNEDenoiser/Content/NNE_oidn2-3-0_rt_hdr_alb_nrm_small__dyn__fp16_opset11_ForwardAlpha.uexp" 464
"../../../Engine/Plugins/NNE/NNEDenoiser/Content/NNE_oidn2-3-0_rt_hdr_alb_nrm_small__dyn__fp16_opset11_DenoiseAlpha.uasset" 465
"../../../Engine/Plugins/NNE/NNEDenoiser/Content/NNE_oidn2-3-0_rt_hdr_alb_nrm_small__dyn__fp16_opset11_DenoiseAlpha.uexp" 466
"../../../Engine/Plugins/Media/MediaPlate/Content/SM_MediaPlateScreen.ubulk" 467
"../../../Engine/Plugins/Media/MediaPlate/Content/SM_MediaPlateScreen.uasset" 468
"../../../Engine/Plugins/Media/MediaPlate/Content/SM_MediaPlateScreen.uexp" 469
"../../../Engine/Content/EngineMaterials/DefaultMaterial.uasset" 470
"../../../Engine/Content/EngineMaterials/DefaultMaterial.uexp" 471
"../../../Engine/Content/BasicShapes/Cone.ubulk" 472
"../../../Engine/Content/BasicShapes/Cone.uasset" 473
"../../../Engine/Content/BasicShapes/Cone.uexp" 474
"../../../Engine/Content/EditorLandscapeResources/SplineEditorMeshMat.uasset" 475
"../../../Engine/Content/EditorLandscapeResources/SplineEditorMeshMat.uexp" 476
"../../../Engine/Content/EditorLandscapeResources/SplineEditorMesh.ubulk" 477
"../../../Engine/Content/EditorLandscapeResources/SplineEditorMesh.uasset" 478
"../../../Engine/Content/EditorLandscapeResources/SplineEditorMesh.uexp" 479
"../../../Engine/Content/Functions/Engine_MaterialFunctions03/Math/WithinRangeFloat2.uasset" 480
"../../../Engine/Content/Functions/Engine_MaterialFunctions03/Math/WithinRangeFloat2.uexp" 481
"../../../Engine/Content/EditorLandscapeResources/SelectBrushMaterial.uasset" 482
"../../../Engine/Content/EditorLandscapeResources/SelectBrushMaterial.uexp" 483
"../../../Engine/Content/EditorLandscapeResources/SelectBrushMaterial_SelectedRegion.uasset" 484
"../../../Engine/Content/EditorLandscapeResources/SelectBrushMaterial_SelectedRegion.uexp" 485
"../../../Engine/Content/EditorLandscapeResources/SelectBrushMaterial_Selected.uasset" 486
"../../../Engine/Content/EditorLandscapeResources/SelectBrushMaterial_Selected.uexp" 487
"../../../Engine/Content/EditorLandscapeResources/MaskBrushMaterial.uasset" 488
"../../../Engine/Content/EditorLandscapeResources/MaskBrushMaterial.uexp" 489
"../../../Engine/Content/EditorLandscapeResources/MaskBrushMaterial_MaskedRegion.uasset" 490
"../../../Engine/Content/EditorLandscapeResources/MaskBrushMaterial_MaskedRegion.uexp" 491
"../../../Engine/Content/EditorLandscapeResources/ColorMaskBrushMaterial.uasset" 492
"../../../Engine/Content/EditorLandscapeResources/ColorMaskBrushMaterial.uexp" 493
"../../../Engine/Content/EditorLandscapeResources/ColorMaskBrushMaterial_MaskedRegion.uasset" 494
"../../../Engine/Content/EditorLandscapeResources/ColorMaskBrushMaterial_MaskedRegion.uexp" 495
"../../../Engine/Content/EngineResources/LandscapeVisibilityLayerInfo.uasset" 496
"../../../Engine/Content/EngineResources/LandscapeVisibilityLayerInfo.uexp" 497
"../../../Engine/Content/EngineResources/WhiteSquareTexture.uasset" 498
"../../../Engine/Content/EngineResources/WhiteSquareTexture.uexp" 499
"../../../Engine/Content/EngineMaterials/Widget3DPassThrough.uasset" 500
"../../../Engine/Content/EngineMaterials/Widget3DPassThrough.uexp" 501
"../../../Engine/Content/EngineMaterials/Widget3DPassThrough_Translucent.uasset" 502
"../../../Engine/Content/EngineMaterials/Widget3DPassThrough_Translucent.uexp" 503
"../../../Engine/Content/EngineMaterials/Widget3DPassThrough_Translucent_OneSided.uasset" 504
"../../../Engine/Content/EngineMaterials/Widget3DPassThrough_Translucent_OneSided.uexp" 505
"../../../Engine/Content/EngineMaterials/Widget3DPassThrough_Opaque.uasset" 506
"../../../Engine/Content/EngineMaterials/Widget3DPassThrough_Opaque.uexp" 507
"../../../Engine/Content/EngineMaterials/Widget3DPassThrough_Opaque_OneSided.uasset" 508
"../../../Engine/Content/EngineMaterials/Widget3DPassThrough_Opaque_OneSided.uexp" 509
"../../../Engine/Content/EngineMaterials/Widget3DPassThrough_Masked_OneSided.uasset" 510
"../../../Engine/Content/EngineMaterials/Widget3DPassThrough_Masked_OneSided.uexp" 511
"../../../Engine/Content/EngineMaterials/WeightMapPlaceholderTexture.uasset" 512
"../../../Engine/Content/EngineMaterials/WeightMapPlaceholderTexture.uexp" 513
"../../../Engine/Content/EngineMaterials/WeightMapArrayPlaceholderTexture.uasset" 514
"../../../Engine/Content/EngineMaterials/WeightMapArrayPlaceholderTexture.uexp" 515
"../../../Engine/Plugins/Animation/ControlRig/Content/Controls/ControlRig_Wedge_solid.ubulk" 516
"../../../Engine/Plugins/Animation/ControlRig/Content/Controls/ControlRig_Wedge_solid.uasset" 517
"../../../Engine/Plugins/Animation/ControlRig/Content/Controls/ControlRig_Wedge_solid.uexp" 518
"../../../Engine/Plugins/Animation/ControlRig/Content/Controls/ControlRig_Wedge_3mm.ubulk" 519
"../../../Engine/Plugins/Animation/ControlRig/Content/Controls/ControlRig_Wedge_3mm.uasset" 520
"../../../Engine/Plugins/Animation/ControlRig/Content/Controls/ControlRig_Wedge_3mm.uexp" 521
"../../../Engine/Plugins/Animation/ControlRig/Content/Controls/ControlRig_Wedge_1mm.ubulk" 522
"../../../Engine/Plugins/Animation/ControlRig/Content/Controls/ControlRig_Wedge_1mm.uasset" 523
"../../../Engine/Plugins/Animation/ControlRig/Content/Controls/ControlRig_Wedge_1mm.uexp" 524
"../../../Engine/Plugins/Animation/ControlRig/Content/Controls/ControlRig_Triangle_solid.ubulk" 525
"../../../Engine/Plugins/Animation/ControlRig/Content/Controls/ControlRig_Triangle_solid.uasset" 526
"../../../Engine/Plugins/Animation/ControlRig/Content/Controls/ControlRig_Triangle_solid.uexp" 527
"../../../Engine/Plugins/Animation/ControlRig/Content/Controls/ControlRig_Triangle_3mm.ubulk" 528
"../../../Engine/Plugins/Animation/ControlRig/Content/Controls/ControlRig_Triangle_3mm.uasset" 529
"../../../Engine/Plugins/Animation/ControlRig/Content/Controls/ControlRig_Triangle_3mm.uexp" 530
"../../../Engine/Plugins/Animation/ControlRig/Content/Controls/ControlRig_Triangle_1mm.ubulk" 531
"../../../Engine/Plugins/Animation/ControlRig/Content/Controls/ControlRig_Triangle_1mm.uasset" 532
"../../../Engine/Plugins/Animation/ControlRig/Content/Controls/ControlRig_Triangle_1mm.uexp" 533
"../../../Engine/Plugins/Animation/ControlRig/Content/Controls/ControlRig_Star4_solid.ubulk" 534
"../../../Engine/Plugins/Animation/ControlRig/Content/Controls/ControlRig_Star4_solid.uasset" 535
"../../../Engine/Plugins/Animation/ControlRig/Content/Controls/ControlRig_Star4_solid.uexp" 536
"../../../Engine/Plugins/Animation/ControlRig/Content/Controls/ControlRig_Star4_3mm.ubulk" 537
"../../../Engine/Plugins/Animation/ControlRig/Content/Controls/ControlRig_Star4_3mm.uasset" 538
"../../../Engine/Plugins/Animation/ControlRig/Content/Controls/ControlRig_Star4_3mm.uexp" 539
"../../../Engine/Plugins/Animation/ControlRig/Content/Controls/ControlRig_Star4_1mm.ubulk" 540
"../../../Engine/Plugins/Animation/ControlRig/Content/Controls/ControlRig_Star4_1mm.uasset" 541
"../../../Engine/Plugins/Animation/ControlRig/Content/Controls/ControlRig_Star4_1mm.uexp" 542
"../../../Engine/Plugins/Animation/ControlRig/Content/Controls/ControlRig_Square_solid.ubulk" 543
"../../../Engine/Plugins/Animation/ControlRig/Content/Controls/ControlRig_Square_solid.uasset" 544
"../../../Engine/Plugins/Animation/ControlRig/Content/Controls/ControlRig_Square_solid.uexp" 545
"../../../Engine/Plugins/Animation/ControlRig/Content/Controls/ControlRig_Square_3mm.ubulk" 546
"../../../Engine/Plugins/Animation/ControlRig/Content/Controls/ControlRig_Square_3mm.uasset" 547
"../../../Engine/Plugins/Animation/ControlRig/Content/Controls/ControlRig_Square_3mm.uexp" 548
"../../../Engine/Plugins/Animation/ControlRig/Content/Controls/ControlRig_Square_1mm.ubulk" 549
"../../../Engine/Plugins/Animation/ControlRig/Content/Controls/ControlRig_Square_1mm.uasset" 550
"../../../Engine/Plugins/Animation/ControlRig/Content/Controls/ControlRig_Square_1mm.uexp" 551
"../../../Engine/Plugins/Animation/ControlRig/Content/Controls/ControlRig_Sphere_solid.ubulk" 552
"../../../Engine/Plugins/Animation/ControlRig/Content/Controls/ControlRig_Sphere_solid.uasset" 553
"../../../Engine/Plugins/Animation/ControlRig/Content/Controls/ControlRig_Sphere_solid.uexp" 554
"../../../Engine/Plugins/Animation/ControlRig/Content/Controls/ControlRig_Sphere_3mm.ubulk" 555
"../../../Engine/Plugins/Animation/ControlRig/Content/Controls/ControlRig_Sphere_3mm.uasset" 556
"../../../Engine/Plugins/Animation/ControlRig/Content/Controls/ControlRig_Sphere_3mm.uexp" 557
"../../../Engine/Plugins/Animation/ControlRig/Content/Controls/ControlRig_Sphere_1mm.ubulk" 558
"../../../Engine/Plugins/Animation/ControlRig/Content/Controls/ControlRig_Sphere_1mm.uasset" 559
"../../../Engine/Plugins/Animation/ControlRig/Content/Controls/ControlRig_Sphere_1mm.uexp" 560
"../../../Engine/Plugins/Animation/ControlRig/Content/Controls/ControlRig_RoundedTriangle_solid.ubulk" 561
"../../../Engine/Plugins/Animation/ControlRig/Content/Controls/ControlRig_RoundedTriangle_solid.uasset" 562
"../../../Engine/Plugins/Animation/ControlRig/Content/Controls/ControlRig_RoundedTriangle_solid.uexp" 563
"../../../Engine/Plugins/Animation/ControlRig/Content/Controls/ControlRig_RoundedTriangle_3mm.ubulk" 564
"../../../Engine/Plugins/Animation/ControlRig/Content/Controls/ControlRig_RoundedTriangle_3mm.uasset" 565
"../../../Engine/Plugins/Animation/ControlRig/Content/Controls/ControlRig_RoundedTriangle_3mm.uexp" 566
"../../../Engine/Plugins/Animation/ControlRig/Content/Controls/ControlRig_RoundedTriangle_1mm.ubulk" 567
"../../../Engine/Plugins/Animation/ControlRig/Content/Controls/ControlRig_RoundedTriangle_1mm.uasset" 568
"../../../Engine/Plugins/Animation/ControlRig/Content/Controls/ControlRig_RoundedTriangle_1mm.uexp" 569
"../../../Engine/Plugins/Animation/ControlRig/Content/Controls/ControlRig_RoundedSquare_solid.ubulk" 570
"../../../Engine/Plugins/Animation/ControlRig/Content/Controls/ControlRig_RoundedSquare_solid.uasset" 571
"../../../Engine/Plugins/Animation/ControlRig/Content/Controls/ControlRig_RoundedSquare_solid.uexp" 572
"../../../Engine/Plugins/Animation/ControlRig/Content/Controls/ControlRig_RoundedSquare_3mm.ubulk" 573
"../../../Engine/Plugins/Animation/ControlRig/Content/Controls/ControlRig_RoundedSquare_3mm.uasset" 574
"../../../Engine/Plugins/Animation/ControlRig/Content/Controls/ControlRig_RoundedSquare_3mm.uexp" 575
"../../../Engine/Plugins/Animation/ControlRig/Content/Controls/ControlRig_RoundedSquare_1mm.ubulk" 576
"../../../Engine/Plugins/Animation/ControlRig/Content/Controls/ControlRig_RoundedSquare_1mm.uasset" 577
"../../../Engine/Plugins/Animation/ControlRig/Content/Controls/ControlRig_RoundedSquare_1mm.uexp" 578
"../../../Engine/Plugins/Animation/ControlRig/Content/Controls/ControlRig_QuarterCircle_solid.ubulk" 579
"../../../Engine/Plugins/Animation/ControlRig/Content/Controls/ControlRig_QuarterCircle_solid.uasset" 580
"../../../Engine/Plugins/Animation/ControlRig/Content/Controls/ControlRig_QuarterCircle_solid.uexp" 581
"../../../Engine/Plugins/Animation/ControlRig/Content/Controls/ControlRig_QuarterCircle_3mm.ubulk" 582
"../../../Engine/Plugins/Animation/ControlRig/Content/Controls/ControlRig_QuarterCircle_3mm.uasset" 583
"../../../Engine/Plugins/Animation/ControlRig/Content/Controls/ControlRig_QuarterCircle_3mm.uexp" 584
"../../../Engine/Plugins/Animation/ControlRig/Content/Controls/ControlRig_QuarterCircle_1mm.ubulk" 585
"../../../Engine/Plugins/Animation/ControlRig/Content/Controls/ControlRig_QuarterCircle_1mm.uasset" 586
"../../../Engine/Plugins/Animation/ControlRig/Content/Controls/ControlRig_QuarterCircle_1mm.uexp" 587
"../../../Engine/Plugins/Animation/ControlRig/Content/Controls/ControlRig_Pyramid_solid.ubulk" 588
"../../../Engine/Plugins/Animation/ControlRig/Content/Controls/ControlRig_Pyramid_solid.uasset" 589
"../../../Engine/Plugins/Animation/ControlRig/Content/Controls/ControlRig_Pyramid_solid.uexp" 590
"../../../Engine/Plugins/Animation/ControlRig/Content/Controls/ControlRig_Pyramid_3mm.ubulk" 591
"../../../Engine/Plugins/Animation/ControlRig/Content/Controls/ControlRig_Pyramid_3mm.uasset" 592
"../../../Engine/Plugins/Animation/ControlRig/Content/Controls/ControlRig_Pyramid_3mm.uexp" 593
"../../../Engine/Plugins/Animation/ControlRig/Content/Controls/ControlRig_Pyramid_1mm.ubulk" 594
"../../../Engine/Plugins/Animation/ControlRig/Content/Controls/ControlRig_Pyramid_1mm.uasset" 595
"../../../Engine/Plugins/Animation/ControlRig/Content/Controls/ControlRig_Pyramid_1mm.uexp" 596
"../../../Engine/Plugins/Animation/ControlRig/Content/Controls/ControlRig_Octagon_solid.ubulk" 597
"../../../Engine/Plugins/Animation/ControlRig/Content/Controls/ControlRig_Octagon_solid.uasset" 598
"../../../Engine/Plugins/Animation/ControlRig/Content/Controls/ControlRig_Octagon_solid.uexp" 599
"../../../Engine/Plugins/Animation/ControlRig/Content/Controls/ControlRig_Octagon_3mm.ubulk" 600
"../../../Engine/Plugins/Animation/ControlRig/Content/Controls/ControlRig_Octagon_3mm.uasset" 601
"../../../Engine/Plugins/Animation/ControlRig/Content/Controls/ControlRig_Octagon_3mm.uexp" 602
"../../../Engine/Plugins/Animation/ControlRig/Content/Controls/ControlRig_Octagon_1mm.ubulk" 603
"../../../Engine/Plugins/Animation/ControlRig/Content/Controls/ControlRig_Octagon_1mm.uasset" 604
"../../../Engine/Plugins/Animation/ControlRig/Content/Controls/ControlRig_Octagon_1mm.uexp" 605
"../../../Engine/Plugins/Animation/ControlRig/Content/Controls/ControlRig_Hexagon_solid.ubulk" 606
"../../../Engine/Plugins/Animation/ControlRig/Content/Controls/ControlRig_Hexagon_solid.uasset" 607
"../../../Engine/Plugins/Animation/ControlRig/Content/Controls/ControlRig_Hexagon_solid.uexp" 608
"../../../Engine/Plugins/Animation/ControlRig/Content/Controls/ControlRig_Hexagon_3mm.ubulk" 609
"../../../Engine/Plugins/Animation/ControlRig/Content/Controls/ControlRig_Hexagon_3mm.uasset" 610
"../../../Engine/Plugins/Animation/ControlRig/Content/Controls/ControlRig_Hexagon_3mm.uexp" 611
"../../../Engine/Plugins/Animation/ControlRig/Content/Controls/ControlRig_Hexagon_1mm.ubulk" 612
"../../../Engine/Plugins/Animation/ControlRig/Content/Controls/ControlRig_Hexagon_1mm.uasset" 613
"../../../Engine/Plugins/Animation/ControlRig/Content/Controls/ControlRig_Hexagon_1mm.uexp" 614
"../../../Engine/Plugins/Animation/ControlRig/Content/Controls/ControlRig_HalfCircle_solid.ubulk" 615
"../../../Engine/Plugins/Animation/ControlRig/Content/Controls/ControlRig_HalfCircle_solid.uasset" 616
"../../../Engine/Plugins/Animation/ControlRig/Content/Controls/ControlRig_HalfCircle_solid.uexp" 617
"../../../Engine/Plugins/Animation/ControlRig/Content/Controls/ControlRig_HalfCircle_3mm.ubulk" 618
"../../../Engine/Plugins/Animation/ControlRig/Content/Controls/ControlRig_HalfCircle_3mm.uasset" 619
"../../../Engine/Plugins/Animation/ControlRig/Content/Controls/ControlRig_HalfCircle_3mm.uexp" 620
"../../../Engine/Plugins/Animation/ControlRig/Content/Controls/ControlRig_HalfCircle_1mm.ubulk" 621
"../../../Engine/Plugins/Animation/ControlRig/Content/Controls/ControlRig_HalfCircle_1mm.uasset" 622
"../../../Engine/Plugins/Animation/ControlRig/Content/Controls/ControlRig_HalfCircle_1mm.uexp" 623
"../../../Engine/Plugins/Animation/ControlRig/Content/Controls/ControlRig_Diamond_3mm.ubulk" 624
"../../../Engine/Plugins/Animation/ControlRig/Content/Controls/ControlRig_Diamond_3mm.uasset" 625
"../../../Engine/Plugins/Animation/ControlRig/Content/Controls/ControlRig_Diamond_3mm.uexp" 626
"../../../Engine/Plugins/Animation/ControlRig/Content/Controls/ControlRig_Diamond_1mm.ubulk" 627
"../../../Engine/Plugins/Animation/ControlRig/Content/Controls/ControlRig_Diamond_1mm.uasset" 628
"../../../Engine/Plugins/Animation/ControlRig/Content/Controls/ControlRig_Diamond_1mm.uexp" 629
"../../../Engine/Plugins/Animation/ControlRig/Content/Controls/ControlRig_Circle_solid.ubulk" 630
"../../../Engine/Plugins/Animation/ControlRig/Content/Controls/ControlRig_Circle_solid.uasset" 631
"../../../Engine/Plugins/Animation/ControlRig/Content/Controls/ControlRig_Circle_solid.uexp" 632
"../../../Engine/Plugins/Animation/ControlRig/Content/Controls/ControlRig_Circle_3mm.ubulk" 633
"../../../Engine/Plugins/Animation/ControlRig/Content/Controls/ControlRig_Circle_3mm.uasset" 634
"../../../Engine/Plugins/Animation/ControlRig/Content/Controls/ControlRig_Circle_3mm.uexp" 635
"../../../Engine/Plugins/Animation/ControlRig/Content/Controls/ControlRig_Circle_1mm.ubulk" 636
"../../../Engine/Plugins/Animation/ControlRig/Content/Controls/ControlRig_Circle_1mm.uasset" 637
"../../../Engine/Plugins/Animation/ControlRig/Content/Controls/ControlRig_Circle_1mm.uexp" 638
"../../../Engine/Plugins/Animation/ControlRig/Content/Controls/ControlRig_Box_solid.ubulk" 639
"../../../Engine/Plugins/Animation/ControlRig/Content/Controls/ControlRig_Box_solid.uasset" 640
"../../../Engine/Plugins/Animation/ControlRig/Content/Controls/ControlRig_Box_solid.uexp" 641
"../../../Engine/Plugins/Animation/ControlRig/Content/Controls/ControlRig_Box_3mm.ubulk" 642
"../../../Engine/Plugins/Animation/ControlRig/Content/Controls/ControlRig_Box_3mm.uasset" 643
"../../../Engine/Plugins/Animation/ControlRig/Content/Controls/ControlRig_Box_3mm.uexp" 644
"../../../Engine/Plugins/Animation/ControlRig/Content/Controls/ControlRig_Box_1mm.ubulk" 645
"../../../Engine/Plugins/Animation/ControlRig/Content/Controls/ControlRig_Box_1mm.uasset" 646
"../../../Engine/Plugins/Animation/ControlRig/Content/Controls/ControlRig_Box_1mm.uexp" 647
"../../../Engine/Plugins/Animation/ControlRig/Content/Controls/ControlRig_Arrow_solid.ubulk" 648
"../../../Engine/Plugins/Animation/ControlRig/Content/Controls/ControlRig_Arrow_solid.uasset" 649
"../../../Engine/Plugins/Animation/ControlRig/Content/Controls/ControlRig_Arrow_solid.uexp" 650
"../../../Engine/Plugins/Animation/ControlRig/Content/Controls/ControlRig_Arrow_3mm.ubulk" 651
"../../../Engine/Plugins/Animation/ControlRig/Content/Controls/ControlRig_Arrow_3mm.uasset" 652
"../../../Engine/Plugins/Animation/ControlRig/Content/Controls/ControlRig_Arrow_3mm.uexp" 653
"../../../Engine/Plugins/Animation/ControlRig/Content/Controls/ControlRig_Arrow_1mm.ubulk" 654
"../../../Engine/Plugins/Animation/ControlRig/Content/Controls/ControlRig_Arrow_1mm.uasset" 655
"../../../Engine/Plugins/Animation/ControlRig/Content/Controls/ControlRig_Arrow_1mm.uexp" 656
"../../../Engine/Plugins/Animation/ControlRig/Content/Controls/ControlRig_Arrow4_solid.ubulk" 657
"../../../Engine/Plugins/Animation/ControlRig/Content/Controls/ControlRig_Arrow4_solid.uasset" 658
"../../../Engine/Plugins/Animation/ControlRig/Content/Controls/ControlRig_Arrow4_solid.uexp" 659
"../../../Engine/Plugins/Animation/ControlRig/Content/Controls/ControlRig_Arrow4_3mm.ubulk" 660
"../../../Engine/Plugins/Animation/ControlRig/Content/Controls/ControlRig_Arrow4_3mm.uasset" 661
"../../../Engine/Plugins/Animation/ControlRig/Content/Controls/ControlRig_Arrow4_3mm.uexp" 662
"../../../Engine/Plugins/Animation/ControlRig/Content/Controls/ControlRig_Arrow4_1mm.ubulk" 663
"../../../Engine/Plugins/Animation/ControlRig/Content/Controls/ControlRig_Arrow4_1mm.uasset" 664
"../../../Engine/Plugins/Animation/ControlRig/Content/Controls/ControlRig_Arrow4_1mm.uexp" 665
"../../../Engine/Plugins/Animation/ControlRig/Content/Controls/ControlRig_Arrow2_solid.ubulk" 666
"../../../Engine/Plugins/Animation/ControlRig/Content/Controls/ControlRig_Arrow2_solid.uasset" 667
"../../../Engine/Plugins/Animation/ControlRig/Content/Controls/ControlRig_Arrow2_solid.uexp" 668
"../../../Engine/Plugins/Animation/ControlRig/Content/Controls/ControlRig_Arrow2_3mm.ubulk" 669
"../../../Engine/Plugins/Animation/ControlRig/Content/Controls/ControlRig_Arrow2_3mm.uasset" 670
"../../../Engine/Plugins/Animation/ControlRig/Content/Controls/ControlRig_Arrow2_3mm.uexp" 671
"../../../Engine/Plugins/Animation/ControlRig/Content/Controls/ControlRig_Arrow2_1mm.ubulk" 672
"../../../Engine/Plugins/Animation/ControlRig/Content/Controls/ControlRig_Arrow2_1mm.uasset" 673
"../../../Engine/Plugins/Animation/ControlRig/Content/Controls/ControlRig_Arrow2_1mm.uexp" 674
"../../../Engine/Content/EditorMaterials/Camera/CineMat.uasset" 675
"../../../Engine/Content/EditorMaterials/Camera/CineMat.uexp" 676
"../../../Engine/Content/EditorMaterials/Camera/MI_CineMat_Rig.uasset" 677
"../../../Engine/Content/EditorMaterials/Camera/MI_CineMat_Rig.uexp" 678
"../../../Engine/Content/EditorMeshes/Camera/SM_RailRig_Track.ubulk" 679
"../../../Engine/Content/EditorMeshes/Camera/SM_RailRig_Track.uasset" 680
"../../../Engine/Content/EditorMeshes/Camera/SM_RailRig_Track.uexp" 681
"../../../Engine/Content/EditorMeshes/Camera/SM_RailRig_Mount.ubulk" 682
"../../../Engine/Content/EditorMeshes/Camera/SM_RailRig_Mount.uasset" 683
"../../../Engine/Content/EditorMeshes/Camera/SM_RailRig_Mount.uexp" 684
"../../../Engine/Content/EditorMeshes/Camera/SM_CraneRig_Mount.ubulk" 685
"../../../Engine/Content/EditorMeshes/Camera/SM_CraneRig_Mount.uasset" 686
"../../../Engine/Content/EditorMeshes/Camera/SM_CraneRig_Mount.uexp" 687
"../../../Engine/Content/EditorMeshes/Camera/SM_CraneRig_Body.ubulk" 688
"../../../Engine/Content/EditorMeshes/Camera/SM_CraneRig_Body.uasset" 689
"../../../Engine/Content/EditorMeshes/Camera/SM_CraneRig_Body.uexp" 690
"../../../Engine/Content/EditorMeshes/Camera/SM_CraneRig_Base.ubulk" 691
"../../../Engine/Content/EditorMeshes/Camera/SM_CraneRig_Base.uasset" 692
"../../../Engine/Content/EditorMeshes/Camera/SM_CraneRig_Base.uexp" 693
"../../../Engine/Content/EditorMeshes/Camera/SM_CraneRig_Arm.ubulk" 694
"../../../Engine/Content/EditorMeshes/Camera/SM_CraneRig_Arm.uasset" 695
"../../../Engine/Content/EditorMeshes/Camera/SM_CraneRig_Arm.uexp" 696
"../../../Engine/Content/VREditor/TransformGizmo/TranslucentTransformGizmoMaterial.uasset" 697
"../../../Engine/Content/VREditor/TransformGizmo/TranslucentTransformGizmoMaterial.uexp" 698
"../../../Engine/Content/VREditor/LaserPointer/VR_LaserPower_01.ubulk" 699
"../../../Engine/Content/VREditor/LaserPointer/VR_LaserPower_01.uasset" 700
"../../../Engine/Content/VREditor/LaserPointer/VR_LaserPower_01.uexp" 701
"../../../Engine/Content/VREditor/TransformGizmo/TransformGizmoMaterial.uasset" 702
"../../../Engine/Content/VREditor/TransformGizmo/TransformGizmoMaterial.uexp" 703
"../../../Engine/Content/VREditor/TransformGizmo/BoundingBoxEdge.ubulk" 704
"../../../Engine/Content/VREditor/TransformGizmo/BoundingBoxEdge.uasset" 705
"../../../Engine/Content/VREditor/TransformGizmo/BoundingBoxEdge.uexp" 706
"../../../Engine/Content/VREditor/TransformGizmo/BoundingBoxCorner.ubulk" 707
"../../../Engine/Content/VREditor/TransformGizmo/BoundingBoxCorner.uasset" 708
"../../../Engine/Content/VREditor/TransformGizmo/BoundingBoxCorner.uexp" 709
"../../../Engine/Plugins/Interchange/Assets/Content/gltf/Textures/T_White_srgb.uasset" 710
"../../../Engine/Plugins/Interchange/Assets/Content/gltf/Textures/T_White_srgb.uexp" 711
"../../../Engine/Plugins/Interchange/Assets/Content/gltf/MaterialFunctions/MF_BaseColor.uasset" 712
"../../../Engine/Plugins/Interchange/Assets/Content/gltf/MaterialFunctions/MF_BaseColor.uexp" 713
"../../../Engine/Plugins/Interchange/Assets/Content/gltf/MaterialFunctions/MF_RotateV2.uasset" 714
"../../../Engine/Plugins/Interchange/Assets/Content/gltf/MaterialFunctions/MF_RotateV2.uexp" 715
"../../../Engine/Plugins/Interchange/Assets/Content/gltf/MaterialFunctions/MF_TransformUVs.uasset" 716
"../../../Engine/Plugins/Interchange/Assets/Content/gltf/MaterialFunctions/MF_TransformUVs.uexp" 717
"../../../Engine/Plugins/Interchange/Assets/Content/gltf/MaterialBodies/MF_Unlit_Body.uasset" 718
"../../../Engine/Plugins/Interchange/Assets/Content/gltf/MaterialBodies/MF_Unlit_Body.uexp" 719
"../../../Engine/Plugins/Interchange/Assets/Content/gltf/M_Unlit.uasset" 720
"../../../Engine/Plugins/Interchange/Assets/Content/gltf/M_Unlit.uexp" 721
"../../../Engine/Plugins/Interchange/Assets/Content/gltf/MaterialInstances/MI_Unlit_Opaque_DS.uasset" 722
"../../../Engine/Plugins/Interchange/Assets/Content/gltf/MaterialInstances/MI_Unlit_Opaque_DS.uexp" 723
"../../../Engine/Plugins/Interchange/Assets/Content/gltf/MaterialInstances/MI_Unlit_Opaque.uasset" 724
"../../../Engine/Plugins/Interchange/Assets/Content/gltf/MaterialInstances/MI_Unlit_Opaque.uexp" 725
"../../../Engine/Plugins/Interchange/Assets/Content/gltf/MaterialInstances/MI_Unlit_Mask_DS.uasset" 726
"../../../Engine/Plugins/Interchange/Assets/Content/gltf/MaterialInstances/MI_Unlit_Mask_DS.uexp" 727
"../../../Engine/Plugins/Interchange/Assets/Content/gltf/MaterialInstances/MI_Unlit_Mask.uasset" 728
"../../../Engine/Plugins/Interchange/Assets/Content/gltf/MaterialInstances/MI_Unlit_Mask.uexp" 729
"../../../Engine/Plugins/Interchange/Assets/Content/gltf/MaterialInstances/MI_Unlit_Blend_DS.uasset" 730
"../../../Engine/Plugins/Interchange/Assets/Content/gltf/MaterialInstances/MI_Unlit_Blend_DS.uexp" 731
"../../../Engine/Plugins/Interchange/Assets/Content/gltf/MaterialInstances/MI_Unlit_Blend.uasset" 732
"../../../Engine/Plugins/Interchange/Assets/Content/gltf/MaterialInstances/MI_Unlit_Blend.uexp" 733
"../../../Engine/Content/EngineMaterials/Good64x64TilingNoiseHighFreq.uasset" 734
"../../../Engine/Content/EngineMaterials/Good64x64TilingNoiseHighFreq.uexp" 735
"../../../Engine/Content/Functions/Engine_MaterialFunctions02/Texturing/ScreenAlignedPixelToPixelUVs.uasset" 736
"../../../Engine/Content/Functions/Engine_MaterialFunctions02/Texturing/ScreenAlignedPixelToPixelUVs.uexp" 737
"../../../Engine/Plugins/Interchange/Assets/Content/Utilities/New_LUT.uasset" 738
"../../../Engine/Plugins/Interchange/Assets/Content/Utilities/New_LUT.uexp" 739
"../../../Engine/Content/Functions/Engine_MaterialFunctions03/Math/RemapValueRange.uasset" 740
"../../../Engine/Content/Functions/Engine_MaterialFunctions03/Math/RemapValueRange.uexp" 741
"../../../Engine/Plugins/Interchange/Assets/Content/Functions/MF_Iridescence.uasset" 742
"../../../Engine/Plugins/Interchange/Assets/Content/Functions/MF_Iridescence.uexp" 743
"../../../Engine/Content/Functions/Engine_MaterialFunctions02/Math/Transform3x3Matrix.uasset" 744
"../../../Engine/Content/Functions/Engine_MaterialFunctions02/Math/Transform3x3Matrix.uexp" 745
"../../../Engine/Plugins/Interchange/Assets/Content/gltf/MaterialFunctions/MF_Fresnel_DS.uasset" 746
"../../../Engine/Plugins/Interchange/Assets/Content/gltf/MaterialFunctions/MF_Fresnel_DS.uexp" 747
"../../../Engine/Plugins/Interchange/Assets/Content/gltf/MaterialFunctions/MF_IOR.uasset" 748
"../../../Engine/Plugins/Interchange/Assets/Content/gltf/MaterialFunctions/MF_IOR.uexp" 749
"../../../Engine/Plugins/Interchange/Assets/Content/gltf/MaterialFunctions/MF_Iridescence.uasset" 750
"../../../Engine/Plugins/Interchange/Assets/Content/gltf/MaterialFunctions/MF_Iridescence.uexp" 751
"../../../Engine/Plugins/Interchange/Assets/Content/gltf/Textures/T_White_Linear.uasset" 752
"../../../Engine/Plugins/Interchange/Assets/Content/gltf/Textures/T_White_Linear.uexp" 753
"../../../Engine/Plugins/Interchange/Assets/Content/gltf/MaterialFunctions/MF_MetallicRoughness.uasset" 754
"../../../Engine/Plugins/Interchange/Assets/Content/gltf/MaterialFunctions/MF_MetallicRoughness.uexp" 755
"../../../Engine/Plugins/Interchange/Assets/Content/gltf/MaterialFunctions/MF_RotateNormals_TS.uasset" 756
"../../../Engine/Plugins/Interchange/Assets/Content/gltf/MaterialFunctions/MF_RotateNormals_TS.uexp" 757
"../../../Engine/Plugins/Interchange/Assets/Content/gltf/MaterialFunctions/MF_ScaleNormal.uasset" 758
"../../../Engine/Plugins/Interchange/Assets/Content/gltf/MaterialFunctions/MF_ScaleNormal.uexp" 759
"../../../Engine/Plugins/Interchange/Assets/Content/gltf/Textures/T_Generic_N.uasset" 760
"../../../Engine/Plugins/Interchange/Assets/Content/gltf/Textures/T_Generic_N.uexp" 761
"../../../Engine/Plugins/Interchange/Assets/Content/gltf/MaterialFunctions/MF_Normals.uasset" 762
"../../../Engine/Plugins/Interchange/Assets/Content/gltf/MaterialFunctions/MF_Normals.uexp" 763
"../../../Engine/Plugins/Interchange/Assets/Content/gltf/MaterialFunctions/MF_Occlusion.uasset" 764
"../../../Engine/Plugins/Interchange/Assets/Content/gltf/MaterialFunctions/MF_Occlusion.uexp" 765
"../../../Engine/Plugins/Interchange/Assets/Content/gltf/MaterialFunctions/MF_Specular.uasset" 766
"../../../Engine/Plugins/Interchange/Assets/Content/gltf/MaterialFunctions/MF_Specular.uexp" 767
"../../../Engine/Plugins/Interchange/Assets/Content/gltf/Textures/T_Anisotropy_Direction_Linear.uasset" 768
"../../../Engine/Plugins/Interchange/Assets/Content/gltf/Textures/T_Anisotropy_Direction_Linear.uexp" 769
"../../../Engine/Plugins/Interchange/Assets/Content/gltf/MaterialFunctions/MF_SpecularAnisotropy.uasset" 770
"../../../Engine/Plugins/Interchange/Assets/Content/gltf/MaterialFunctions/MF_SpecularAnisotropy.uexp" 771
"../../../Engine/Plugins/Interchange/Assets/Content/gltf/MaterialFunctions/MF_Temporal_Blur.uasset" 772
"../../../Engine/Plugins/Interchange/Assets/Content/gltf/MaterialFunctions/MF_Temporal_Blur.uexp" 773
"../../../Engine/Plugins/Interchange/Assets/Content/gltf/MaterialFunctions/MF_Transmission.uasset" 774
"../../../Engine/Plugins/Interchange/Assets/Content/gltf/MaterialFunctions/MF_Transmission.uexp" 775
"../../../Engine/Plugins/Interchange/Assets/Content/gltf/MaterialBodies/MF_Transmission_Body.uasset" 776
"../../../Engine/Plugins/Interchange/Assets/Content/gltf/MaterialBodies/MF_Transmission_Body.uexp" 777
"../../../Engine/Plugins/Interchange/Assets/Content/gltf/M_Transmission.uasset" 778
"../../../Engine/Plugins/Interchange/Assets/Content/gltf/M_Transmission.uexp" 779
"../../../Engine/Plugins/Interchange/Assets/Content/gltf/MaterialInstances/MI_Transmission_DS.uasset" 780
"../../../Engine/Plugins/Interchange/Assets/Content/gltf/MaterialInstances/MI_Transmission_DS.uexp" 781
"../../../Engine/Plugins/Interchange/Assets/Content/gltf/MaterialInstances/MI_Transmission.uasset" 782
"../../../Engine/Plugins/Interchange/Assets/Content/gltf/MaterialInstances/MI_Transmission.uexp" 783
"../../../Engine/Content/Functions/Engine_MaterialFunctions02/Math/AddComponents.uasset" 784
"../../../Engine/Content/Functions/Engine_MaterialFunctions02/Math/AddComponents.uexp" 785
"../../../Engine/Plugins/Interchange/Assets/Content/gltf/MaterialFunctions/MF_DiffuseSpecGloss.uasset" 786
"../../../Engine/Plugins/Interchange/Assets/Content/gltf/MaterialFunctions/MF_DiffuseSpecGloss.uexp" 787
"../../../Engine/Plugins/Interchange/Assets/Content/gltf/MaterialFunctions/MF_Emissive.uasset" 788
"../../../Engine/Plugins/Interchange/Assets/Content/gltf/MaterialFunctions/MF_Emissive.uexp" 789
"../../../Engine/Plugins/Interchange/Assets/Content/gltf/MaterialFunctions/MF_MaxComponentValue.uasset" 790
"../../../Engine/Plugins/Interchange/Assets/Content/gltf/MaterialFunctions/MF_MaxComponentValue.uexp" 791
"../../../Engine/Plugins/Interchange/Assets/Content/gltf/MaterialFunctions/MF_PerceivedBrightness.uasset" 792
"../../../Engine/Plugins/Interchange/Assets/Content/gltf/MaterialFunctions/MF_PerceivedBrightness.uexp" 793
"../../../Engine/Plugins/Interchange/Assets/Content/gltf/MaterialFunctions/MF_SpecGlossToMetalRoughness.uasset" 794
"../../../Engine/Plugins/Interchange/Assets/Content/gltf/MaterialFunctions/MF_SpecGlossToMetalRoughness.uexp" 795
"../../../Engine/Plugins/Interchange/Assets/Content/gltf/MaterialBodies/MF_SpecularGlossiness_Body.uasset" 796
"../../../Engine/Plugins/Interchange/Assets/Content/gltf/MaterialBodies/MF_SpecularGlossiness_Body.uexp" 797
"../../../Engine/Plugins/Interchange/Assets/Content/gltf/M_SpecularGlossiness.uasset" 798
"../../../Engine/Plugins/Interchange/Assets/Content/gltf/M_SpecularGlossiness.uexp" 799
"../../../Engine/Plugins/Interchange/Assets/Content/gltf/MaterialInstances/MI_SpecularGlossiness_Opaque_DS.uasset" 800
"../../../Engine/Plugins/Interchange/Assets/Content/gltf/MaterialInstances/MI_SpecularGlossiness_Opaque_DS.uexp" 801
"../../../Engine/Plugins/Interchange/Assets/Content/gltf/MaterialInstances/MI_SpecularGlossiness_Opaque.uasset" 802
"../../../Engine/Plugins/Interchange/Assets/Content/gltf/MaterialInstances/MI_SpecularGlossiness_Opaque.uexp" 803
"../../../Engine/Plugins/Interchange/Assets/Content/gltf/MaterialInstances/MI_SpecularGlossiness_Mask_DS.uasset" 804
"../../../Engine/Plugins/Interchange/Assets/Content/gltf/MaterialInstances/MI_SpecularGlossiness_Mask_DS.uexp" 805
"../../../Engine/Plugins/Interchange/Assets/Content/gltf/MaterialInstances/MI_SpecularGlossiness_Mask.uasset" 806
"../../../Engine/Plugins/Interchange/Assets/Content/gltf/MaterialInstances/MI_SpecularGlossiness_Mask.uexp" 807
"../../../Engine/Plugins/Interchange/Assets/Content/gltf/MaterialInstances/MI_SpecularGlossiness_Blend_DS.uasset" 808
"../../../Engine/Plugins/Interchange/Assets/Content/gltf/MaterialInstances/MI_SpecularGlossiness_Blend_DS.uexp" 809
"../../../Engine/Plugins/Interchange/Assets/Content/gltf/MaterialInstances/MI_SpecularGlossiness_Blend.uasset" 810
"../../../Engine/Plugins/Interchange/Assets/Content/gltf/MaterialInstances/MI_SpecularGlossiness_Blend.uexp" 811
"../../../Engine/Plugins/Interchange/Assets/Content/gltf/MaterialFunctions/MF_Sheen.uasset" 812
"../../../Engine/Plugins/Interchange/Assets/Content/gltf/MaterialFunctions/MF_Sheen.uexp" 813
"../../../Engine/Plugins/Interchange/Assets/Content/gltf/MaterialBodies/MF_Sheen_Body.uasset" 814
"../../../Engine/Plugins/Interchange/Assets/Content/gltf/MaterialBodies/MF_Sheen_Body.uexp" 815
"../../../Engine/Plugins/Interchange/Assets/Content/gltf/M_Sheen.uasset" 816
"../../../Engine/Plugins/Interchange/Assets/Content/gltf/M_Sheen.uexp" 817
"../../../Engine/Plugins/Interchange/Assets/Content/gltf/MaterialInstances/MI_Sheen_Opaque_DS.uasset" 818
"../../../Engine/Plugins/Interchange/Assets/Content/gltf/MaterialInstances/MI_Sheen_Opaque_DS.uexp" 819
"../../../Engine/Plugins/Interchange/Assets/Content/gltf/MaterialInstances/MI_Sheen_Opaque.uasset" 820
"../../../Engine/Plugins/Interchange/Assets/Content/gltf/MaterialInstances/MI_Sheen_Opaque.uexp" 821
"../../../Engine/Plugins/Interchange/Assets/Content/gltf/MaterialInstances/MI_Sheen_Mask_DS.uasset" 822
"../../../Engine/Plugins/Interchange/Assets/Content/gltf/MaterialInstances/MI_Sheen_Mask_DS.uexp" 823
"../../../Engine/Plugins/Interchange/Assets/Content/gltf/MaterialInstances/MI_Sheen_Mask.uasset" 824
"../../../Engine/Plugins/Interchange/Assets/Content/gltf/MaterialInstances/MI_Sheen_Mask.uexp" 825
"../../../Engine/Plugins/Interchange/Assets/Content/gltf/MaterialInstances/MI_Sheen_Blend_DS.uasset" 826
"../../../Engine/Plugins/Interchange/Assets/Content/gltf/MaterialInstances/MI_Sheen_Blend_DS.uexp" 827
"../../../Engine/Plugins/Interchange/Assets/Content/gltf/MaterialInstances/MI_Sheen_Blend.uasset" 828
"../../../Engine/Plugins/Interchange/Assets/Content/gltf/MaterialInstances/MI_Sheen_Blend.uexp" 829
"../../../Engine/Plugins/Interchange/Assets/Content/gltf/MaterialBodies/MF_Default_Body.uasset" 830
"../../../Engine/Plugins/Interchange/Assets/Content/gltf/MaterialBodies/MF_Default_Body.uexp" 831
"../../../Engine/Plugins/Interchange/Assets/Content/gltf/M_Default.uasset" 832
"../../../Engine/Plugins/Interchange/Assets/Content/gltf/M_Default.uexp" 833
"../../../Engine/Plugins/Interchange/Assets/Content/gltf/MaterialInstances/MI_Default_Opaque.uasset" 834
"../../../Engine/Plugins/Interchange/Assets/Content/gltf/MaterialInstances/MI_Default_Opaque.uexp" 835
"../../../Engine/Plugins/Interchange/Assets/Content/gltf/MaterialInstances/MI_Default_Mask_DS.uasset" 836
"../../../Engine/Plugins/Interchange/Assets/Content/gltf/MaterialInstances/MI_Default_Mask_DS.uexp" 837
"../../../Engine/Plugins/Interchange/Assets/Content/gltf/MaterialInstances/MI_Default_Mask.uasset" 838
"../../../Engine/Plugins/Interchange/Assets/Content/gltf/MaterialInstances/MI_Default_Mask.uexp" 839
"../../../Engine/Plugins/Interchange/Assets/Content/gltf/MaterialInstances/MI_Default_Blend_DS.uasset" 840
"../../../Engine/Plugins/Interchange/Assets/Content/gltf/MaterialInstances/MI_Default_Blend_DS.uexp" 841
"../../../Engine/Plugins/Interchange/Assets/Content/gltf/MaterialInstances/MI_Default_Blend.uasset" 842
"../../../Engine/Plugins/Interchange/Assets/Content/gltf/MaterialInstances/MI_Default_Blend.uexp" 843
"../../../Engine/Content/Functions/Engine_MaterialFunctions01/Texturing/FlattenNormal.uasset" 844
"../../../Engine/Content/Functions/Engine_MaterialFunctions01/Texturing/FlattenNormal.uexp" 845
"../../../Engine/Plugins/Interchange/Assets/Content/gltf/MaterialFunctions/MF_Clearcoat.uasset" 846
"../../../Engine/Plugins/Interchange/Assets/Content/gltf/MaterialFunctions/MF_Clearcoat.uexp" 847
"../../../Engine/Plugins/Interchange/Assets/Content/gltf/MaterialBodies/MF_ClearCoat_Body.uasset" 848
"../../../Engine/Plugins/Interchange/Assets/Content/gltf/MaterialBodies/MF_ClearCoat_Body.uexp" 849
"../../../Engine/Plugins/Interchange/Assets/Content/gltf/M_ClearCoat.uasset" 850
"../../../Engine/Plugins/Interchange/Assets/Content/gltf/M_ClearCoat.uexp" 851
"../../../Engine/Plugins/Interchange/Assets/Content/gltf/MaterialInstances/MI_ClearCoat_Opaque_DS.uasset" 852
"../../../Engine/Plugins/Interchange/Assets/Content/gltf/MaterialInstances/MI_ClearCoat_Opaque_DS.uexp" 853
"../../../Engine/Plugins/Interchange/Assets/Content/gltf/MaterialInstances/MI_ClearCoat_Opaque.uasset" 854
"../../../Engine/Plugins/Interchange/Assets/Content/gltf/MaterialInstances/MI_ClearCoat_Opaque.uexp" 855
"../../../Engine/Plugins/Interchange/Assets/Content/gltf/MaterialInstances/MI_ClearCoat_Mask_DS.uasset" 856
"../../../Engine/Plugins/Interchange/Assets/Content/gltf/MaterialInstances/MI_ClearCoat_Mask_DS.uexp" 857
"../../../Engine/Plugins/Interchange/Assets/Content/gltf/MaterialInstances/MI_ClearCoat_Mask.uasset" 858
"../../../Engine/Plugins/Interchange/Assets/Content/gltf/MaterialInstances/MI_ClearCoat_Mask.uexp" 859
"../../../Engine/Plugins/Interchange/Assets/Content/gltf/MaterialInstances/MI_ClearCoat_Blend_DS.uasset" 860
"../../../Engine/Plugins/Interchange/Assets/Content/gltf/MaterialInstances/MI_ClearCoat_Blend_DS.uexp" 861
"../../../Engine/Plugins/Interchange/Assets/Content/gltf/MaterialInstances/MI_ClearCoat_Blend.uasset" 862
"../../../Engine/Plugins/Interchange/Assets/Content/gltf/MaterialInstances/MI_ClearCoat_Blend.uexp" 863
"../../../Engine/Content/EngineMaterials/Substrate/Volume/SubstrateSimpleVolumeLUT3D.uasset" 864
"../../../Engine/Content/EngineMaterials/Substrate/Volume/SubstrateSimpleVolumeLUT3D.uexp" 865
"../../../Engine/Content/EngineMaterials/Substrate/Volume/SubstrateSimpleVolumeEnvLUT3D.uasset" 866
"../../../Engine/Content/EngineMaterials/Substrate/Volume/SubstrateSimpleVolumeEnvLUT3D.uexp" 867
"../../../Engine/Content/EngineMaterials/Substrate/Glints2/AGlintTex2dArray2.uasset" 868
"../../../Engine/Content/EngineMaterials/Substrate/Glints2/AGlintTex2dArray2.uexp" 869
"../../../Engine/Content/EngineMaterials/Substrate/GLints/AGlintTex2dArray.uasset" 870
"../../../Engine/Content/EngineMaterials/Substrate/GLints/AGlintTex2dArray.uexp" 871
"../../../Engine/Content/ArtTools/RenderToTexture/Meshes/S_1_Unit_Plane.ubulk" 872
"../../../Engine/Content/ArtTools/RenderToTexture/Meshes/S_1_Unit_Plane.uasset" 873
"../../../Engine/Content/ArtTools/RenderToTexture/Meshes/S_1_Unit_Plane.uexp" 874
"../../../Engine/Plugins/NNE/NNEDenoiser/Content/NNED_Oidn2-3_HighQuality_Alpha.uasset" 875
"../../../Engine/Plugins/NNE/NNEDenoiser/Content/NNED_Oidn2-3_HighQuality_Alpha.uexp" 876
"../../../Engine/Plugins/NNE/NNEDenoiser/Content/NNED_Oidn2-3_HighQuality.uasset" 877
"../../../Engine/Plugins/NNE/NNEDenoiser/Content/NNED_Oidn2-3_HighQuality.uexp" 878
"../../../Engine/Plugins/NNE/NNEDenoiser/Content/NNED_Oidn2-3_Fast_Alpha.uasset" 879
"../../../Engine/Plugins/NNE/NNEDenoiser/Content/NNED_Oidn2-3_Fast_Alpha.uexp" 880
"../../../Engine/Plugins/NNE/NNEDenoiser/Content/NNED_Oidn2-3_Fast.uasset" 881
"../../../Engine/Plugins/NNE/NNEDenoiser/Content/NNED_Oidn2-3_Fast.uexp" 882
"../../../Engine/Plugins/NNE/NNEDenoiser/Content/NNED_Oidn2-3_Balanced_Alpha.uasset" 883
"../../../Engine/Plugins/NNE/NNEDenoiser/Content/NNED_Oidn2-3_Balanced_Alpha.uexp" 884
"../../../Engine/Plugins/NNE/NNEDenoiser/Content/NNED_Oidn2-3_Balanced.uasset" 885
"../../../Engine/Plugins/NNE/NNEDenoiser/Content/NNED_Oidn2-3_Balanced.uexp" 886
"../../../Engine/Plugins/NNE/NNEDenoiser/Content/NNEDT_Oidn2-3_Balanced_Alpha.uasset" 887
"../../../Engine/Plugins/NNE/NNEDenoiser/Content/NNEDT_Oidn2-3_Balanced_Alpha.uexp" 888
"../../../Engine/Plugins/NNE/NNEDenoiser/Content/NNEDT_Oidn2-3_Balanced.uasset" 889
"../../../Engine/Plugins/NNE/NNEDenoiser/Content/NNEDT_Oidn2-3_Balanced.uexp" 890
"../../../Engine/Plugins/Animation/DeformerGraph/Content/DeformerFunctions/DG_Function_LinearBlendSkin_Morph_Cloth_PositionOnly.uasset" 891
"../../../Engine/Plugins/Animation/DeformerGraph/Content/DeformerFunctions/DG_Function_LinearBlendSkin_Morph_Cloth_PositionOnly.uexp" 892
"../../../Engine/Plugins/Animation/DeformerGraph/Content/DeformerFunctions/DG_Function_ComputeNormalsTangents.uasset" 893
"../../../Engine/Plugins/Animation/DeformerGraph/Content/DeformerFunctions/DG_Function_ComputeNormalsTangents.uexp" 894
"../../../Engine/Plugins/Animation/DeformerGraph/Content/Deformers/DG_LinearBlendSkin_Morph_Cloth_RecomputeNormals.uasset" 895
"../../../Engine/Plugins/Animation/DeformerGraph/Content/Deformers/DG_LinearBlendSkin_Morph_Cloth_RecomputeNormals.uexp" 896
"../../../Engine/Plugins/Animation/DeformerGraph/Content/DeformerFunctions/DG_Function_LinearBlendSkin_Morph_Cloth.uasset" 897
"../../../Engine/Plugins/Animation/DeformerGraph/Content/DeformerFunctions/DG_Function_LinearBlendSkin_Morph_Cloth.uexp" 898
"../../../Engine/Plugins/Animation/DeformerGraph/Content/Deformers/DG_LinearBlendSkin_Morph_Cloth.uasset" 899
"../../../Engine/Plugins/Animation/DeformerGraph/Content/Deformers/DG_LinearBlendSkin_Morph_Cloth.uexp" 900
"../../../Engine/Content/VREditor/Sounds/UI/Drop_Item_From_ContentBrowser.ubulk" 901
"../../../Engine/Content/VREditor/Sounds/UI/Drop_Item_From_ContentBrowser.uasset" 902
"../../../Engine/Content/VREditor/Sounds/UI/Drop_Item_From_ContentBrowser.uexp" 903
"../../../Engine/Content/VREditor/Sounds/UI/Gizmo_Handle_Clicked.ubulk" 904
"../../../Engine/Content/VREditor/Sounds/UI/Gizmo_Handle_Clicked.uasset" 905
"../../../Engine/Content/VREditor/Sounds/UI/Gizmo_Handle_Clicked.uexp" 906
"../../../Engine/Content/VREditor/Sounds/UI/Object_PickUp.ubulk" 907
"../../../Engine/Content/VREditor/Sounds/UI/Object_PickUp.uasset" 908
"../../../Engine/Content/VREditor/Sounds/UI/Object_PickUp.uexp" 909
"../../../Engine/Content/VREditor/Sounds/UI/Object_Snaps_To_Another_Actor.ubulk" 910
"../../../Engine/Content/VREditor/Sounds/UI/Object_Snaps_To_Another_Actor.uasset" 911
"../../../Engine/Content/VREditor/Sounds/UI/Object_Snaps_To_Another_Actor.uexp" 912
"../../../Engine/Content/VREditor/Sounds/UI/Object_Snaps_To_Grid.ubulk" 913
"../../../Engine/Content/VREditor/Sounds/UI/Object_Snaps_To_Grid.uasset" 914
"../../../Engine/Content/VREditor/Sounds/UI/Object_Snaps_To_Grid.uexp" 915
"../../../Engine/Content/VREditor/Sounds/UI/Scaling_Down.ubulk" 916
"../../../Engine/Content/VREditor/Sounds/UI/Scaling_Down.uasset" 917
"../../../Engine/Content/VREditor/Sounds/UI/Scaling_Down.uexp" 918
"../../../Engine/Content/VREditor/Sounds/UI/Scaling_Up.ubulk" 919
"../../../Engine/Content/VREditor/Sounds/UI/Scaling_Up.uasset" 920
"../../../Engine/Content/VREditor/Sounds/UI/Scaling_Up.uexp" 921
"../../../Engine/Content/VREditor/Sounds/UI/Selection_Changes.ubulk" 922
"../../../Engine/Content/VREditor/Sounds/UI/Selection_Changes.uasset" 923
"../../../Engine/Content/VREditor/Sounds/UI/Selection_Changes.uexp" 924
"../../../Engine/Content/Functions/Engine_MaterialFunctions02/SplitComponents.uasset" 925
"../../../Engine/Content/Functions/Engine_MaterialFunctions02/SplitComponents.uexp" 926
"../../../Engine/Content/VREditor/SnapGrid/SnapGridMaterial.uasset" 927
"../../../Engine/Content/VREditor/SnapGrid/SnapGridMaterial.uexp" 928
"../../../Engine/Content/VREditor/SnapGrid/SnapGridPlaneMesh.ubulk" 929
"../../../Engine/Content/VREditor/SnapGrid/SnapGridPlaneMesh.uasset" 930
"../../../Engine/Content/VREditor/SnapGrid/SnapGridPlaneMesh.uexp" 931
"../../../Engine/Content/VREditor/TransformGizmo/PlaneTranslationHandle.ubulk" 932
"../../../Engine/Content/VREditor/TransformGizmo/PlaneTranslationHandle.uasset" 933
"../../../Engine/Content/VREditor/TransformGizmo/PlaneTranslationHandle.uexp" 934
"../../../Engine/Content/VREditor/TransformGizmo/RotationHandleFull.ubulk" 935
"../../../Engine/Content/VREditor/TransformGizmo/RotationHandleFull.uasset" 936
"../../../Engine/Content/VREditor/TransformGizmo/RotationHandleFull.uexp" 937
"../../../Engine/Content/VREditor/TransformGizmo/RotationHandleIndicator.ubulk" 938
"../../../Engine/Content/VREditor/TransformGizmo/RotationHandleIndicator.uasset" 939
"../../../Engine/Content/VREditor/TransformGizmo/RotationHandleIndicator.uexp" 940
"../../../Engine/Content/VREditor/TransformGizmo/RotationHandleQuarter.ubulk" 941
"../../../Engine/Content/VREditor/TransformGizmo/RotationHandleQuarter.uasset" 942
"../../../Engine/Content/VREditor/TransformGizmo/RotationHandleQuarter.uexp" 943
"../../../Engine/Content/VREditor/TransformGizmo/StartRotationHandleIndicator.ubulk" 944
"../../../Engine/Content/VREditor/TransformGizmo/StartRotationHandleIndicator.uasset" 945
"../../../Engine/Content/VREditor/TransformGizmo/StartRotationHandleIndicator.uexp" 946
"../../../Engine/Content/VREditor/TransformGizmo/TranslucentTransformGizmoMaterial_Inst.uasset" 947
"../../../Engine/Content/VREditor/TransformGizmo/TranslucentTransformGizmoMaterial_Inst.uexp" 948
"../../../Engine/Content/VREditor/TransformGizmo/TransformGizmoFreeRotation.ubulk" 949
"../../../Engine/Content/VREditor/TransformGizmo/TransformGizmoFreeRotation.uasset" 950
"../../../Engine/Content/VREditor/TransformGizmo/TransformGizmoFreeRotation.uexp" 951
"../../../Engine/Content/VREditor/TransformGizmo/TranslateArrowHandle.ubulk" 952
"../../../Engine/Content/VREditor/TransformGizmo/TranslateArrowHandle.uasset" 953
"../../../Engine/Content/VREditor/TransformGizmo/TranslateArrowHandle.uexp" 954
"../../../Engine/Content/VREditor/TransformGizmo/UniformScaleHandle.ubulk" 955
"../../../Engine/Content/VREditor/TransformGizmo/UniformScaleHandle.uasset" 956
"../../../Engine/Content/VREditor/TransformGizmo/UniformScaleHandle.uexp" 957
"../../../Engine/Content/VREditor/TransformGizmo/TransformGizmoMaterial_Inst.uasset" 958
"../../../Engine/Content/VREditor/TransformGizmo/TransformGizmoMaterial_Inst.uexp" 959
"../../../Engine/Content/Maps/Entry_BuiltData.uasset" 960
"../../../Engine/Content/Maps/Entry_BuiltData.uexp" 961
"../../../Engine/Content/Maps/Entry.uexp" 962
"../../../Engine/Content/Maps/Entry.umap" 963
"C:/Users/codym/OneDrive/Documents/GitHub/FunkyFishGameRepository/FPS_Game/Content/Textures/T_WideShelf_ORM.ubulk" 964
"C:/Users/codym/OneDrive/Documents/GitHub/FunkyFishGameRepository/FPS_Game/Content/Textures/T_WideShelf_ORM.uasset" 965
"C:/Users/codym/OneDrive/Documents/GitHub/FunkyFishGameRepository/FPS_Game/Content/Textures/T_WideShelf_ORM.uexp" 966
"C:/Users/codym/OneDrive/Documents/GitHub/FunkyFishGameRepository/FPS_Game/Content/Textures/T_WideShelf_Normal.ubulk" 967
"C:/Users/codym/OneDrive/Documents/GitHub/FunkyFishGameRepository/FPS_Game/Content/Textures/T_WideShelf_Normal.uasset" 968
"C:/Users/codym/OneDrive/Documents/GitHub/FunkyFishGameRepository/FPS_Game/Content/Textures/T_WideShelf_Normal.uexp" 969
"C:/Users/codym/OneDrive/Documents/GitHub/FunkyFishGameRepository/FPS_Game/Content/Textures/T_WideShelf_Colour.ubulk" 970
"C:/Users/codym/OneDrive/Documents/GitHub/FunkyFishGameRepository/FPS_Game/Content/Textures/T_WideShelf_Colour.uasset" 971
"C:/Users/codym/OneDrive/Documents/GitHub/FunkyFishGameRepository/FPS_Game/Content/Textures/T_WideShelf_Colour.uexp" 972
"C:/Users/codym/OneDrive/Documents/GitHub/FunkyFishGameRepository/FPS_Game/Content/Materials/M_Wide_Shelf.uasset" 973
"C:/Users/codym/OneDrive/Documents/GitHub/FunkyFishGameRepository/FPS_Game/Content/Materials/M_Wide_Shelf.uexp" 974
"C:/Users/codym/OneDrive/Documents/GitHub/FunkyFishGameRepository/FPS_Game/Content/Meshes/SM_WideShelf.ubulk" 975
"C:/Users/codym/OneDrive/Documents/GitHub/FunkyFishGameRepository/FPS_Game/Content/Meshes/SM_WideShelf.uasset" 976
"C:/Users/codym/OneDrive/Documents/GitHub/FunkyFishGameRepository/FPS_Game/Content/Meshes/SM_WideShelf.uexp" 977
"C:/Users/codym/OneDrive/Documents/GitHub/FunkyFishGameRepository/FPS_Game/Content/Textures/T_TallShelf_ORM.ubulk" 978
"C:/Users/codym/OneDrive/Documents/GitHub/FunkyFishGameRepository/FPS_Game/Content/Textures/T_TallShelf_ORM.uasset" 979
"C:/Users/codym/OneDrive/Documents/GitHub/FunkyFishGameRepository/FPS_Game/Content/Textures/T_TallShelf_ORM.uexp" 980
"C:/Users/codym/OneDrive/Documents/GitHub/FunkyFishGameRepository/FPS_Game/Content/Textures/T_TallShelf_Normal.ubulk" 981
"C:/Users/codym/OneDrive/Documents/GitHub/FunkyFishGameRepository/FPS_Game/Content/Textures/T_TallShelf_Normal.uasset" 982
"C:/Users/codym/OneDrive/Documents/GitHub/FunkyFishGameRepository/FPS_Game/Content/Textures/T_TallShelf_Normal.uexp" 983
"C:/Users/codym/OneDrive/Documents/GitHub/FunkyFishGameRepository/FPS_Game/Content/Textures/T_TallShelf_Colour.ubulk" 984
"C:/Users/codym/OneDrive/Documents/GitHub/FunkyFishGameRepository/FPS_Game/Content/Textures/T_TallShelf_Colour.uasset" 985
"C:/Users/codym/OneDrive/Documents/GitHub/FunkyFishGameRepository/FPS_Game/Content/Textures/T_TallShelf_Colour.uexp" 986
"C:/Users/codym/OneDrive/Documents/GitHub/FunkyFishGameRepository/FPS_Game/Content/Materials/M_Tall_Shelf.uasset" 987
"C:/Users/codym/OneDrive/Documents/GitHub/FunkyFishGameRepository/FPS_Game/Content/Materials/M_Tall_Shelf.uexp" 988
"C:/Users/codym/OneDrive/Documents/GitHub/FunkyFishGameRepository/FPS_Game/Content/Meshes/SM_TallShelf.ubulk" 989
"C:/Users/codym/OneDrive/Documents/GitHub/FunkyFishGameRepository/FPS_Game/Content/Meshes/SM_TallShelf.uasset" 990
"C:/Users/codym/OneDrive/Documents/GitHub/FunkyFishGameRepository/FPS_Game/Content/Meshes/SM_TallShelf.uexp" 991
"C:/Users/codym/OneDrive/Documents/GitHub/FunkyFishGameRepository/FPS_Game/Content/Textures/T_DungeonWall_ORM.ubulk" 992
"C:/Users/codym/OneDrive/Documents/GitHub/FunkyFishGameRepository/FPS_Game/Content/Textures/T_DungeonWall_ORM.uasset" 993
"C:/Users/codym/OneDrive/Documents/GitHub/FunkyFishGameRepository/FPS_Game/Content/Textures/T_DungeonWall_ORM.uexp" 994
"C:/Users/codym/OneDrive/Documents/GitHub/FunkyFishGameRepository/FPS_Game/Content/Textures/T_DungeonWall_Normal.ubulk" 995
"C:/Users/codym/OneDrive/Documents/GitHub/FunkyFishGameRepository/FPS_Game/Content/Textures/T_DungeonWall_Normal.uasset" 996
"C:/Users/codym/OneDrive/Documents/GitHub/FunkyFishGameRepository/FPS_Game/Content/Textures/T_DungeonWall_Normal.uexp" 997
"C:/Users/codym/OneDrive/Documents/GitHub/FunkyFishGameRepository/FPS_Game/Content/Textures/T_DungeonWall_Color.ubulk" 998
"C:/Users/codym/OneDrive/Documents/GitHub/FunkyFishGameRepository/FPS_Game/Content/Textures/T_DungeonWall_Color.uasset" 999
"C:/Users/codym/OneDrive/Documents/GitHub/FunkyFishGameRepository/FPS_Game/Content/Textures/T_DungeonWall_Color.uexp" 1000
"C:/Users/codym/OneDrive/Documents/GitHub/FunkyFishGameRepository/FPS_Game/Content/Materials/M_DungeonWall.uasset" 1001
"C:/Users/codym/OneDrive/Documents/GitHub/FunkyFishGameRepository/FPS_Game/Content/Materials/M_DungeonWall.uexp" 1002
"C:/Users/codym/OneDrive/Documents/GitHub/FunkyFishGameRepository/FPS_Game/Content/Meshes/SM_StoneWall.ubulk" 1003
"C:/Users/codym/OneDrive/Documents/GitHub/FunkyFishGameRepository/FPS_Game/Content/Meshes/SM_StoneWall.uasset" 1004
"C:/Users/codym/OneDrive/Documents/GitHub/FunkyFishGameRepository/FPS_Game/Content/Meshes/SM_StoneWall.uexp" 1005
"C:/Users/codym/OneDrive/Documents/GitHub/FunkyFishGameRepository/FPS_Game/Content/Meshes/SM_Slime_Goop_Green.ubulk" 1006
"C:/Users/codym/OneDrive/Documents/GitHub/FunkyFishGameRepository/FPS_Game/Content/Meshes/SM_Slime_Goop_Green.uasset" 1007
"C:/Users/codym/OneDrive/Documents/GitHub/FunkyFishGameRepository/FPS_Game/Content/Meshes/SM_Slime_Goop_Green.uexp" 1008
"C:/Users/codym/OneDrive/Documents/GitHub/FunkyFishGameRepository/FPS_Game/Content/Textures/T_Potion_Sword_Potion_Liquid_OcclusionRoughnessMetallic.ubulk" 1009
"C:/Users/codym/OneDrive/Documents/GitHub/FunkyFishGameRepository/FPS_Game/Content/Textures/T_Potion_Sword_Potion_Liquid_OcclusionRoughnessMetallic.uasset" 1010
"C:/Users/codym/OneDrive/Documents/GitHub/FunkyFishGameRepository/FPS_Game/Content/Textures/T_Potion_Sword_Potion_Liquid_OcclusionRoughnessMetallic.uexp" 1011
"C:/Users/codym/OneDrive/Documents/GitHub/FunkyFishGameRepository/FPS_Game/Content/Textures/T_Potion_Sword_Potion_Liquid_Normal.ubulk" 1012
"C:/Users/codym/OneDrive/Documents/GitHub/FunkyFishGameRepository/FPS_Game/Content/Textures/T_Potion_Sword_Potion_Liquid_Normal.uasset" 1013
"C:/Users/codym/OneDrive/Documents/GitHub/FunkyFishGameRepository/FPS_Game/Content/Textures/T_Potion_Sword_Potion_Liquid_Normal.uexp" 1014
"C:/Users/codym/OneDrive/Documents/GitHub/FunkyFishGameRepository/FPS_Game/Content/Textures/T_Potion_Sword_Potion_Liquid_BaseColor.ubulk" 1015
"C:/Users/codym/OneDrive/Documents/GitHub/FunkyFishGameRepository/FPS_Game/Content/Textures/T_Potion_Sword_Potion_Liquid_BaseColor.uasset" 1016
"C:/Users/codym/OneDrive/Documents/GitHub/FunkyFishGameRepository/FPS_Game/Content/Textures/T_Potion_Sword_Potion_Liquid_BaseColor.uexp" 1017
"C:/Users/codym/OneDrive/Documents/GitHub/FunkyFishGameRepository/FPS_Game/Content/Materials/M_Potion_Sword.uasset" 1018
"C:/Users/codym/OneDrive/Documents/GitHub/FunkyFishGameRepository/FPS_Game/Content/Materials/M_Potion_Sword.uexp" 1019
"C:/Users/codym/OneDrive/Documents/GitHub/FunkyFishGameRepository/FPS_Game/Content/Meshes/SM_Potion_Sword.ubulk" 1020
"C:/Users/codym/OneDrive/Documents/GitHub/FunkyFishGameRepository/FPS_Game/Content/Meshes/SM_Potion_Sword.uasset" 1021
"C:/Users/codym/OneDrive/Documents/GitHub/FunkyFishGameRepository/FPS_Game/Content/Meshes/SM_Potion_Sword.uexp" 1022
"C:/Users/codym/OneDrive/Documents/GitHub/FunkyFishGameRepository/FPS_Game/Content/Textures/T_KnightHelmet_Material_ORM.ubulk" 1023
"C:/Users/codym/OneDrive/Documents/GitHub/FunkyFishGameRepository/FPS_Game/Content/Textures/T_KnightHelmet_Material_ORM.uasset" 1024
"C:/Users/codym/OneDrive/Documents/GitHub/FunkyFishGameRepository/FPS_Game/Content/Textures/T_KnightHelmet_Material_ORM.uexp" 1025
"C:/Users/codym/OneDrive/Documents/GitHub/FunkyFishGameRepository/FPS_Game/Content/Textures/T_KnightHelmet_Material_Normal.ubulk" 1026
"C:/Users/codym/OneDrive/Documents/GitHub/FunkyFishGameRepository/FPS_Game/Content/Textures/T_KnightHelmet_Material_Normal.uasset" 1027
"C:/Users/codym/OneDrive/Documents/GitHub/FunkyFishGameRepository/FPS_Game/Content/Textures/T_KnightHelmet_Material_Normal.uexp" 1028
"C:/Users/codym/OneDrive/Documents/GitHub/FunkyFishGameRepository/FPS_Game/Content/Textures/T_KnightHelmet_Colour.ubulk" 1029
"C:/Users/codym/OneDrive/Documents/GitHub/FunkyFishGameRepository/FPS_Game/Content/Textures/T_KnightHelmet_Colour.uasset" 1030
"C:/Users/codym/OneDrive/Documents/GitHub/FunkyFishGameRepository/FPS_Game/Content/Textures/T_KnightHelmet_Colour.uexp" 1031
"C:/Users/codym/OneDrive/Documents/GitHub/FunkyFishGameRepository/FPS_Game/Content/Materials/M_KnightHelmet.uasset" 1032
"C:/Users/codym/OneDrive/Documents/GitHub/FunkyFishGameRepository/FPS_Game/Content/Materials/M_KnightHelmet.uexp" 1033
"C:/Users/codym/OneDrive/Documents/GitHub/FunkyFishGameRepository/FPS_Game/Content/Meshes/SM_KnightHelmet.ubulk" 1034
"C:/Users/codym/OneDrive/Documents/GitHub/FunkyFishGameRepository/FPS_Game/Content/Meshes/SM_KnightHelmet.uasset" 1035
"C:/Users/codym/OneDrive/Documents/GitHub/FunkyFishGameRepository/FPS_Game/Content/Meshes/SM_KnightHelmet.uexp" 1036
"C:/Users/codym/OneDrive/Documents/GitHub/FunkyFishGameRepository/FPS_Game/Content/Textures/T_EvilCauldron_Base_ORM.ubulk" 1037
"C:/Users/codym/OneDrive/Documents/GitHub/FunkyFishGameRepository/FPS_Game/Content/Textures/T_EvilCauldron_Base_ORM.uasset" 1038
"C:/Users/codym/OneDrive/Documents/GitHub/FunkyFishGameRepository/FPS_Game/Content/Textures/T_EvilCauldron_Base_ORM.uexp" 1039
"C:/Users/codym/OneDrive/Documents/GitHub/FunkyFishGameRepository/FPS_Game/Content/Textures/T_EvilCauldron_Base_Normal.ubulk" 1040
"C:/Users/codym/OneDrive/Documents/GitHub/FunkyFishGameRepository/FPS_Game/Content/Textures/T_EvilCauldron_Base_Normal.uasset" 1041
"C:/Users/codym/OneDrive/Documents/GitHub/FunkyFishGameRepository/FPS_Game/Content/Textures/T_EvilCauldron_Base_Normal.uexp" 1042
"C:/Users/codym/OneDrive/Documents/GitHub/FunkyFishGameRepository/FPS_Game/Content/Textures/T_EvilCauldron_Base_Colour.ubulk" 1043
"C:/Users/codym/OneDrive/Documents/GitHub/FunkyFishGameRepository/FPS_Game/Content/Textures/T_EvilCauldron_Base_Colour.uasset" 1044
"C:/Users/codym/OneDrive/Documents/GitHub/FunkyFishGameRepository/FPS_Game/Content/Textures/T_EvilCauldron_Base_Colour.uexp" 1045
"C:/Users/codym/OneDrive/Documents/GitHub/FunkyFishGameRepository/FPS_Game/Content/Materials/M_EvilCauldron_Base.uasset" 1046
"C:/Users/codym/OneDrive/Documents/GitHub/FunkyFishGameRepository/FPS_Game/Content/Materials/M_EvilCauldron_Base.uexp" 1047
"C:/Users/codym/OneDrive/Documents/GitHub/FunkyFishGameRepository/FPS_Game/Content/Textures/T_CauldronSwirl.ubulk" 1048
"C:/Users/codym/OneDrive/Documents/GitHub/FunkyFishGameRepository/FPS_Game/Content/Textures/T_CauldronSwirl.uasset" 1049
"C:/Users/codym/OneDrive/Documents/GitHub/FunkyFishGameRepository/FPS_Game/Content/Textures/T_CauldronSwirl.uexp" 1050
"C:/Users/codym/OneDrive/Documents/GitHub/FunkyFishGameRepository/FPS_Game/Content/Materials/M_CauldronMagicNewPurple.uasset" 1051
"C:/Users/codym/OneDrive/Documents/GitHub/FunkyFishGameRepository/FPS_Game/Content/Materials/M_CauldronMagicNewPurple.uexp" 1052
"C:/Users/codym/OneDrive/Documents/GitHub/FunkyFishGameRepository/FPS_Game/Content/Meshes/SM_EvilCauldron.ubulk" 1053
"C:/Users/codym/OneDrive/Documents/GitHub/FunkyFishGameRepository/FPS_Game/Content/Meshes/SM_EvilCauldron.uasset" 1054
"C:/Users/codym/OneDrive/Documents/GitHub/FunkyFishGameRepository/FPS_Game/Content/Meshes/SM_EvilCauldron.uexp" 1055
"C:/Users/codym/OneDrive/Documents/GitHub/FunkyFishGameRepository/FPS_Game/Content/Textures/T_Sheild_Emerald_OcclusionRoughnessMetallic.ubulk" 1056
"C:/Users/codym/OneDrive/Documents/GitHub/FunkyFishGameRepository/FPS_Game/Content/Textures/T_Sheild_Emerald_OcclusionRoughnessMetallic.uasset" 1057
"C:/Users/codym/OneDrive/Documents/GitHub/FunkyFishGameRepository/FPS_Game/Content/Textures/T_Sheild_Emerald_OcclusionRoughnessMetallic.uexp" 1058
"C:/Users/codym/OneDrive/Documents/GitHub/FunkyFishGameRepository/FPS_Game/Content/Textures/T_Sheild_Emerald_Normal.ubulk" 1059
"C:/Users/codym/OneDrive/Documents/GitHub/FunkyFishGameRepository/FPS_Game/Content/Textures/T_Sheild_Emerald_Normal.uasset" 1060
"C:/Users/codym/OneDrive/Documents/GitHub/FunkyFishGameRepository/FPS_Game/Content/Textures/T_Sheild_Emerald_Normal.uexp" 1061
"C:/Users/codym/OneDrive/Documents/GitHub/FunkyFishGameRepository/FPS_Game/Content/Textures/T_Sheild_Emerald_BaseColor.ubulk" 1062
"C:/Users/codym/OneDrive/Documents/GitHub/FunkyFishGameRepository/FPS_Game/Content/Textures/T_Sheild_Emerald_BaseColor.uasset" 1063
"C:/Users/codym/OneDrive/Documents/GitHub/FunkyFishGameRepository/FPS_Game/Content/Textures/T_Sheild_Emerald_BaseColor.uexp" 1064
"C:/Users/codym/OneDrive/Documents/GitHub/FunkyFishGameRepository/FPS_Game/Content/Materials/M_Emerald_sheild.uasset" 1065
"C:/Users/codym/OneDrive/Documents/GitHub/FunkyFishGameRepository/FPS_Game/Content/Materials/M_Emerald_sheild.uexp" 1066
"C:/Users/codym/OneDrive/Documents/GitHub/FunkyFishGameRepository/FPS_Game/Content/Meshes/SM_EMerald_Sheild.ubulk" 1067
"C:/Users/codym/OneDrive/Documents/GitHub/FunkyFishGameRepository/FPS_Game/Content/Meshes/SM_EMerald_Sheild.uasset" 1068
"C:/Users/codym/OneDrive/Documents/GitHub/FunkyFishGameRepository/FPS_Game/Content/Meshes/SM_EMerald_Sheild.uexp" 1069
"C:/Users/codym/OneDrive/Documents/GitHub/FunkyFishGameRepository/FPS_Game/Content/Textures/T_Column_ORM.ubulk" 1070
"C:/Users/codym/OneDrive/Documents/GitHub/FunkyFishGameRepository/FPS_Game/Content/Textures/T_Column_ORM.uasset" 1071
"C:/Users/codym/OneDrive/Documents/GitHub/FunkyFishGameRepository/FPS_Game/Content/Textures/T_Column_ORM.uexp" 1072
"C:/Users/codym/OneDrive/Documents/GitHub/FunkyFishGameRepository/FPS_Game/Content/Textures/T_Column_Normal.ubulk" 1073
"C:/Users/codym/OneDrive/Documents/GitHub/FunkyFishGameRepository/FPS_Game/Content/Textures/T_Column_Normal.uasset" 1074
"C:/Users/codym/OneDrive/Documents/GitHub/FunkyFishGameRepository/FPS_Game/Content/Textures/T_Column_Normal.uexp" 1075
"C:/Users/codym/OneDrive/Documents/GitHub/FunkyFishGameRepository/FPS_Game/Content/Textures/T_Column_Colour.ubulk" 1076
"C:/Users/codym/OneDrive/Documents/GitHub/FunkyFishGameRepository/FPS_Game/Content/Textures/T_Column_Colour.uasset" 1077
"C:/Users/codym/OneDrive/Documents/GitHub/FunkyFishGameRepository/FPS_Game/Content/Textures/T_Column_Colour.uexp" 1078
"C:/Users/codym/OneDrive/Documents/GitHub/FunkyFishGameRepository/FPS_Game/Content/Materials/M_Collumn.uasset" 1079
"C:/Users/codym/OneDrive/Documents/GitHub/FunkyFishGameRepository/FPS_Game/Content/Materials/M_Collumn.uexp" 1080
"C:/Users/codym/OneDrive/Documents/GitHub/FunkyFishGameRepository/FPS_Game/Content/Meshes/SM_Collumn.ubulk" 1081
"C:/Users/codym/OneDrive/Documents/GitHub/FunkyFishGameRepository/FPS_Game/Content/Meshes/SM_Collumn.uasset" 1082
"C:/Users/codym/OneDrive/Documents/GitHub/FunkyFishGameRepository/FPS_Game/Content/Meshes/SM_Collumn.uexp" 1083
"C:/Users/codym/OneDrive/Documents/GitHub/FunkyFishGameRepository/FPS_Game/Content/Textures/T_FloorCube_ORM.ubulk" 1084
"C:/Users/codym/OneDrive/Documents/GitHub/FunkyFishGameRepository/FPS_Game/Content/Textures/T_FloorCube_ORM.uasset" 1085
"C:/Users/codym/OneDrive/Documents/GitHub/FunkyFishGameRepository/FPS_Game/Content/Textures/T_FloorCube_ORM.uexp" 1086
"C:/Users/codym/OneDrive/Documents/GitHub/FunkyFishGameRepository/FPS_Game/Content/Textures/T_FloorCube_Normal.ubulk" 1087
"C:/Users/codym/OneDrive/Documents/GitHub/FunkyFishGameRepository/FPS_Game/Content/Textures/T_FloorCube_Normal.uasset" 1088
"C:/Users/codym/OneDrive/Documents/GitHub/FunkyFishGameRepository/FPS_Game/Content/Textures/T_FloorCube_Normal.uexp" 1089
"C:/Users/codym/OneDrive/Documents/GitHub/FunkyFishGameRepository/FPS_Game/Content/Textures/T_FloorCube_Color.ubulk" 1090
"C:/Users/codym/OneDrive/Documents/GitHub/FunkyFishGameRepository/FPS_Game/Content/Textures/T_FloorCube_Color.uasset" 1091
"C:/Users/codym/OneDrive/Documents/GitHub/FunkyFishGameRepository/FPS_Game/Content/Textures/T_FloorCube_Color.uexp" 1092
"C:/Users/codym/OneDrive/Documents/GitHub/FunkyFishGameRepository/FPS_Game/Content/Materials/M_Brick_Floor1.uasset" 1093
"C:/Users/codym/OneDrive/Documents/GitHub/FunkyFishGameRepository/FPS_Game/Content/Materials/M_Brick_Floor1.uexp" 1094
"C:/Users/codym/OneDrive/Documents/GitHub/FunkyFishGameRepository/FPS_Game/Content/Meshes/Assets/FloorCube.ubulk" 1095
"C:/Users/codym/OneDrive/Documents/GitHub/FunkyFishGameRepository/FPS_Game/Content/Meshes/Assets/FloorCube.uasset" 1096
"C:/Users/codym/OneDrive/Documents/GitHub/FunkyFishGameRepository/FPS_Game/Content/Meshes/Assets/FloorCube.uexp" 1097
"C:/Users/codym/OneDrive/Documents/GitHub/FunkyFishGameRepository/FPS_Game/Content/Materials/M_WhiteGlow.uasset" 1098
"C:/Users/codym/OneDrive/Documents/GitHub/FunkyFishGameRepository/FPS_Game/Content/Materials/M_WhiteGlow.uexp" 1099
"C:/Users/codym/OneDrive/Documents/GitHub/FunkyFishGameRepository/FPS_Game/Content/Textures/T_Slime_Goop_Red_Goop_OcclusionRoughnessMetallic.ubulk" 1100
"C:/Users/codym/OneDrive/Documents/GitHub/FunkyFishGameRepository/FPS_Game/Content/Textures/T_Slime_Goop_Red_Goop_OcclusionRoughnessMetallic.uasset" 1101
"C:/Users/codym/OneDrive/Documents/GitHub/FunkyFishGameRepository/FPS_Game/Content/Textures/T_Slime_Goop_Red_Goop_OcclusionRoughnessMetallic.uexp" 1102
"C:/Users/codym/OneDrive/Documents/GitHub/FunkyFishGameRepository/FPS_Game/Content/Textures/T_Slime_Goop_Red_Goop_Normal.ubulk" 1103
"C:/Users/codym/OneDrive/Documents/GitHub/FunkyFishGameRepository/FPS_Game/Content/Textures/T_Slime_Goop_Red_Goop_Normal.uasset" 1104
"C:/Users/codym/OneDrive/Documents/GitHub/FunkyFishGameRepository/FPS_Game/Content/Textures/T_Slime_Goop_Red_Goop_Normal.uexp" 1105
"C:/Users/codym/OneDrive/Documents/GitHub/FunkyFishGameRepository/FPS_Game/Content/Textures/T_Slime_Goop_Red_Goop_BaseColor.ubulk" 1106
"C:/Users/codym/OneDrive/Documents/GitHub/FunkyFishGameRepository/FPS_Game/Content/Textures/T_Slime_Goop_Red_Goop_BaseColor.uasset" 1107
"C:/Users/codym/OneDrive/Documents/GitHub/FunkyFishGameRepository/FPS_Game/Content/Textures/T_Slime_Goop_Red_Goop_BaseColor.uexp" 1108
"C:/Users/codym/OneDrive/Documents/GitHub/FunkyFishGameRepository/FPS_Game/Content/Materials/M_Slime_Goop_Red.uasset" 1109
"C:/Users/codym/OneDrive/Documents/GitHub/FunkyFishGameRepository/FPS_Game/Content/Materials/M_Slime_Goop_Red.uexp" 1110
"C:/Users/codym/OneDrive/Documents/GitHub/FunkyFishGameRepository/FPS_Game/Content/Textures/T_Slime_Goop_Slime_Goop_OcclusionRoughnessMetallic.ubulk" 1111
"C:/Users/codym/OneDrive/Documents/GitHub/FunkyFishGameRepository/FPS_Game/Content/Textures/T_Slime_Goop_Slime_Goop_OcclusionRoughnessMetallic.uasset" 1112
"C:/Users/codym/OneDrive/Documents/GitHub/FunkyFishGameRepository/FPS_Game/Content/Textures/T_Slime_Goop_Slime_Goop_OcclusionRoughnessMetallic.uexp" 1113
"C:/Users/codym/OneDrive/Documents/GitHub/FunkyFishGameRepository/FPS_Game/Content/Textures/T_Slime_Goop_Slime_Goop_Normal.ubulk" 1114
"C:/Users/codym/OneDrive/Documents/GitHub/FunkyFishGameRepository/FPS_Game/Content/Textures/T_Slime_Goop_Slime_Goop_Normal.uasset" 1115
"C:/Users/codym/OneDrive/Documents/GitHub/FunkyFishGameRepository/FPS_Game/Content/Textures/T_Slime_Goop_Slime_Goop_Normal.uexp" 1116
"C:/Users/codym/OneDrive/Documents/GitHub/FunkyFishGameRepository/FPS_Game/Content/Textures/T_Slime_Goop_Slime_Goop_BaseColor.ubulk" 1117
"C:/Users/codym/OneDrive/Documents/GitHub/FunkyFishGameRepository/FPS_Game/Content/Textures/T_Slime_Goop_Slime_Goop_BaseColor.uasset" 1118
"C:/Users/codym/OneDrive/Documents/GitHub/FunkyFishGameRepository/FPS_Game/Content/Textures/T_Slime_Goop_Slime_Goop_BaseColor.uexp" 1119
"C:/Users/codym/OneDrive/Documents/GitHub/FunkyFishGameRepository/FPS_Game/Content/Materials/M_Slime_Goop_Green.uasset" 1120
"C:/Users/codym/OneDrive/Documents/GitHub/FunkyFishGameRepository/FPS_Game/Content/Materials/M_Slime_Goop_Green.uexp" 1121
"C:/Users/codym/OneDrive/Documents/GitHub/FunkyFishGameRepository/FPS_Game/Content/Textures/T_Slime_Goop_Blue_Goop_Dead_OcclusionRoughnessMetallic.ubulk" 1122
"C:/Users/codym/OneDrive/Documents/GitHub/FunkyFishGameRepository/FPS_Game/Content/Textures/T_Slime_Goop_Blue_Goop_Dead_OcclusionRoughnessMetallic.uasset" 1123
"C:/Users/codym/OneDrive/Documents/GitHub/FunkyFishGameRepository/FPS_Game/Content/Textures/T_Slime_Goop_Blue_Goop_Dead_OcclusionRoughnessMetallic.uexp" 1124
"C:/Users/codym/OneDrive/Documents/GitHub/FunkyFishGameRepository/FPS_Game/Content/Textures/T_Slime_Goop_Blue_Goop_Dead_Normal.ubulk" 1125
"C:/Users/codym/OneDrive/Documents/GitHub/FunkyFishGameRepository/FPS_Game/Content/Textures/T_Slime_Goop_Blue_Goop_Dead_Normal.uasset" 1126
"C:/Users/codym/OneDrive/Documents/GitHub/FunkyFishGameRepository/FPS_Game/Content/Textures/T_Slime_Goop_Blue_Goop_Dead_Normal.uexp" 1127
"C:/Users/codym/OneDrive/Documents/GitHub/FunkyFishGameRepository/FPS_Game/Content/Textures/T_Slime_Goop_Blue_Goop_BaseColor.ubulk" 1128
"C:/Users/codym/OneDrive/Documents/GitHub/FunkyFishGameRepository/FPS_Game/Content/Textures/T_Slime_Goop_Blue_Goop_BaseColor.uasset" 1129
"C:/Users/codym/OneDrive/Documents/GitHub/FunkyFishGameRepository/FPS_Game/Content/Textures/T_Slime_Goop_Blue_Goop_BaseColor.uexp" 1130
"C:/Users/codym/OneDrive/Documents/GitHub/FunkyFishGameRepository/FPS_Game/Content/Materials/M_Slime_Goop_Blue.uasset" 1131
"C:/Users/codym/OneDrive/Documents/GitHub/FunkyFishGameRepository/FPS_Game/Content/Materials/M_Slime_Goop_Blue.uexp" 1132
"C:/Users/codym/OneDrive/Documents/GitHub/FunkyFishGameRepository/FPS_Game/Content/Textures/T_TargetEnemy_ORM.ubulk" 1133
"C:/Users/codym/OneDrive/Documents/GitHub/FunkyFishGameRepository/FPS_Game/Content/Textures/T_TargetEnemy_ORM.uasset" 1134
"C:/Users/codym/OneDrive/Documents/GitHub/FunkyFishGameRepository/FPS_Game/Content/Textures/T_TargetEnemy_ORM.uexp" 1135
"C:/Users/codym/OneDrive/Documents/GitHub/FunkyFishGameRepository/FPS_Game/Content/Textures/T_TargetEnemy_Normal.ubulk" 1136
"C:/Users/codym/OneDrive/Documents/GitHub/FunkyFishGameRepository/FPS_Game/Content/Textures/T_TargetEnemy_Normal.uasset" 1137
"C:/Users/codym/OneDrive/Documents/GitHub/FunkyFishGameRepository/FPS_Game/Content/Textures/T_TargetEnemy_Normal.uexp" 1138
"C:/Users/codym/OneDrive/Documents/GitHub/FunkyFishGameRepository/FPS_Game/Content/Textures/T_TargetEnemy_Colour.ubulk" 1139
"C:/Users/codym/OneDrive/Documents/GitHub/FunkyFishGameRepository/FPS_Game/Content/Textures/T_TargetEnemy_Colour.uasset" 1140
"C:/Users/codym/OneDrive/Documents/GitHub/FunkyFishGameRepository/FPS_Game/Content/Textures/T_TargetEnemy_Colour.uexp" 1141
"C:/Users/codym/OneDrive/Documents/GitHub/FunkyFishGameRepository/FPS_Game/Content/Materials/M_Enemy_Target.uasset" 1142
"C:/Users/codym/OneDrive/Documents/GitHub/FunkyFishGameRepository/FPS_Game/Content/Materials/M_Enemy_Target.uexp" 1143
"C:/Users/codym/OneDrive/Documents/GitHub/FunkyFishGameRepository/FPS_Game/Content/Meshes/SM_Enemy_Target.ubulk" 1144
"C:/Users/codym/OneDrive/Documents/GitHub/FunkyFishGameRepository/FPS_Game/Content/Meshes/SM_Enemy_Target.uasset" 1145
"C:/Users/codym/OneDrive/Documents/GitHub/FunkyFishGameRepository/FPS_Game/Content/Meshes/SM_Enemy_Target.uexp" 1146
"C:/Users/codym/OneDrive/Documents/GitHub/FunkyFishGameRepository/FPS_Game/Content/Materials/M_EnemyHit.uasset" 1147
"C:/Users/codym/OneDrive/Documents/GitHub/FunkyFishGameRepository/FPS_Game/Content/Materials/M_EnemyHit.uexp" 1148
"C:/Users/codym/OneDrive/Documents/GitHub/FunkyFishGameRepository/FPS_Game/Content/Materials/M_OutlineOverlay.uasset" 1149
"C:/Users/codym/OneDrive/Documents/GitHub/FunkyFishGameRepository/FPS_Game/Content/Materials/M_OutlineOverlay.uexp" 1150
"C:/Users/codym/OneDrive/Documents/GitHub/FunkyFishGameRepository/FPS_Game/Content/Materials/MI_Outline_Pickup.uasset" 1151
"C:/Users/codym/OneDrive/Documents/GitHub/FunkyFishGameRepository/FPS_Game/Content/Materials/MI_Outline_Pickup.uexp" 1152
"C:/Users/codym/OneDrive/Documents/GitHub/FunkyFishGameRepository/FPS_Game/Content/Sprites/SlotBackup.ubulk" 1153
"C:/Users/codym/OneDrive/Documents/GitHub/FunkyFishGameRepository/FPS_Game/Content/Sprites/SlotBackup.uasset" 1154
"C:/Users/codym/OneDrive/Documents/GitHub/FunkyFishGameRepository/FPS_Game/Content/Sprites/SlotBackup.uexp" 1155
"C:/Users/codym/OneDrive/Documents/GitHub/FunkyFishGameRepository/FPS_Game/Content/Sprites/SelectionIndicator.ubulk" 1156
"C:/Users/codym/OneDrive/Documents/GitHub/FunkyFishGameRepository/FPS_Game/Content/Sprites/SelectionIndicator.uasset" 1157
"C:/Users/codym/OneDrive/Documents/GitHub/FunkyFishGameRepository/FPS_Game/Content/Sprites/SelectionIndicator.uexp" 1158
"C:/Users/codym/OneDrive/Documents/GitHub/FunkyFishGameRepository/FPS_Game/Content/Sprites/EmptySlot.ubulk" 1159
"C:/Users/codym/OneDrive/Documents/GitHub/FunkyFishGameRepository/FPS_Game/Content/Sprites/EmptySlot.uasset" 1160
"C:/Users/codym/OneDrive/Documents/GitHub/FunkyFishGameRepository/FPS_Game/Content/Sprites/EmptySlot.uexp" 1161
"C:/Users/codym/OneDrive/Documents/GitHub/FunkyFishGameRepository/FPS_Game/Content/Sprites/CooldownFinishGlint.ubulk" 1162
"C:/Users/codym/OneDrive/Documents/GitHub/FunkyFishGameRepository/FPS_Game/Content/Sprites/CooldownFinishGlint.uasset" 1163
"C:/Users/codym/OneDrive/Documents/GitHub/FunkyFishGameRepository/FPS_Game/Content/Sprites/CooldownFinishGlint.uexp" 1164
"C:/Users/codym/OneDrive/Documents/GitHub/FunkyFishGameRepository/FPS_Game/Content/Sprites/Potion.ubulk" 1165
"C:/Users/codym/OneDrive/Documents/GitHub/FunkyFishGameRepository/FPS_Game/Content/Sprites/Potion.uasset" 1166
"C:/Users/codym/OneDrive/Documents/GitHub/FunkyFishGameRepository/FPS_Game/Content/Sprites/Potion.uexp" 1167
"C:/Users/codym/OneDrive/Documents/GitHub/FunkyFishGameRepository/FPS_Game/Content/Materials/M_Glass.uasset" 1168
"C:/Users/codym/OneDrive/Documents/GitHub/FunkyFishGameRepository/FPS_Game/Content/Materials/M_Glass.uexp" 1169
"C:/Users/codym/OneDrive/Documents/GitHub/FunkyFishGameRepository/FPS_Game/Content/Materials/M_Cork.uasset" 1170
"C:/Users/codym/OneDrive/Documents/GitHub/FunkyFishGameRepository/FPS_Game/Content/Materials/M_Cork.uexp" 1171
"C:/Users/codym/OneDrive/Documents/GitHub/FunkyFishGameRepository/FPS_Game/Content/Textures/T_Bubbles2.ubulk" 1172
"C:/Users/codym/OneDrive/Documents/GitHub/FunkyFishGameRepository/FPS_Game/Content/Textures/T_Bubbles2.uasset" 1173
"C:/Users/codym/OneDrive/Documents/GitHub/FunkyFishGameRepository/FPS_Game/Content/Textures/T_Bubbles2.uexp" 1174
"C:/Users/codym/OneDrive/Documents/GitHub/FunkyFishGameRepository/FPS_Game/Content/Materials/M_PotionLiquid.uasset" 1175
"C:/Users/codym/OneDrive/Documents/GitHub/FunkyFishGameRepository/FPS_Game/Content/Materials/M_PotionLiquid.uexp" 1176
"C:/Users/codym/OneDrive/Documents/GitHub/FunkyFishGameRepository/FPS_Game/Content/Meshes/SM_BasicPotion.ubulk" 1177
"C:/Users/codym/OneDrive/Documents/GitHub/FunkyFishGameRepository/FPS_Game/Content/Meshes/SM_BasicPotion.uasset" 1178
"C:/Users/codym/OneDrive/Documents/GitHub/FunkyFishGameRepository/FPS_Game/Content/Meshes/SM_BasicPotion.uexp" 1179
"../../../Engine/Content/BasicShapes/Sphere.ubulk" 1180
"../../../Engine/Content/BasicShapes/Sphere.uasset" 1181
"../../../Engine/Content/BasicShapes/Sphere.uexp" 1182
"C:/Users/codym/OneDrive/Documents/GitHub/FunkyFishGameRepository/FPS_Game/Content/Materials/M_Hitbox.uasset" 1183
"C:/Users/codym/OneDrive/Documents/GitHub/FunkyFishGameRepository/FPS_Game/Content/Materials/M_Hitbox.uexp" 1184
"C:/Users/codym/OneDrive/Documents/GitHub/FunkyFishGameRepository/FPS_Game/Content/Blueprints/FrameWork/VariableAssets/Enum_PotionEffectsList.uasset" 1185
"C:/Users/codym/OneDrive/Documents/GitHub/FunkyFishGameRepository/FPS_Game/Content/Blueprints/FrameWork/VariableAssets/Enum_PotionEffectsList.uexp" 1186
"../../../Engine/Plugins/FX/Niagara/Content/DefaultAssets/DefaultSpriteMaterial.uasset" 1187
"../../../Engine/Plugins/FX/Niagara/Content/DefaultAssets/DefaultSpriteMaterial.uexp" 1188
"C:/Users/codym/OneDrive/Documents/GitHub/FunkyFishGameRepository/FPS_Game/Content/Blueprints/Particles/PS_Splash.uasset" 1189
"C:/Users/codym/OneDrive/Documents/GitHub/FunkyFishGameRepository/FPS_Game/Content/Blueprints/Particles/PS_Splash.uexp" 1190
"C:/Users/codym/OneDrive/Documents/GitHub/FunkyFishGameRepository/FPS_Game/Content/Sprites/GlassShard3.ubulk" 1191
"C:/Users/codym/OneDrive/Documents/GitHub/FunkyFishGameRepository/FPS_Game/Content/Sprites/GlassShard3.uasset" 1192
"C:/Users/codym/OneDrive/Documents/GitHub/FunkyFishGameRepository/FPS_Game/Content/Sprites/GlassShard3.uexp" 1193
"C:/Users/codym/OneDrive/Documents/GitHub/FunkyFishGameRepository/FPS_Game/Content/Materials/M_GlassShard3.uasset" 1194
"C:/Users/codym/OneDrive/Documents/GitHub/FunkyFishGameRepository/FPS_Game/Content/Materials/M_GlassShard3.uexp" 1195
"C:/Users/codym/OneDrive/Documents/GitHub/FunkyFishGameRepository/FPS_Game/Content/Sprites/GlassShard2.ubulk" 1196
"C:/Users/codym/OneDrive/Documents/GitHub/FunkyFishGameRepository/FPS_Game/Content/Sprites/GlassShard2.uasset" 1197
"C:/Users/codym/OneDrive/Documents/GitHub/FunkyFishGameRepository/FPS_Game/Content/Sprites/GlassShard2.uexp" 1198
"C:/Users/codym/OneDrive/Documents/GitHub/FunkyFishGameRepository/FPS_Game/Content/Materials/M_GlassShard2.uasset" 1199
"C:/Users/codym/OneDrive/Documents/GitHub/FunkyFishGameRepository/FPS_Game/Content/Materials/M_GlassShard2.uexp" 1200
"C:/Users/codym/OneDrive/Documents/GitHub/FunkyFishGameRepository/FPS_Game/Content/Sprites/GlassShard1.ubulk" 1201
"C:/Users/codym/OneDrive/Documents/GitHub/FunkyFishGameRepository/FPS_Game/Content/Sprites/GlassShard1.uasset" 1202
"C:/Users/codym/OneDrive/Documents/GitHub/FunkyFishGameRepository/FPS_Game/Content/Sprites/GlassShard1.uexp" 1203
"C:/Users/codym/OneDrive/Documents/GitHub/FunkyFishGameRepository/FPS_Game/Content/Materials/M_GlassShard1.uasset" 1204
"C:/Users/codym/OneDrive/Documents/GitHub/FunkyFishGameRepository/FPS_Game/Content/Materials/M_GlassShard1.uexp" 1205
"C:/Users/codym/OneDrive/Documents/GitHub/FunkyFishGameRepository/FPS_Game/Content/Blueprints/Particles/PS_GlassShatter.uasset" 1206
"C:/Users/codym/OneDrive/Documents/GitHub/FunkyFishGameRepository/FPS_Game/Content/Blueprints/Particles/PS_GlassShatter.uexp" 1207
"../../../Engine/Content/EngineSounds/Master.uasset" 1208
"../../../Engine/Content/EngineSounds/Master.uexp" 1209
"../../../Engine/Content/EngineSounds/Normal_Attack.uasset" 1210
"../../../Engine/Content/EngineSounds/Normal_Attack.uexp" 1211
"../../../Engine/Content/EngineSounds/Duck_Normal_Attack_MixMod.uasset" 1212
"../../../Engine/Content/EngineSounds/Duck_Normal_Attack_MixMod.uexp" 1213
"../../../Engine/Content/EngineSounds/Special_Attack_PSM.uasset" 1214
"../../../Engine/Content/EngineSounds/Special_Attack_PSM.uexp" 1215
"../../../Engine/Content/EngineSounds/SFX.uasset" 1216
"../../../Engine/Content/EngineSounds/SFX.uexp" 1217
"C:/Users/codym/OneDrive/Documents/GitHub/FunkyFishGameRepository/FPS_Game/Content/Audio/A_GlassShatter.ubulk" 1218
"C:/Users/codym/OneDrive/Documents/GitHub/FunkyFishGameRepository/FPS_Game/Content/Audio/A_GlassShatter.uasset" 1219
"C:/Users/codym/OneDrive/Documents/GitHub/FunkyFishGameRepository/FPS_Game/Content/Audio/A_GlassShatter.uexp" 1220
"C:/Users/codym/OneDrive/Documents/GitHub/FunkyFishGameRepository/FPS_Game/Content/Blueprints/Actors/Potions/BP_Splash.uasset" 1221
"C:/Users/codym/OneDrive/Documents/GitHub/FunkyFishGameRepository/FPS_Game/Content/Blueprints/Actors/Potions/BP_Splash.uexp" 1222
"C:/Users/codym/OneDrive/Documents/GitHub/FunkyFishGameRepository/FPS_Game/Content/Blueprints/Actors/Potions/BP_Potion.uasset" 1223
"C:/Users/codym/OneDrive/Documents/GitHub/FunkyFishGameRepository/FPS_Game/Content/Blueprints/Actors/Potions/BP_Potion.uexp" 1224
"C:/Users/codym/OneDrive/Documents/GitHub/FunkyFishGameRepository/FPS_Game/Content/Blueprints/FrameWork/VariableAssets/S_InventoryStruct.uasset" 1225
"C:/Users/codym/OneDrive/Documents/GitHub/FunkyFishGameRepository/FPS_Game/Content/Blueprints/FrameWork/VariableAssets/S_InventoryStruct.uexp" 1226
"C:/Users/codym/OneDrive/Documents/GitHub/FunkyFishGameRepository/FPS_Game/Content/Blueprints/Particles/PS_PotionGlow.uasset" 1227
"C:/Users/codym/OneDrive/Documents/GitHub/FunkyFishGameRepository/FPS_Game/Content/Blueprints/Particles/PS_PotionGlow.uexp" 1228
"C:/Users/codym/OneDrive/Documents/GitHub/FunkyFishGameRepository/FPS_Game/Content/Blueprints/Actors/Interactables/Pickups/BP_PickUp_Potion.uasset" 1229
"C:/Users/codym/OneDrive/Documents/GitHub/FunkyFishGameRepository/FPS_Game/Content/Blueprints/Actors/Interactables/Pickups/BP_PickUp_Potion.uexp" 1230
"C:/Users/codym/OneDrive/Documents/GitHub/FunkyFishGameRepository/FPS_Game/Content/Blueprints/FrameWork/Avara.uexp" 1231
"C:/Users/codym/OneDrive/Documents/GitHub/FunkyFishGameRepository/FPS_Game/Content/Blueprints/FrameWork/Avara.uasset" 1232
"C:/Users/codym/OneDrive/Documents/GitHub/FunkyFishGameRepository/FPS_Game/Content/Blueprints/FrameWork/Avara.ufont" 1233
"C:/Users/codym/OneDrive/Documents/GitHub/FunkyFishGameRepository/FPS_Game/Content/Blueprints/FrameWork/Avara_Font.uasset" 1234
"C:/Users/codym/OneDrive/Documents/GitHub/FunkyFishGameRepository/FPS_Game/Content/Blueprints/FrameWork/Avara_Font.uexp" 1235
"C:/Users/codym/OneDrive/Documents/GitHub/FunkyFishGameRepository/FPS_Game/Content/Blueprints/FrameWork/VariableAssets/Enum_PortalTypes.uasset" 1236
"C:/Users/codym/OneDrive/Documents/GitHub/FunkyFishGameRepository/FPS_Game/Content/Blueprints/FrameWork/VariableAssets/Enum_PortalTypes.uexp" 1237
"C:/Users/codym/OneDrive/Documents/GitHub/FunkyFishGameRepository/FPS_Game/Content/Blueprints/FrameWork/VariableAssets/S_EnemyModifiers.uasset" 1238
"C:/Users/codym/OneDrive/Documents/GitHub/FunkyFishGameRepository/FPS_Game/Content/Blueprints/FrameWork/VariableAssets/S_EnemyModifiers.uexp" 1239
"C:/Users/codym/OneDrive/Documents/GitHub/FunkyFishGameRepository/FPS_Game/Content/Blueprints/FrameWork/VariableAssets/S_PlayerStats.uasset" 1240
"C:/Users/codym/OneDrive/Documents/GitHub/FunkyFishGameRepository/FPS_Game/Content/Blueprints/FrameWork/VariableAssets/S_PlayerStats.uexp" 1241
"C:/Users/codym/OneDrive/Documents/GitHub/FunkyFishGameRepository/FPS_Game/Content/Blueprints/FrameWork/Interface_PP.uasset" 1242
"C:/Users/codym/OneDrive/Documents/GitHub/FunkyFishGameRepository/FPS_Game/Content/Blueprints/FrameWork/Interface_PP.uexp" 1243
"C:/Users/codym/OneDrive/Documents/GitHub/FunkyFishGameRepository/FPS_Game/Content/Blueprints/Widgets/WBP_HotbarSlot.uasset" 1244
"C:/Users/codym/OneDrive/Documents/GitHub/FunkyFishGameRepository/FPS_Game/Content/Blueprints/Widgets/WBP_HotbarSlot.uexp" 1245
"C:/Users/codym/OneDrive/Documents/GitHub/FunkyFishGameRepository/FPS_Game/Content/Blueprints/Actors/Interactables/BP_Interact.uasset" 1246
"C:/Users/codym/OneDrive/Documents/GitHub/FunkyFishGameRepository/FPS_Game/Content/Blueprints/Actors/Interactables/BP_Interact.uexp" 1247
"C:/Users/codym/OneDrive/Documents/GitHub/FunkyFishGameRepository/FPS_Game/Content/Blueprints/Particles/PS_ItemGlow.uasset" 1248
"C:/Users/codym/OneDrive/Documents/GitHub/FunkyFishGameRepository/FPS_Game/Content/Blueprints/Particles/PS_ItemGlow.uexp" 1249
"C:/Users/codym/OneDrive/Documents/GitHub/FunkyFishGameRepository/FPS_Game/Content/Blueprints/FrameWork/VariableAssets/Enum_PickupType.uasset" 1250
"C:/Users/codym/OneDrive/Documents/GitHub/FunkyFishGameRepository/FPS_Game/Content/Blueprints/FrameWork/VariableAssets/Enum_PickupType.uexp" 1251
"../../../Engine/Plugins/Animation/ControlRig/Content/Controls/ControlRig_Diamond_solid.ubulk" 1252
"../../../Engine/Plugins/Animation/ControlRig/Content/Controls/ControlRig_Diamond_solid.uasset" 1253
"../../../Engine/Plugins/Animation/ControlRig/Content/Controls/ControlRig_Diamond_solid.uexp" 1254
"C:/Users/codym/OneDrive/Documents/GitHub/FunkyFishGameRepository/FPS_Game/Content/Blueprints/Actors/Interactables/Pickups/BP_PickUp.uasset" 1255
"C:/Users/codym/OneDrive/Documents/GitHub/FunkyFishGameRepository/FPS_Game/Content/Blueprints/Actors/Interactables/Pickups/BP_PickUp.uexp" 1256
"C:/Users/codym/OneDrive/Documents/GitHub/FunkyFishGameRepository/FPS_Game/Content/Textures/T_PickupItems_ORM.ubulk" 1257
"C:/Users/codym/OneDrive/Documents/GitHub/FunkyFishGameRepository/FPS_Game/Content/Textures/T_PickupItems_ORM.uasset" 1258
"C:/Users/codym/OneDrive/Documents/GitHub/FunkyFishGameRepository/FPS_Game/Content/Textures/T_PickupItems_ORM.uexp" 1259
"C:/Users/codym/OneDrive/Documents/GitHub/FunkyFishGameRepository/FPS_Game/Content/Textures/T_PickupItems_Normal.ubulk" 1260
"C:/Users/codym/OneDrive/Documents/GitHub/FunkyFishGameRepository/FPS_Game/Content/Textures/T_PickupItems_Normal.uasset" 1261
"C:/Users/codym/OneDrive/Documents/GitHub/FunkyFishGameRepository/FPS_Game/Content/Textures/T_PickupItems_Normal.uexp" 1262
"C:/Users/codym/OneDrive/Documents/GitHub/FunkyFishGameRepository/FPS_Game/Content/Textures/T_PickupItems_Emissive.ubulk" 1263
"C:/Users/codym/OneDrive/Documents/GitHub/FunkyFishGameRepository/FPS_Game/Content/Textures/T_PickupItems_Emissive.uasset" 1264
"C:/Users/codym/OneDrive/Documents/GitHub/FunkyFishGameRepository/FPS_Game/Content/Textures/T_PickupItems_Emissive.uexp" 1265
"C:/Users/codym/OneDrive/Documents/GitHub/FunkyFishGameRepository/FPS_Game/Content/Textures/T_PickupItems_Colour.ubulk" 1266
"C:/Users/codym/OneDrive/Documents/GitHub/FunkyFishGameRepository/FPS_Game/Content/Textures/T_PickupItems_Colour.uasset" 1267
"C:/Users/codym/OneDrive/Documents/GitHub/FunkyFishGameRepository/FPS_Game/Content/Textures/T_PickupItems_Colour.uexp" 1268
"C:/Users/codym/OneDrive/Documents/GitHub/FunkyFishGameRepository/FPS_Game/Content/Materials/M_PickupItems.uasset" 1269
"C:/Users/codym/OneDrive/Documents/GitHub/FunkyFishGameRepository/FPS_Game/Content/Materials/M_PickupItems.uexp" 1270
"C:/Users/codym/OneDrive/Documents/GitHub/FunkyFishGameRepository/FPS_Game/Content/Meshes/SM_SandDollar.ubulk" 1271
"C:/Users/codym/OneDrive/Documents/GitHub/FunkyFishGameRepository/FPS_Game/Content/Meshes/SM_SandDollar.uasset" 1272
"C:/Users/codym/OneDrive/Documents/GitHub/FunkyFishGameRepository/FPS_Game/Content/Meshes/SM_SandDollar.uexp" 1273
"C:/Users/codym/OneDrive/Documents/GitHub/FunkyFishGameRepository/FPS_Game/Content/Blueprints/Actors/Interactables/Pickups/BP_PickUp_SandDollar.uasset" 1274
"C:/Users/codym/OneDrive/Documents/GitHub/FunkyFishGameRepository/FPS_Game/Content/Blueprints/Actors/Interactables/Pickups/BP_PickUp_SandDollar.uexp" 1275
"C:/Users/codym/OneDrive/Documents/GitHub/FunkyFishGameRepository/FPS_Game/Content/Textures/T_HeartfruitSlice_Slice_ORM.ubulk" 1276
"C:/Users/codym/OneDrive/Documents/GitHub/FunkyFishGameRepository/FPS_Game/Content/Textures/T_HeartfruitSlice_Slice_ORM.uasset" 1277
"C:/Users/codym/OneDrive/Documents/GitHub/FunkyFishGameRepository/FPS_Game/Content/Textures/T_HeartfruitSlice_Slice_ORM.uexp" 1278
"C:/Users/codym/OneDrive/Documents/GitHub/FunkyFishGameRepository/FPS_Game/Content/Textures/T_HeartfruitSlice_Slice_Normal.ubulk" 1279
"C:/Users/codym/OneDrive/Documents/GitHub/FunkyFishGameRepository/FPS_Game/Content/Textures/T_HeartfruitSlice_Slice_Normal.uasset" 1280
"C:/Users/codym/OneDrive/Documents/GitHub/FunkyFishGameRepository/FPS_Game/Content/Textures/T_HeartfruitSlice_Slice_Normal.uexp" 1281
"C:/Users/codym/OneDrive/Documents/GitHub/FunkyFishGameRepository/FPS_Game/Content/Textures/T_HeartfruitSlice_Slice_Emissive.ubulk" 1282
"C:/Users/codym/OneDrive/Documents/GitHub/FunkyFishGameRepository/FPS_Game/Content/Textures/T_HeartfruitSlice_Slice_Emissive.uasset" 1283
"C:/Users/codym/OneDrive/Documents/GitHub/FunkyFishGameRepository/FPS_Game/Content/Textures/T_HeartfruitSlice_Slice_Emissive.uexp" 1284
"C:/Users/codym/OneDrive/Documents/GitHub/FunkyFishGameRepository/FPS_Game/Content/Textures/T_HeartfruitSlice_Slice_Colour.ubulk" 1285
"C:/Users/codym/OneDrive/Documents/GitHub/FunkyFishGameRepository/FPS_Game/Content/Textures/T_HeartfruitSlice_Slice_Colour.uasset" 1286
"C:/Users/codym/OneDrive/Documents/GitHub/FunkyFishGameRepository/FPS_Game/Content/Textures/T_HeartfruitSlice_Slice_Colour.uexp" 1287
"C:/Users/codym/OneDrive/Documents/GitHub/FunkyFishGameRepository/FPS_Game/Content/Materials/M_HeartfruitSlice.uasset" 1288
"C:/Users/codym/OneDrive/Documents/GitHub/FunkyFishGameRepository/FPS_Game/Content/Materials/M_HeartfruitSlice.uexp" 1289
"C:/Users/codym/OneDrive/Documents/GitHub/FunkyFishGameRepository/FPS_Game/Content/Meshes/SM_HeartfruitSlice.ubulk" 1290
"C:/Users/codym/OneDrive/Documents/GitHub/FunkyFishGameRepository/FPS_Game/Content/Meshes/SM_HeartfruitSlice.uasset" 1291
"C:/Users/codym/OneDrive/Documents/GitHub/FunkyFishGameRepository/FPS_Game/Content/Meshes/SM_HeartfruitSlice.uexp" 1292
"C:/Users/codym/OneDrive/Documents/GitHub/FunkyFishGameRepository/FPS_Game/Content/Blueprints/Actors/Interactables/Pickups/BP_PickUp_HeartfruitSlice.uasset" 1293
"C:/Users/codym/OneDrive/Documents/GitHub/FunkyFishGameRepository/FPS_Game/Content/Blueprints/Actors/Interactables/Pickups/BP_PickUp_HeartfruitSlice.uexp" 1294
"C:/Users/codym/OneDrive/Documents/GitHub/FunkyFishGameRepository/FPS_Game/Content/Meshes/SK_UE5_Adventure_03_Arms_Skeleton.uasset" 1295
"C:/Users/codym/OneDrive/Documents/GitHub/FunkyFishGameRepository/FPS_Game/Content/Meshes/SK_UE5_Adventure_03_Arms_Skeleton.uexp" 1296
"C:/Users/codym/OneDrive/Documents/GitHub/FunkyFishGameRepository/FPS_Game/Content/Meshes/SK_UE5_Adventure_03_Arms_PhysicsAsset.uasset" 1297
"C:/Users/codym/OneDrive/Documents/GitHub/FunkyFishGameRepository/FPS_Game/Content/Meshes/SK_UE5_Adventure_03_Arms_PhysicsAsset.uexp" 1298
"C:/Users/codym/OneDrive/Documents/GitHub/FunkyFishGameRepository/FPS_Game/Content/Textures/T_Adventure_RM.uexp" 1299
"C:/Users/codym/OneDrive/Documents/GitHub/FunkyFishGameRepository/FPS_Game/Content/Textures/T_Adventure_RM.ubulk" 1300
"C:/Users/codym/OneDrive/Documents/GitHub/FunkyFishGameRepository/FPS_Game/Content/Textures/T_Adventure_RM.uasset" 1301
"C:/Users/codym/OneDrive/Documents/GitHub/FunkyFishGameRepository/FPS_Game/Content/Textures/T_Adventure_RM.uptnl" 1302
"C:/Users/codym/OneDrive/Documents/GitHub/FunkyFishGameRepository/FPS_Game/Content/Textures/T_Adventure_O.uexp" 1303
"C:/Users/codym/OneDrive/Documents/GitHub/FunkyFishGameRepository/FPS_Game/Content/Textures/T_Adventure_O.ubulk" 1304
"C:/Users/codym/OneDrive/Documents/GitHub/FunkyFishGameRepository/FPS_Game/Content/Textures/T_Adventure_O.uasset" 1305
"C:/Users/codym/OneDrive/Documents/GitHub/FunkyFishGameRepository/FPS_Game/Content/Textures/T_Adventure_O.uptnl" 1306
"C:/Users/codym/OneDrive/Documents/GitHub/FunkyFishGameRepository/FPS_Game/Content/Textures/T_Adventure_03_Normals.uexp" 1307
"C:/Users/codym/OneDrive/Documents/GitHub/FunkyFishGameRepository/FPS_Game/Content/Textures/T_Adventure_03_Normals.ubulk" 1308
"C:/Users/codym/OneDrive/Documents/GitHub/FunkyFishGameRepository/FPS_Game/Content/Textures/T_Adventure_03_Normals.uasset" 1309
"C:/Users/codym/OneDrive/Documents/GitHub/FunkyFishGameRepository/FPS_Game/Content/Textures/T_Adventure_03_Normals.uptnl" 1310
"C:/Users/codym/OneDrive/Documents/GitHub/FunkyFishGameRepository/FPS_Game/Content/Textures/T_Adventure_03_Albedo_01.uexp" 1311
"C:/Users/codym/OneDrive/Documents/GitHub/FunkyFishGameRepository/FPS_Game/Content/Textures/T_Adventure_03_Albedo_01.ubulk" 1312
"C:/Users/codym/OneDrive/Documents/GitHub/FunkyFishGameRepository/FPS_Game/Content/Textures/T_Adventure_03_Albedo_01.uasset" 1313
"C:/Users/codym/OneDrive/Documents/GitHub/FunkyFishGameRepository/FPS_Game/Content/Textures/T_Adventure_03_Albedo_01.uptnl" 1314
"../../../Engine/Plugins/Interchange/Assets/Content/gltf/MaterialInstances/MI_Default_Opaque_DS.uasset" 1315
"../../../Engine/Plugins/Interchange/Assets/Content/gltf/MaterialInstances/MI_Default_Opaque_DS.uexp" 1316
"C:/Users/codym/OneDrive/Documents/GitHub/FunkyFishGameRepository/FPS_Game/Content/Materials/M_Adventure_03_01.uasset" 1317
"C:/Users/codym/OneDrive/Documents/GitHub/FunkyFishGameRepository/FPS_Game/Content/Materials/M_Adventure_03_01.uexp" 1318
"C:/Users/codym/OneDrive/Documents/GitHub/FunkyFishGameRepository/FPS_Game/Content/Meshes/SK_UE5_Adventure_03_Arms.uasset" 1319
"C:/Users/codym/OneDrive/Documents/GitHub/FunkyFishGameRepository/FPS_Game/Content/Meshes/SK_UE5_Adventure_03_Arms.uexp" 1320
"../../../Engine/Content/BasicShapes/Cube.ubulk" 1321
"../../../Engine/Content/BasicShapes/Cube.uasset" 1322
"../../../Engine/Content/BasicShapes/Cube.uexp" 1323
"C:/Users/codym/OneDrive/Documents/GitHub/FunkyFishGameRepository/FPS_Game/Content/Textures/T_LavaTextureAlpha.ubulk" 1324
"C:/Users/codym/OneDrive/Documents/GitHub/FunkyFishGameRepository/FPS_Game/Content/Textures/T_LavaTextureAlpha.uasset" 1325
"C:/Users/codym/OneDrive/Documents/GitHub/FunkyFishGameRepository/FPS_Game/Content/Textures/T_LavaTextureAlpha.uexp" 1326
"../../../Engine/Content/Functions/Engine_MaterialFunctions01/Gradient/LinearGradient.uasset" 1327
"../../../Engine/Content/Functions/Engine_MaterialFunctions01/Gradient/LinearGradient.uexp" 1328
"../../../Engine/Content/Functions/Engine_MaterialFunctions01/ImageAdjustment/CheapContrast.uasset" 1329
"../../../Engine/Content/Functions/Engine_MaterialFunctions01/ImageAdjustment/CheapContrast.uexp" 1330
"../../../Engine/Content/Functions/Engine_MaterialFunctions01/Texturing/WorldAlignedTexture.uasset" 1331
"../../../Engine/Content/Functions/Engine_MaterialFunctions01/Texturing/WorldAlignedTexture.uexp" 1332
"C:/Users/codym/OneDrive/Documents/GitHub/FunkyFishGameRepository/FPS_Game/Content/Materials/M_LavaVoronoi.uasset" 1333
"C:/Users/codym/OneDrive/Documents/GitHub/FunkyFishGameRepository/FPS_Game/Content/Materials/M_LavaVoronoi.uexp" 1334
"C:/Users/codym/OneDrive/Documents/GitHub/FunkyFishGameRepository/FPS_Game/Content/Sprites/Wind_Potion.ubulk" 1335
"C:/Users/codym/OneDrive/Documents/GitHub/FunkyFishGameRepository/FPS_Game/Content/Sprites/Wind_Potion.uasset" 1336
"C:/Users/codym/OneDrive/Documents/GitHub/FunkyFishGameRepository/FPS_Game/Content/Sprites/Wind_Potion.uexp" 1337
"C:/Users/codym/OneDrive/Documents/GitHub/FunkyFishGameRepository/FPS_Game/Content/Sprites/Stone_Potion.uasset" 1338
"C:/Users/codym/OneDrive/Documents/GitHub/FunkyFishGameRepository/FPS_Game/Content/Sprites/Stone_Potion.uexp" 1339
"C:/Users/codym/OneDrive/Documents/GitHub/FunkyFishGameRepository/FPS_Game/Content/Sprites/Flame_Potion.ubulk" 1340
"C:/Users/codym/OneDrive/Documents/GitHub/FunkyFishGameRepository/FPS_Game/Content/Sprites/Flame_Potion.uasset" 1341
"C:/Users/codym/OneDrive/Documents/GitHub/FunkyFishGameRepository/FPS_Game/Content/Sprites/Flame_Potion.uexp" 1342
"C:/Users/codym/OneDrive/Documents/GitHub/FunkyFishGameRepository/FPS_Game/Content/Sprites/Chilling_Potion.ubulk" 1343
"C:/Users/codym/OneDrive/Documents/GitHub/FunkyFishGameRepository/FPS_Game/Content/Sprites/Chilling_Potion.uasset" 1344
"C:/Users/codym/OneDrive/Documents/GitHub/FunkyFishGameRepository/FPS_Game/Content/Sprites/Chilling_Potion.uexp" 1345
"C:/Users/codym/OneDrive/Documents/GitHub/FunkyFishGameRepository/FPS_Game/Content/Materials/MI_Glass_Blue.uasset" 1346
"C:/Users/codym/OneDrive/Documents/GitHub/FunkyFishGameRepository/FPS_Game/Content/Materials/MI_Glass_Blue.uexp" 1347
"C:/Users/codym/OneDrive/Documents/GitHub/FunkyFishGameRepository/FPS_Game/Content/Materials/MI_PotionLiquid_Blue.uasset" 1348
"C:/Users/codym/OneDrive/Documents/GitHub/FunkyFishGameRepository/FPS_Game/Content/Materials/MI_PotionLiquid_Blue.uexp" 1349
"C:/Users/codym/OneDrive/Documents/GitHub/FunkyFishGameRepository/FPS_Game/Content/Meshes/SM_Potion_Wind.ubulk" 1350
"C:/Users/codym/OneDrive/Documents/GitHub/FunkyFishGameRepository/FPS_Game/Content/Meshes/SM_Potion_Wind.uasset" 1351
"C:/Users/codym/OneDrive/Documents/GitHub/FunkyFishGameRepository/FPS_Game/Content/Meshes/SM_Potion_Wind.uexp" 1352
"C:/Users/codym/OneDrive/Documents/GitHub/FunkyFishGameRepository/FPS_Game/Content/Textures/T_Potion_Stone_Cork_ORM.ubulk" 1353
"C:/Users/codym/OneDrive/Documents/GitHub/FunkyFishGameRepository/FPS_Game/Content/Textures/T_Potion_Stone_Cork_ORM.uasset" 1354
"C:/Users/codym/OneDrive/Documents/GitHub/FunkyFishGameRepository/FPS_Game/Content/Textures/T_Potion_Stone_Cork_ORM.uexp" 1355
"C:/Users/codym/OneDrive/Documents/GitHub/FunkyFishGameRepository/FPS_Game/Content/Textures/T_Potion_Stone_Cork_Normal.ubulk" 1356
"C:/Users/codym/OneDrive/Documents/GitHub/FunkyFishGameRepository/FPS_Game/Content/Textures/T_Potion_Stone_Cork_Normal.uasset" 1357
"C:/Users/codym/OneDrive/Documents/GitHub/FunkyFishGameRepository/FPS_Game/Content/Textures/T_Potion_Stone_Cork_Normal.uexp" 1358
"C:/Users/codym/OneDrive/Documents/GitHub/FunkyFishGameRepository/FPS_Game/Content/Textures/T_Potion_Stone_Cork_Colour.ubulk" 1359
"C:/Users/codym/OneDrive/Documents/GitHub/FunkyFishGameRepository/FPS_Game/Content/Textures/T_Potion_Stone_Cork_Colour.uasset" 1360
"C:/Users/codym/OneDrive/Documents/GitHub/FunkyFishGameRepository/FPS_Game/Content/Textures/T_Potion_Stone_Cork_Colour.uexp" 1361
"C:/Users/codym/OneDrive/Documents/GitHub/FunkyFishGameRepository/FPS_Game/Content/Materials/M_Earth_Potion_Cork.uasset" 1362
"C:/Users/codym/OneDrive/Documents/GitHub/FunkyFishGameRepository/FPS_Game/Content/Materials/M_Earth_Potion_Cork.uexp" 1363
"C:/Users/codym/OneDrive/Documents/GitHub/FunkyFishGameRepository/FPS_Game/Content/Textures/T_Potion_Stone_ORM.ubulk" 1364
"C:/Users/codym/OneDrive/Documents/GitHub/FunkyFishGameRepository/FPS_Game/Content/Textures/T_Potion_Stone_ORM.uasset" 1365
"C:/Users/codym/OneDrive/Documents/GitHub/FunkyFishGameRepository/FPS_Game/Content/Textures/T_Potion_Stone_ORM.uexp" 1366
"C:/Users/codym/OneDrive/Documents/GitHub/FunkyFishGameRepository/FPS_Game/Content/Textures/T_Potion_Stone_Normal.ubulk" 1367
"C:/Users/codym/OneDrive/Documents/GitHub/FunkyFishGameRepository/FPS_Game/Content/Textures/T_Potion_Stone_Normal.uasset" 1368
"C:/Users/codym/OneDrive/Documents/GitHub/FunkyFishGameRepository/FPS_Game/Content/Textures/T_Potion_Stone_Normal.uexp" 1369
"C:/Users/codym/OneDrive/Documents/GitHub/FunkyFishGameRepository/FPS_Game/Content/Textures/T_Potion_Stone_Colour.ubulk" 1370
"C:/Users/codym/OneDrive/Documents/GitHub/FunkyFishGameRepository/FPS_Game/Content/Textures/T_Potion_Stone_Colour.uasset" 1371
"C:/Users/codym/OneDrive/Documents/GitHub/FunkyFishGameRepository/FPS_Game/Content/Textures/T_Potion_Stone_Colour.uexp" 1372
"C:/Users/codym/OneDrive/Documents/GitHub/FunkyFishGameRepository/FPS_Game/Content/Materials/M_Earth_Potion.uasset" 1373
"C:/Users/codym/OneDrive/Documents/GitHub/FunkyFishGameRepository/FPS_Game/Content/Materials/M_Earth_Potion.uexp" 1374
"C:/Users/codym/OneDrive/Documents/GitHub/FunkyFishGameRepository/FPS_Game/Content/Meshes/SM_Potion_Stone.ubulk" 1375
"C:/Users/codym/OneDrive/Documents/GitHub/FunkyFishGameRepository/FPS_Game/Content/Meshes/SM_Potion_Stone.uasset" 1376
"C:/Users/codym/OneDrive/Documents/GitHub/FunkyFishGameRepository/FPS_Game/Content/Meshes/SM_Potion_Stone.uexp" 1377
"C:/Users/codym/OneDrive/Documents/GitHub/FunkyFishGameRepository/FPS_Game/Content/Materials/MI_PotionLiquid_Orange.uasset" 1378
"C:/Users/codym/OneDrive/Documents/GitHub/FunkyFishGameRepository/FPS_Game/Content/Materials/MI_PotionLiquid_Orange.uexp" 1379
"C:/Users/codym/OneDrive/Documents/GitHub/FunkyFishGameRepository/FPS_Game/Content/Materials/M_Tag.uasset" 1380
"C:/Users/codym/OneDrive/Documents/GitHub/FunkyFishGameRepository/FPS_Game/Content/Materials/M_Tag.uexp" 1381
"C:/Users/codym/OneDrive/Documents/GitHub/FunkyFishGameRepository/FPS_Game/Content/Materials/MI_Glass_LightRed.uasset" 1382
"C:/Users/codym/OneDrive/Documents/GitHub/FunkyFishGameRepository/FPS_Game/Content/Materials/MI_Glass_LightRed.uexp" 1383
"C:/Users/codym/OneDrive/Documents/GitHub/FunkyFishGameRepository/FPS_Game/Content/Meshes/SM_Potion_Flame.ubulk" 1384
"C:/Users/codym/OneDrive/Documents/GitHub/FunkyFishGameRepository/FPS_Game/Content/Meshes/SM_Potion_Flame.uasset" 1385
"C:/Users/codym/OneDrive/Documents/GitHub/FunkyFishGameRepository/FPS_Game/Content/Meshes/SM_Potion_Flame.uexp" 1386
"C:/Users/codym/OneDrive/Documents/GitHub/FunkyFishGameRepository/FPS_Game/Content/Materials/MI_PotionLiquid_LightBlue.uasset" 1387
"C:/Users/codym/OneDrive/Documents/GitHub/FunkyFishGameRepository/FPS_Game/Content/Materials/MI_PotionLiquid_LightBlue.uexp" 1388
"C:/Users/codym/OneDrive/Documents/GitHub/FunkyFishGameRepository/FPS_Game/Content/Textures/T_Potion_Chilling_ORM.ubulk" 1389
"C:/Users/codym/OneDrive/Documents/GitHub/FunkyFishGameRepository/FPS_Game/Content/Textures/T_Potion_Chilling_ORM.uasset" 1390
"C:/Users/codym/OneDrive/Documents/GitHub/FunkyFishGameRepository/FPS_Game/Content/Textures/T_Potion_Chilling_ORM.uexp" 1391
"C:/Users/codym/OneDrive/Documents/GitHub/FunkyFishGameRepository/FPS_Game/Content/Textures/T_Potion_Chilling_Normal.ubulk" 1392
"C:/Users/codym/OneDrive/Documents/GitHub/FunkyFishGameRepository/FPS_Game/Content/Textures/T_Potion_Chilling_Normal.uasset" 1393
"C:/Users/codym/OneDrive/Documents/GitHub/FunkyFishGameRepository/FPS_Game/Content/Textures/T_Potion_Chilling_Normal.uexp" 1394
"C:/Users/codym/OneDrive/Documents/GitHub/FunkyFishGameRepository/FPS_Game/Content/Textures/T_Potion_Chilling_Colour.ubulk" 1395
"C:/Users/codym/OneDrive/Documents/GitHub/FunkyFishGameRepository/FPS_Game/Content/Textures/T_Potion_Chilling_Colour.uasset" 1396
"C:/Users/codym/OneDrive/Documents/GitHub/FunkyFishGameRepository/FPS_Game/Content/Textures/T_Potion_Chilling_Colour.uexp" 1397
"C:/Users/codym/OneDrive/Documents/GitHub/FunkyFishGameRepository/FPS_Game/Content/Materials/M_Potion_ChillingDecor.uasset" 1398
"C:/Users/codym/OneDrive/Documents/GitHub/FunkyFishGameRepository/FPS_Game/Content/Materials/M_Potion_ChillingDecor.uexp" 1399
"C:/Users/codym/OneDrive/Documents/GitHub/FunkyFishGameRepository/FPS_Game/Content/Meshes/SM_Potion_Chilling.ubulk" 1400
"C:/Users/codym/OneDrive/Documents/GitHub/FunkyFishGameRepository/FPS_Game/Content/Meshes/SM_Potion_Chilling.uasset" 1401
"C:/Users/codym/OneDrive/Documents/GitHub/FunkyFishGameRepository/FPS_Game/Content/Meshes/SM_Potion_Chilling.uexp" 1402
"../../../Engine/Content/BasicShapes/Plane.ubulk" 1403
"../../../Engine/Content/BasicShapes/Plane.uasset" 1404
"../../../Engine/Content/BasicShapes/Plane.uexp" 1405
"C:/Users/codym/OneDrive/Documents/GitHub/FunkyFishGameRepository/FPS_Game/Content/Textures/T_Portal_Inactive_ORM.ubulk" 1406
"C:/Users/codym/OneDrive/Documents/GitHub/FunkyFishGameRepository/FPS_Game/Content/Textures/T_Portal_Inactive_ORM.uasset" 1407
"C:/Users/codym/OneDrive/Documents/GitHub/FunkyFishGameRepository/FPS_Game/Content/Textures/T_Portal_Inactive_ORM.uexp" 1408
"C:/Users/codym/OneDrive/Documents/GitHub/FunkyFishGameRepository/FPS_Game/Content/Textures/T_Portal_Inactive_Normal.ubulk" 1409
"C:/Users/codym/OneDrive/Documents/GitHub/FunkyFishGameRepository/FPS_Game/Content/Textures/T_Portal_Inactive_Normal.uasset" 1410
"C:/Users/codym/OneDrive/Documents/GitHub/FunkyFishGameRepository/FPS_Game/Content/Textures/T_Portal_Inactive_Normal.uexp" 1411
"C:/Users/codym/OneDrive/Documents/GitHub/FunkyFishGameRepository/FPS_Game/Content/Textures/T_Portal_Inactive_Colour.ubulk" 1412
"C:/Users/codym/OneDrive/Documents/GitHub/FunkyFishGameRepository/FPS_Game/Content/Textures/T_Portal_Inactive_Colour.uasset" 1413
"C:/Users/codym/OneDrive/Documents/GitHub/FunkyFishGameRepository/FPS_Game/Content/Textures/T_Portal_Inactive_Colour.uexp" 1414
"C:/Users/codym/OneDrive/Documents/GitHub/FunkyFishGameRepository/FPS_Game/Content/Materials/M_PortalFrame_Inactive.uasset" 1415
"C:/Users/codym/OneDrive/Documents/GitHub/FunkyFishGameRepository/FPS_Game/Content/Materials/M_PortalFrame_Inactive.uexp" 1416
"C:/Users/codym/OneDrive/Documents/GitHub/FunkyFishGameRepository/FPS_Game/Content/Meshes/SM_PortalFrameBase.ubulk" 1417
"C:/Users/codym/OneDrive/Documents/GitHub/FunkyFishGameRepository/FPS_Game/Content/Meshes/SM_PortalFrameBase.uasset" 1418
"C:/Users/codym/OneDrive/Documents/GitHub/FunkyFishGameRepository/FPS_Game/Content/Meshes/SM_PortalFrameBase.uexp" 1419
"C:/Users/codym/OneDrive/Documents/GitHub/FunkyFishGameRepository/FPS_Game/Content/Textures/T_Portal1.ubulk" 1420
"C:/Users/codym/OneDrive/Documents/GitHub/FunkyFishGameRepository/FPS_Game/Content/Textures/T_Portal1.uasset" 1421
"C:/Users/codym/OneDrive/Documents/GitHub/FunkyFishGameRepository/FPS_Game/Content/Textures/T_Portal1.uexp" 1422
"C:/Users/codym/OneDrive/Documents/GitHub/FunkyFishGameRepository/FPS_Game/Content/Materials/M_PortalMagic.uasset" 1423
"C:/Users/codym/OneDrive/Documents/GitHub/FunkyFishGameRepository/FPS_Game/Content/Materials/M_PortalMagic.uexp" 1424
"C:/Users/codym/OneDrive/Documents/GitHub/FunkyFishGameRepository/FPS_Game/Content/Materials/MI_PortalMagic_Purple.uasset" 1425
"C:/Users/codym/OneDrive/Documents/GitHub/FunkyFishGameRepository/FPS_Game/Content/Materials/MI_PortalMagic_Purple.uexp" 1426
"C:/Users/codym/OneDrive/Documents/GitHub/FunkyFishGameRepository/FPS_Game/Content/Textures/T_Portal_Treasure_ORM.ubulk" 1427
"C:/Users/codym/OneDrive/Documents/GitHub/FunkyFishGameRepository/FPS_Game/Content/Textures/T_Portal_Treasure_ORM.uasset" 1428
"C:/Users/codym/OneDrive/Documents/GitHub/FunkyFishGameRepository/FPS_Game/Content/Textures/T_Portal_Treasure_ORM.uexp" 1429
"C:/Users/codym/OneDrive/Documents/GitHub/FunkyFishGameRepository/FPS_Game/Content/Textures/T_Portal_Treasure_Normal.ubulk" 1430
"C:/Users/codym/OneDrive/Documents/GitHub/FunkyFishGameRepository/FPS_Game/Content/Textures/T_Portal_Treasure_Normal.uasset" 1431
"C:/Users/codym/OneDrive/Documents/GitHub/FunkyFishGameRepository/FPS_Game/Content/Textures/T_Portal_Treasure_Normal.uexp" 1432
"C:/Users/codym/OneDrive/Documents/GitHub/FunkyFishGameRepository/FPS_Game/Content/Textures/T_Portal_Treasure_Emissive.ubulk" 1433
"C:/Users/codym/OneDrive/Documents/GitHub/FunkyFishGameRepository/FPS_Game/Content/Textures/T_Portal_Treasure_Emissive.uasset" 1434
"C:/Users/codym/OneDrive/Documents/GitHub/FunkyFishGameRepository/FPS_Game/Content/Textures/T_Portal_Treasure_Emissive.uexp" 1435
"C:/Users/codym/OneDrive/Documents/GitHub/FunkyFishGameRepository/FPS_Game/Content/Textures/T_Portal_Treasure_Colour.ubulk" 1436
"C:/Users/codym/OneDrive/Documents/GitHub/FunkyFishGameRepository/FPS_Game/Content/Textures/T_Portal_Treasure_Colour.uasset" 1437
"C:/Users/codym/OneDrive/Documents/GitHub/FunkyFishGameRepository/FPS_Game/Content/Textures/T_Portal_Treasure_Colour.uexp" 1438
"C:/Users/codym/OneDrive/Documents/GitHub/FunkyFishGameRepository/FPS_Game/Content/Materials/M_PortalFrame_Yellow.uasset" 1439
"C:/Users/codym/OneDrive/Documents/GitHub/FunkyFishGameRepository/FPS_Game/Content/Materials/M_PortalFrame_Yellow.uexp" 1440
"C:/Users/codym/OneDrive/Documents/GitHub/FunkyFishGameRepository/FPS_Game/Content/Textures/T_Portal_Opus_ORM.ubulk" 1441
"C:/Users/codym/OneDrive/Documents/GitHub/FunkyFishGameRepository/FPS_Game/Content/Textures/T_Portal_Opus_ORM.uasset" 1442
"C:/Users/codym/OneDrive/Documents/GitHub/FunkyFishGameRepository/FPS_Game/Content/Textures/T_Portal_Opus_ORM.uexp" 1443
"C:/Users/codym/OneDrive/Documents/GitHub/FunkyFishGameRepository/FPS_Game/Content/Textures/T_Portal_Opus_Normal.ubulk" 1444
"C:/Users/codym/OneDrive/Documents/GitHub/FunkyFishGameRepository/FPS_Game/Content/Textures/T_Portal_Opus_Normal.uasset" 1445
"C:/Users/codym/OneDrive/Documents/GitHub/FunkyFishGameRepository/FPS_Game/Content/Textures/T_Portal_Opus_Normal.uexp" 1446
"C:/Users/codym/OneDrive/Documents/GitHub/FunkyFishGameRepository/FPS_Game/Content/Textures/T_Portal_Opus_Emissive.ubulk" 1447
"C:/Users/codym/OneDrive/Documents/GitHub/FunkyFishGameRepository/FPS_Game/Content/Textures/T_Portal_Opus_Emissive.uasset" 1448
"C:/Users/codym/OneDrive/Documents/GitHub/FunkyFishGameRepository/FPS_Game/Content/Textures/T_Portal_Opus_Emissive.uexp" 1449
"C:/Users/codym/OneDrive/Documents/GitHub/FunkyFishGameRepository/FPS_Game/Content/Textures/T_Portal_Opus_Colour.ubulk" 1450
"C:/Users/codym/OneDrive/Documents/GitHub/FunkyFishGameRepository/FPS_Game/Content/Textures/T_Portal_Opus_Colour.uasset" 1451
"C:/Users/codym/OneDrive/Documents/GitHub/FunkyFishGameRepository/FPS_Game/Content/Textures/T_Portal_Opus_Colour.uexp" 1452
"C:/Users/codym/OneDrive/Documents/GitHub/FunkyFishGameRepository/FPS_Game/Content/Materials/M_PortalFrame_White.uasset" 1453
"C:/Users/codym/OneDrive/Documents/GitHub/FunkyFishGameRepository/FPS_Game/Content/Materials/M_PortalFrame_White.uexp" 1454
"C:/Users/codym/OneDrive/Documents/GitHub/FunkyFishGameRepository/FPS_Game/Content/Textures/T_Portal_Boss_ORM.ubulk" 1455
"C:/Users/codym/OneDrive/Documents/GitHub/FunkyFishGameRepository/FPS_Game/Content/Textures/T_Portal_Boss_ORM.uasset" 1456
"C:/Users/codym/OneDrive/Documents/GitHub/FunkyFishGameRepository/FPS_Game/Content/Textures/T_Portal_Boss_ORM.uexp" 1457
"C:/Users/codym/OneDrive/Documents/GitHub/FunkyFishGameRepository/FPS_Game/Content/Textures/T_Portal_Boss_Normal.ubulk" 1458
"C:/Users/codym/OneDrive/Documents/GitHub/FunkyFishGameRepository/FPS_Game/Content/Textures/T_Portal_Boss_Normal.uasset" 1459
"C:/Users/codym/OneDrive/Documents/GitHub/FunkyFishGameRepository/FPS_Game/Content/Textures/T_Portal_Boss_Normal.uexp" 1460
"C:/Users/codym/OneDrive/Documents/GitHub/FunkyFishGameRepository/FPS_Game/Content/Textures/T_Portal_Boss_Emissive.ubulk" 1461
"C:/Users/codym/OneDrive/Documents/GitHub/FunkyFishGameRepository/FPS_Game/Content/Textures/T_Portal_Boss_Emissive.uasset" 1462
"C:/Users/codym/OneDrive/Documents/GitHub/FunkyFishGameRepository/FPS_Game/Content/Textures/T_Portal_Boss_Emissive.uexp" 1463
"C:/Users/codym/OneDrive/Documents/GitHub/FunkyFishGameRepository/FPS_Game/Content/Textures/T_Portal_Boss_Colour.ubulk" 1464
"C:/Users/codym/OneDrive/Documents/GitHub/FunkyFishGameRepository/FPS_Game/Content/Textures/T_Portal_Boss_Colour.uasset" 1465
"C:/Users/codym/OneDrive/Documents/GitHub/FunkyFishGameRepository/FPS_Game/Content/Textures/T_Portal_Boss_Colour.uexp" 1466
"C:/Users/codym/OneDrive/Documents/GitHub/FunkyFishGameRepository/FPS_Game/Content/Materials/M_PortalFrame_Red.uasset" 1467
"C:/Users/codym/OneDrive/Documents/GitHub/FunkyFishGameRepository/FPS_Game/Content/Materials/M_PortalFrame_Red.uexp" 1468
"C:/Users/codym/OneDrive/Documents/GitHub/FunkyFishGameRepository/FPS_Game/Content/Textures/T_Portal_Hub_ORM.ubulk" 1469
"C:/Users/codym/OneDrive/Documents/GitHub/FunkyFishGameRepository/FPS_Game/Content/Textures/T_Portal_Hub_ORM.uasset" 1470
"C:/Users/codym/OneDrive/Documents/GitHub/FunkyFishGameRepository/FPS_Game/Content/Textures/T_Portal_Hub_ORM.uexp" 1471
"C:/Users/codym/OneDrive/Documents/GitHub/FunkyFishGameRepository/FPS_Game/Content/Textures/T_Portal_Hub_Normal.ubulk" 1472
"C:/Users/codym/OneDrive/Documents/GitHub/FunkyFishGameRepository/FPS_Game/Content/Textures/T_Portal_Hub_Normal.uasset" 1473
"C:/Users/codym/OneDrive/Documents/GitHub/FunkyFishGameRepository/FPS_Game/Content/Textures/T_Portal_Hub_Normal.uexp" 1474
"C:/Users/codym/OneDrive/Documents/GitHub/FunkyFishGameRepository/FPS_Game/Content/Textures/T_Portal_Hub_Emissive.ubulk" 1475
"C:/Users/codym/OneDrive/Documents/GitHub/FunkyFishGameRepository/FPS_Game/Content/Textures/T_Portal_Hub_Emissive.uasset" 1476
"C:/Users/codym/OneDrive/Documents/GitHub/FunkyFishGameRepository/FPS_Game/Content/Textures/T_Portal_Hub_Emissive.uexp" 1477
"C:/Users/codym/OneDrive/Documents/GitHub/FunkyFishGameRepository/FPS_Game/Content/Textures/T_Portal_Hub_Colour.ubulk" 1478
"C:/Users/codym/OneDrive/Documents/GitHub/FunkyFishGameRepository/FPS_Game/Content/Textures/T_Portal_Hub_Colour.uasset" 1479
"C:/Users/codym/OneDrive/Documents/GitHub/FunkyFishGameRepository/FPS_Game/Content/Textures/T_Portal_Hub_Colour.uexp" 1480
"C:/Users/codym/OneDrive/Documents/GitHub/FunkyFishGameRepository/FPS_Game/Content/Materials/M_PortalFrame_Pink.uasset" 1481
"C:/Users/codym/OneDrive/Documents/GitHub/FunkyFishGameRepository/FPS_Game/Content/Materials/M_PortalFrame_Pink.uexp" 1482
"C:/Users/codym/OneDrive/Documents/GitHub/FunkyFishGameRepository/FPS_Game/Content/Textures/T_Portal_Battle_ORM.ubulk" 1483
"C:/Users/codym/OneDrive/Documents/GitHub/FunkyFishGameRepository/FPS_Game/Content/Textures/T_Portal_Battle_ORM.uasset" 1484
"C:/Users/codym/OneDrive/Documents/GitHub/FunkyFishGameRepository/FPS_Game/Content/Textures/T_Portal_Battle_ORM.uexp" 1485
"C:/Users/codym/OneDrive/Documents/GitHub/FunkyFishGameRepository/FPS_Game/Content/Textures/T_Portal_Battle_Normal.ubulk" 1486
"C:/Users/codym/OneDrive/Documents/GitHub/FunkyFishGameRepository/FPS_Game/Content/Textures/T_Portal_Battle_Normal.uasset" 1487
"C:/Users/codym/OneDrive/Documents/GitHub/FunkyFishGameRepository/FPS_Game/Content/Textures/T_Portal_Battle_Normal.uexp" 1488
"C:/Users/codym/OneDrive/Documents/GitHub/FunkyFishGameRepository/FPS_Game/Content/Textures/T_Portal_Battle_Emissive.ubulk" 1489
"C:/Users/codym/OneDrive/Documents/GitHub/FunkyFishGameRepository/FPS_Game/Content/Textures/T_Portal_Battle_Emissive.uasset" 1490
"C:/Users/codym/OneDrive/Documents/GitHub/FunkyFishGameRepository/FPS_Game/Content/Textures/T_Portal_Battle_Emissive.uexp" 1491
"C:/Users/codym/OneDrive/Documents/GitHub/FunkyFishGameRepository/FPS_Game/Content/Textures/T_Portal_Battle_Colour.ubulk" 1492
"C:/Users/codym/OneDrive/Documents/GitHub/FunkyFishGameRepository/FPS_Game/Content/Textures/T_Portal_Battle_Colour.uasset" 1493
"C:/Users/codym/OneDrive/Documents/GitHub/FunkyFishGameRepository/FPS_Game/Content/Textures/T_Portal_Battle_Colour.uexp" 1494
"C:/Users/codym/OneDrive/Documents/GitHub/FunkyFishGameRepository/FPS_Game/Content/Materials/M_PortalFrame_Orange.uasset" 1495
"C:/Users/codym/OneDrive/Documents/GitHub/FunkyFishGameRepository/FPS_Game/Content/Materials/M_PortalFrame_Orange.uexp" 1496
"C:/Users/codym/OneDrive/Documents/GitHub/FunkyFishGameRepository/FPS_Game/Content/Textures/T_Portal_Rest_ORM.ubulk" 1497
"C:/Users/codym/OneDrive/Documents/GitHub/FunkyFishGameRepository/FPS_Game/Content/Textures/T_Portal_Rest_ORM.uasset" 1498
"C:/Users/codym/OneDrive/Documents/GitHub/FunkyFishGameRepository/FPS_Game/Content/Textures/T_Portal_Rest_ORM.uexp" 1499
"C:/Users/codym/OneDrive/Documents/GitHub/FunkyFishGameRepository/FPS_Game/Content/Textures/T_Portal_Rest_Normal.ubulk" 1500
"C:/Users/codym/OneDrive/Documents/GitHub/FunkyFishGameRepository/FPS_Game/Content/Textures/T_Portal_Rest_Normal.uasset" 1501
"C:/Users/codym/OneDrive/Documents/GitHub/FunkyFishGameRepository/FPS_Game/Content/Textures/T_Portal_Rest_Normal.uexp" 1502
"C:/Users/codym/OneDrive/Documents/GitHub/FunkyFishGameRepository/FPS_Game/Content/Textures/T_Portal_Rest_Emissive.ubulk" 1503
"C:/Users/codym/OneDrive/Documents/GitHub/FunkyFishGameRepository/FPS_Game/Content/Textures/T_Portal_Rest_Emissive.uasset" 1504
"C:/Users/codym/OneDrive/Documents/GitHub/FunkyFishGameRepository/FPS_Game/Content/Textures/T_Portal_Rest_Emissive.uexp" 1505
"C:/Users/codym/OneDrive/Documents/GitHub/FunkyFishGameRepository/FPS_Game/Content/Textures/T_Portal_Rest_Colour.ubulk" 1506
"C:/Users/codym/OneDrive/Documents/GitHub/FunkyFishGameRepository/FPS_Game/Content/Textures/T_Portal_Rest_Colour.uasset" 1507
"C:/Users/codym/OneDrive/Documents/GitHub/FunkyFishGameRepository/FPS_Game/Content/Textures/T_Portal_Rest_Colour.uexp" 1508
"C:/Users/codym/OneDrive/Documents/GitHub/FunkyFishGameRepository/FPS_Game/Content/Materials/M_PortalFrame_Green.uasset" 1509
"C:/Users/codym/OneDrive/Documents/GitHub/FunkyFishGameRepository/FPS_Game/Content/Materials/M_PortalFrame_Green.uexp" 1510
"C:/Users/codym/OneDrive/Documents/GitHub/FunkyFishGameRepository/FPS_Game/Content/Textures/T_Portal_Challenge_ORM.ubulk" 1511
"C:/Users/codym/OneDrive/Documents/GitHub/FunkyFishGameRepository/FPS_Game/Content/Textures/T_Portal_Challenge_ORM.uasset" 1512
"C:/Users/codym/OneDrive/Documents/GitHub/FunkyFishGameRepository/FPS_Game/Content/Textures/T_Portal_Challenge_ORM.uexp" 1513
"C:/Users/codym/OneDrive/Documents/GitHub/FunkyFishGameRepository/FPS_Game/Content/Textures/T_Portal_Challenge_Normal.ubulk" 1514
"C:/Users/codym/OneDrive/Documents/GitHub/FunkyFishGameRepository/FPS_Game/Content/Textures/T_Portal_Challenge_Normal.uasset" 1515
"C:/Users/codym/OneDrive/Documents/GitHub/FunkyFishGameRepository/FPS_Game/Content/Textures/T_Portal_Challenge_Normal.uexp" 1516
"C:/Users/codym/OneDrive/Documents/GitHub/FunkyFishGameRepository/FPS_Game/Content/Textures/T_Portal_Challenge_Emissive.ubulk" 1517
"C:/Users/codym/OneDrive/Documents/GitHub/FunkyFishGameRepository/FPS_Game/Content/Textures/T_Portal_Challenge_Emissive.uasset" 1518
"C:/Users/codym/OneDrive/Documents/GitHub/FunkyFishGameRepository/FPS_Game/Content/Textures/T_Portal_Challenge_Emissive.uexp" 1519
"C:/Users/codym/OneDrive/Documents/GitHub/FunkyFishGameRepository/FPS_Game/Content/Textures/T_Portal_Challenge_Colour.ubulk" 1520
"C:/Users/codym/OneDrive/Documents/GitHub/FunkyFishGameRepository/FPS_Game/Content/Textures/T_Portal_Challenge_Colour.uasset" 1521
"C:/Users/codym/OneDrive/Documents/GitHub/FunkyFishGameRepository/FPS_Game/Content/Textures/T_Portal_Challenge_Colour.uexp" 1522
"C:/Users/codym/OneDrive/Documents/GitHub/FunkyFishGameRepository/FPS_Game/Content/Materials/M_PortalFrame_Blue.uasset" 1523
"C:/Users/codym/OneDrive/Documents/GitHub/FunkyFishGameRepository/FPS_Game/Content/Materials/M_PortalFrame_Blue.uexp" 1524
"C:/Users/codym/OneDrive/Documents/GitHub/FunkyFishGameRepository/FPS_Game/Content/Materials/MI_PortalMagic_Yellow.uasset" 1525
"C:/Users/codym/OneDrive/Documents/GitHub/FunkyFishGameRepository/FPS_Game/Content/Materials/MI_PortalMagic_Yellow.uexp" 1526
"C:/Users/codym/OneDrive/Documents/GitHub/FunkyFishGameRepository/FPS_Game/Content/Materials/MI_PortalMagic_White.uasset" 1527
"C:/Users/codym/OneDrive/Documents/GitHub/FunkyFishGameRepository/FPS_Game/Content/Materials/MI_PortalMagic_White.uexp" 1528
"C:/Users/codym/OneDrive/Documents/GitHub/FunkyFishGameRepository/FPS_Game/Content/Materials/MI_PortalMagic_Red.uasset" 1529
"C:/Users/codym/OneDrive/Documents/GitHub/FunkyFishGameRepository/FPS_Game/Content/Materials/MI_PortalMagic_Red.uexp" 1530
"C:/Users/codym/OneDrive/Documents/GitHub/FunkyFishGameRepository/FPS_Game/Content/Materials/MI_PortalMagic_Orange.uasset" 1531
"C:/Users/codym/OneDrive/Documents/GitHub/FunkyFishGameRepository/FPS_Game/Content/Materials/MI_PortalMagic_Orange.uexp" 1532
"C:/Users/codym/OneDrive/Documents/GitHub/FunkyFishGameRepository/FPS_Game/Content/Materials/MI_PortalMagic_Green.uasset" 1533
"C:/Users/codym/OneDrive/Documents/GitHub/FunkyFishGameRepository/FPS_Game/Content/Materials/MI_PortalMagic_Green.uexp" 1534
"C:/Users/codym/OneDrive/Documents/GitHub/FunkyFishGameRepository/FPS_Game/Content/Materials/MI_PortalMagic_Blue.uasset" 1535
"C:/Users/codym/OneDrive/Documents/GitHub/FunkyFishGameRepository/FPS_Game/Content/Materials/MI_PortalMagic_Blue.uexp" 1536
"C:/Users/codym/OneDrive/Documents/GitHub/FunkyFishGameRepository/FPS_Game/Content/Materials/MI_Outline_Portal.uasset" 1537
"C:/Users/codym/OneDrive/Documents/GitHub/FunkyFishGameRepository/FPS_Game/Content/Materials/MI_Outline_Portal.uexp" 1538
"C:/Users/codym/OneDrive/Documents/GitHub/FunkyFishGameRepository/FPS_Game/Content/Sprites/SiphonScreen.uasset" 1539
"C:/Users/codym/OneDrive/Documents/GitHub/FunkyFishGameRepository/FPS_Game/Content/Sprites/SiphonScreen.uexp" 1540
"C:/Users/codym/OneDrive/Documents/GitHub/FunkyFishGameRepository/FPS_Game/Content/Sprites/SandDollar.ubulk" 1541
"C:/Users/codym/OneDrive/Documents/GitHub/FunkyFishGameRepository/FPS_Game/Content/Sprites/SandDollar.uasset" 1542
"C:/Users/codym/OneDrive/Documents/GitHub/FunkyFishGameRepository/FPS_Game/Content/Sprites/SandDollar.uexp" 1543
"C:/Users/codym/OneDrive/Documents/GitHub/FunkyFishGameRepository/FPS_Game/Content/Sprites/LevelCompleteUIActive.ubulk" 1544
"C:/Users/codym/OneDrive/Documents/GitHub/FunkyFishGameRepository/FPS_Game/Content/Sprites/LevelCompleteUIActive.uasset" 1545
"C:/Users/codym/OneDrive/Documents/GitHub/FunkyFishGameRepository/FPS_Game/Content/Sprites/LevelCompleteUIActive.uexp" 1546
"C:/Users/codym/OneDrive/Documents/GitHub/FunkyFishGameRepository/FPS_Game/Content/Sprites/LevelCompleteUI.ubulk" 1547
"C:/Users/codym/OneDrive/Documents/GitHub/FunkyFishGameRepository/FPS_Game/Content/Sprites/LevelCompleteUI.uasset" 1548
"C:/Users/codym/OneDrive/Documents/GitHub/FunkyFishGameRepository/FPS_Game/Content/Sprites/LevelCompleteUI.uexp" 1549
"C:/Users/codym/OneDrive/Documents/GitHub/FunkyFishGameRepository/FPS_Game/Content/Sprites/HurtScreen.uasset" 1550
"C:/Users/codym/OneDrive/Documents/GitHub/FunkyFishGameRepository/FPS_Game/Content/Sprites/HurtScreen.uexp" 1551
"C:/Users/codym/OneDrive/Documents/GitHub/FunkyFishGameRepository/FPS_Game/Content/Sprites/HellfireScreenSpeed.uasset" 1552
"C:/Users/codym/OneDrive/Documents/GitHub/FunkyFishGameRepository/FPS_Game/Content/Sprites/HellfireScreenSpeed.uexp" 1553
"C:/Users/codym/OneDrive/Documents/GitHub/FunkyFishGameRepository/FPS_Game/Content/Sprites/HealthBar_Potions.uasset" 1554
"C:/Users/codym/OneDrive/Documents/GitHub/FunkyFishGameRepository/FPS_Game/Content/Sprites/HealthBar_Potions.uexp" 1555
"C:/Users/codym/OneDrive/Documents/GitHub/FunkyFishGameRepository/FPS_Game/Content/Sprites/HealthBar.uasset" 1556
"C:/Users/codym/OneDrive/Documents/GitHub/FunkyFishGameRepository/FPS_Game/Content/Sprites/HealthBar.uexp" 1557
"C:/Users/codym/OneDrive/Documents/GitHub/FunkyFishGameRepository/FPS_Game/Content/Sprites/HealScreen.uasset" 1558
"C:/Users/codym/OneDrive/Documents/GitHub/FunkyFishGameRepository/FPS_Game/Content/Sprites/HealScreen.uexp" 1559
"C:/Users/codym/OneDrive/Documents/GitHub/FunkyFishGameRepository/FPS_Game/Content/Sprites/FlameSpeedScreen.uasset" 1560
"C:/Users/codym/OneDrive/Documents/GitHub/FunkyFishGameRepository/FPS_Game/Content/Sprites/FlameSpeedScreen.uexp" 1561
"C:/Users/codym/OneDrive/Documents/GitHub/FunkyFishGameRepository/FPS_Game/Content/Sprites/CrosshairNeutral.ubulk" 1562
"C:/Users/codym/OneDrive/Documents/GitHub/FunkyFishGameRepository/FPS_Game/Content/Sprites/CrosshairNeutral.uasset" 1563
"C:/Users/codym/OneDrive/Documents/GitHub/FunkyFishGameRepository/FPS_Game/Content/Sprites/CrosshairNeutral.uexp" 1564
"C:/Users/codym/OneDrive/Documents/GitHub/FunkyFishGameRepository/FPS_Game/Content/Sprites/CrosshairFull.ubulk" 1565
"C:/Users/codym/OneDrive/Documents/GitHub/FunkyFishGameRepository/FPS_Game/Content/Sprites/CrosshairFull.uasset" 1566
"C:/Users/codym/OneDrive/Documents/GitHub/FunkyFishGameRepository/FPS_Game/Content/Sprites/CrosshairFull.uexp" 1567
"C:/Users/codym/OneDrive/Documents/GitHub/FunkyFishGameRepository/FPS_Game/Content/Sprites/CrosshairEmpty.ubulk" 1568
"C:/Users/codym/OneDrive/Documents/GitHub/FunkyFishGameRepository/FPS_Game/Content/Sprites/CrosshairEmpty.uasset" 1569
"C:/Users/codym/OneDrive/Documents/GitHub/FunkyFishGameRepository/FPS_Game/Content/Sprites/CrosshairEmpty.uexp" 1570
"C:/Users/codym/OneDrive/Documents/GitHub/FunkyFishGameRepository/FPS_Game/Content/Blueprints/FrameWork/BP_SaveGame.uasset" 1571
"C:/Users/codym/OneDrive/Documents/GitHub/FunkyFishGameRepository/FPS_Game/Content/Blueprints/FrameWork/BP_SaveGame.uexp" 1572
"C:/Users/codym/OneDrive/Documents/GitHub/FunkyFishGameRepository/FPS_Game/Content/Blueprints/Widgets/WBP_HUD.uasset" 1573
"C:/Users/codym/OneDrive/Documents/GitHub/FunkyFishGameRepository/FPS_Game/Content/Blueprints/Widgets/WBP_HUD.uexp" 1574
"C:/Users/codym/OneDrive/Documents/GitHub/FunkyFishGameRepository/FPS_Game/Content/Sprites/GlassButtonShattered.uasset" 1575
"C:/Users/codym/OneDrive/Documents/GitHub/FunkyFishGameRepository/FPS_Game/Content/Sprites/GlassButtonShattered.uexp" 1576
"C:/Users/codym/OneDrive/Documents/GitHub/FunkyFishGameRepository/FPS_Game/Content/Sprites/GlassButton.uasset" 1577
"C:/Users/codym/OneDrive/Documents/GitHub/FunkyFishGameRepository/FPS_Game/Content/Sprites/GlassButton.uexp" 1578
"C:/Users/codym/OneDrive/Documents/GitHub/FunkyFishGameRepository/FPS_Game/Content/Blueprints/FrameWork/VariableAssets/S_Settings.uasset" 1579
"C:/Users/codym/OneDrive/Documents/GitHub/FunkyFishGameRepository/FPS_Game/Content/Blueprints/FrameWork/VariableAssets/S_Settings.uexp" 1580
"C:/Users/codym/OneDrive/Documents/GitHub/FunkyFishGameRepository/FPS_Game/Content/Blueprints/Widgets/WBP_SettingsMenu.uasset" 1581
"C:/Users/codym/OneDrive/Documents/GitHub/FunkyFishGameRepository/FPS_Game/Content/Blueprints/Widgets/WBP_SettingsMenu.uexp" 1582
"C:/Users/codym/OneDrive/Documents/GitHub/FunkyFishGameRepository/FPS_Game/Content/Blueprints/Widgets/WBP_Quitbox.uasset" 1583
"C:/Users/codym/OneDrive/Documents/GitHub/FunkyFishGameRepository/FPS_Game/Content/Blueprints/Widgets/WBP_Quitbox.uexp" 1584
"C:/Users/codym/OneDrive/Documents/GitHub/FunkyFishGameRepository/FPS_Game/Content/Blueprints/Widgets/WBP_PauseScreen.uasset" 1585
"C:/Users/codym/OneDrive/Documents/GitHub/FunkyFishGameRepository/FPS_Game/Content/Blueprints/Widgets/WBP_PauseScreen.uexp" 1586
"C:/Users/codym/OneDrive/Documents/GitHub/FunkyFishGameRepository/FPS_Game/Content/Sprites/QuitButton.uasset" 1587
"C:/Users/codym/OneDrive/Documents/GitHub/FunkyFishGameRepository/FPS_Game/Content/Sprites/QuitButton.uexp" 1588
"C:/Users/codym/OneDrive/Documents/GitHub/FunkyFishGameRepository/FPS_Game/Content/Sprites/MainMenuButton.uasset" 1589
"C:/Users/codym/OneDrive/Documents/GitHub/FunkyFishGameRepository/FPS_Game/Content/Sprites/MainMenuButton.uexp" 1590
"C:/Users/codym/OneDrive/Documents/GitHub/FunkyFishGameRepository/FPS_Game/Content/Sprites/HubButton.uasset" 1591
"C:/Users/codym/OneDrive/Documents/GitHub/FunkyFishGameRepository/FPS_Game/Content/Sprites/HubButton.uexp" 1592
"C:/Users/codym/OneDrive/Documents/GitHub/FunkyFishGameRepository/FPS_Game/Content/Sprites/brokenpotion.ubulk" 1593
"C:/Users/codym/OneDrive/Documents/GitHub/FunkyFishGameRepository/FPS_Game/Content/Sprites/brokenpotion.uasset" 1594
"C:/Users/codym/OneDrive/Documents/GitHub/FunkyFishGameRepository/FPS_Game/Content/Sprites/brokenpotion.uexp" 1595
"C:/Users/codym/OneDrive/Documents/GitHub/FunkyFishGameRepository/FPS_Game/Content/Blueprints/Widgets/WBP_GameOver.uasset" 1596
"C:/Users/codym/OneDrive/Documents/GitHub/FunkyFishGameRepository/FPS_Game/Content/Blueprints/Widgets/WBP_GameOver.uexp" 1597
"C:/Users/codym/OneDrive/Documents/GitHub/FunkyFishGameRepository/FPS_Game/Content/Blueprints/FrameWork/HUD_PP.uasset" 1598
"C:/Users/codym/OneDrive/Documents/GitHub/FunkyFishGameRepository/FPS_Game/Content/Blueprints/FrameWork/HUD_PP.uexp" 1599
"C:/Users/codym/OneDrive/Documents/GitHub/FunkyFishGameRepository/FPS_Game/Content/Audio/PP_SoundAttenuation300.uasset" 1600
"C:/Users/codym/OneDrive/Documents/GitHub/FunkyFishGameRepository/FPS_Game/Content/Audio/PP_SoundAttenuation300.uexp" 1601
"C:/Users/codym/OneDrive/Documents/GitHub/FunkyFishGameRepository/FPS_Game/Content/Audio/portal_idle-34022.ubulk" 1602
"C:/Users/codym/OneDrive/Documents/GitHub/FunkyFishGameRepository/FPS_Game/Content/Audio/portal_idle-34022.uasset" 1603
"C:/Users/codym/OneDrive/Documents/GitHub/FunkyFishGameRepository/FPS_Game/Content/Audio/portal_idle-34022.uexp" 1604
"C:/Users/codym/OneDrive/Documents/GitHub/FunkyFishGameRepository/FPS_Game/Content/Blueprints/Actors/BP_Portal.uasset" 1605
"C:/Users/codym/OneDrive/Documents/GitHub/FunkyFishGameRepository/FPS_Game/Content/Blueprints/Actors/BP_Portal.uexp" 1606
"C:/Users/codym/OneDrive/Documents/GitHub/FunkyFishGameRepository/FPS_Game/Content/Sprites/Icicle_Potion.ubulk" 1607
"C:/Users/codym/OneDrive/Documents/GitHub/FunkyFishGameRepository/FPS_Game/Content/Sprites/Icicle_Potion.uasset" 1608
"C:/Users/codym/OneDrive/Documents/GitHub/FunkyFishGameRepository/FPS_Game/Content/Sprites/Icicle_Potion.uexp" 1609
"C:/Users/codym/OneDrive/Documents/GitHub/FunkyFishGameRepository/FPS_Game/Content/Textures/T_Potion_IcicleCrystal_Emissive.ubulk" 1610
"C:/Users/codym/OneDrive/Documents/GitHub/FunkyFishGameRepository/FPS_Game/Content/Textures/T_Potion_IcicleCrystal_Emissive.uasset" 1611
"C:/Users/codym/OneDrive/Documents/GitHub/FunkyFishGameRepository/FPS_Game/Content/Textures/T_Potion_IcicleCrystal_Emissive.uexp" 1612
"C:/Users/codym/OneDrive/Documents/GitHub/FunkyFishGameRepository/FPS_Game/Content/Textures/T_Potion_IcicleCrystal_Colour.ubulk" 1613
"C:/Users/codym/OneDrive/Documents/GitHub/FunkyFishGameRepository/FPS_Game/Content/Textures/T_Potion_IcicleCrystal_Colour.uasset" 1614
"C:/Users/codym/OneDrive/Documents/GitHub/FunkyFishGameRepository/FPS_Game/Content/Textures/T_Potion_IcicleCrystal_Colour.uexp" 1615
"C:/Users/codym/OneDrive/Documents/GitHub/FunkyFishGameRepository/FPS_Game/Content/Materials/M_CrystalTexture_IciclePotion.uasset" 1616
"C:/Users/codym/OneDrive/Documents/GitHub/FunkyFishGameRepository/FPS_Game/Content/Materials/M_CrystalTexture_IciclePotion.uexp" 1617
"C:/Users/codym/OneDrive/Documents/GitHub/FunkyFishGameRepository/FPS_Game/Content/Textures/T_Potion_IcicleGlass_Normal.ubulk" 1618
"C:/Users/codym/OneDrive/Documents/GitHub/FunkyFishGameRepository/FPS_Game/Content/Textures/T_Potion_IcicleGlass_Normal.uasset" 1619
"C:/Users/codym/OneDrive/Documents/GitHub/FunkyFishGameRepository/FPS_Game/Content/Textures/T_Potion_IcicleGlass_Normal.uexp" 1620
"C:/Users/codym/OneDrive/Documents/GitHub/FunkyFishGameRepository/FPS_Game/Content/Textures/T_Potion_IcicleGlass_Emissive.ubulk" 1621
"C:/Users/codym/OneDrive/Documents/GitHub/FunkyFishGameRepository/FPS_Game/Content/Textures/T_Potion_IcicleGlass_Emissive.uasset" 1622
"C:/Users/codym/OneDrive/Documents/GitHub/FunkyFishGameRepository/FPS_Game/Content/Textures/T_Potion_IcicleGlass_Emissive.uexp" 1623
"C:/Users/codym/OneDrive/Documents/GitHub/FunkyFishGameRepository/FPS_Game/Content/Textures/T_Potion_IcicleGlass_Colour.ubulk" 1624
"C:/Users/codym/OneDrive/Documents/GitHub/FunkyFishGameRepository/FPS_Game/Content/Textures/T_Potion_IcicleGlass_Colour.uasset" 1625
"C:/Users/codym/OneDrive/Documents/GitHub/FunkyFishGameRepository/FPS_Game/Content/Textures/T_Potion_IcicleGlass_Colour.uexp" 1626
"C:/Users/codym/OneDrive/Documents/GitHub/FunkyFishGameRepository/FPS_Game/Content/Materials/M_IciclePotion_Glass.uasset" 1627
"C:/Users/codym/OneDrive/Documents/GitHub/FunkyFishGameRepository/FPS_Game/Content/Materials/M_IciclePotion_Glass.uexp" 1628
"C:/Users/codym/OneDrive/Documents/GitHub/FunkyFishGameRepository/FPS_Game/Content/Meshes/SM_Potion_Icicle.ubulk" 1629
"C:/Users/codym/OneDrive/Documents/GitHub/FunkyFishGameRepository/FPS_Game/Content/Meshes/SM_Potion_Icicle.uasset" 1630
"C:/Users/codym/OneDrive/Documents/GitHub/FunkyFishGameRepository/FPS_Game/Content/Meshes/SM_Potion_Icicle.uexp" 1631
"C:/Users/codym/OneDrive/Documents/GitHub/FunkyFishGameRepository/FPS_Game/Content/Materials/MI_PotionLiquid_VividBlue.uasset" 1632
"C:/Users/codym/OneDrive/Documents/GitHub/FunkyFishGameRepository/FPS_Game/Content/Materials/MI_PotionLiquid_VividBlue.uexp" 1633
"C:/Users/codym/OneDrive/Documents/GitHub/FunkyFishGameRepository/FPS_Game/Content/Blueprints/Actors/Potions/BP_Splash_Icicle.uasset" 1634
"C:/Users/codym/OneDrive/Documents/GitHub/FunkyFishGameRepository/FPS_Game/Content/Blueprints/Actors/Potions/BP_Splash_Icicle.uexp" 1635
"C:/Users/codym/OneDrive/Documents/GitHub/FunkyFishGameRepository/FPS_Game/Content/Blueprints/Actors/Potions/BP_Potion_Icicle.uasset" 1636
"C:/Users/codym/OneDrive/Documents/GitHub/FunkyFishGameRepository/FPS_Game/Content/Blueprints/Actors/Potions/BP_Potion_Icicle.uexp" 1637
"C:/Users/codym/OneDrive/Documents/GitHub/FunkyFishGameRepository/FPS_Game/Content/Blueprints/Actors/Interactables/Pickups/BP_PickUp_Potion_Icicle.uasset" 1638
"C:/Users/codym/OneDrive/Documents/GitHub/FunkyFishGameRepository/FPS_Game/Content/Blueprints/Actors/Interactables/Pickups/BP_PickUp_Potion_Icicle.uexp" 1639
"C:/Users/codym/OneDrive/Documents/GitHub/FunkyFishGameRepository/FPS_Game/Content/Sprites/Decay_Potion.ubulk" 1640
"C:/Users/codym/OneDrive/Documents/GitHub/FunkyFishGameRepository/FPS_Game/Content/Sprites/Decay_Potion.uasset" 1641
"C:/Users/codym/OneDrive/Documents/GitHub/FunkyFishGameRepository/FPS_Game/Content/Sprites/Decay_Potion.uexp" 1642
"C:/Users/codym/OneDrive/Documents/GitHub/FunkyFishGameRepository/FPS_Game/Content/Materials/M_PotionLiquid_Black.uasset" 1643
"C:/Users/codym/OneDrive/Documents/GitHub/FunkyFishGameRepository/FPS_Game/Content/Materials/M_PotionLiquid_Black.uexp" 1644
"C:/Users/codym/OneDrive/Documents/GitHub/FunkyFishGameRepository/FPS_Game/Content/Materials/MI_Glass_Goth.uasset" 1645
"C:/Users/codym/OneDrive/Documents/GitHub/FunkyFishGameRepository/FPS_Game/Content/Materials/MI_Glass_Goth.uexp" 1646
"C:/Users/codym/OneDrive/Documents/GitHub/FunkyFishGameRepository/FPS_Game/Content/Meshes/SM_Potion_Decay.ubulk" 1647
"C:/Users/codym/OneDrive/Documents/GitHub/FunkyFishGameRepository/FPS_Game/Content/Meshes/SM_Potion_Decay.uasset" 1648
"C:/Users/codym/OneDrive/Documents/GitHub/FunkyFishGameRepository/FPS_Game/Content/Meshes/SM_Potion_Decay.uexp" 1649
"C:/Users/codym/OneDrive/Documents/GitHub/FunkyFishGameRepository/FPS_Game/Content/Blueprints/Actors/Potions/BP_Splash_Decay.uasset" 1650
"C:/Users/codym/OneDrive/Documents/GitHub/FunkyFishGameRepository/FPS_Game/Content/Blueprints/Actors/Potions/BP_Splash_Decay.uexp" 1651
"C:/Users/codym/OneDrive/Documents/GitHub/FunkyFishGameRepository/FPS_Game/Content/Blueprints/Actors/Potions/BP_Potion_Decay.uasset" 1652
"C:/Users/codym/OneDrive/Documents/GitHub/FunkyFishGameRepository/FPS_Game/Content/Blueprints/Actors/Potions/BP_Potion_Decay.uexp" 1653
"C:/Users/codym/OneDrive/Documents/GitHub/FunkyFishGameRepository/FPS_Game/Content/Blueprints/Actors/Interactables/Pickups/BP_PickUp_Potion_Decay.uasset" 1654
"C:/Users/codym/OneDrive/Documents/GitHub/FunkyFishGameRepository/FPS_Game/Content/Blueprints/Actors/Interactables/Pickups/BP_PickUp_Potion_Decay.uexp" 1655
"C:/Users/codym/OneDrive/Documents/GitHub/FunkyFishGameRepository/FPS_Game/Content/Textures/T_Flames01.ubulk" 1656
"C:/Users/codym/OneDrive/Documents/GitHub/FunkyFishGameRepository/FPS_Game/Content/Textures/T_Flames01.uasset" 1657
"C:/Users/codym/OneDrive/Documents/GitHub/FunkyFishGameRepository/FPS_Game/Content/Textures/T_Flames01.uexp" 1658
"C:/Users/codym/OneDrive/Documents/GitHub/FunkyFishGameRepository/FPS_Game/Content/Materials/M_FireParticle.uasset" 1659
"C:/Users/codym/OneDrive/Documents/GitHub/FunkyFishGameRepository/FPS_Game/Content/Materials/M_FireParticle.uexp" 1660
"C:/Users/codym/OneDrive/Documents/GitHub/FunkyFishGameRepository/FPS_Game/Content/Materials/MI_FireParticle_Add.uasset" 1661
"C:/Users/codym/OneDrive/Documents/GitHub/FunkyFishGameRepository/FPS_Game/Content/Materials/MI_FireParticle_Add.uexp" 1662
"C:/Users/codym/OneDrive/Documents/GitHub/FunkyFishGameRepository/FPS_Game/Content/Blueprints/Particles/PS_Fire.uasset" 1663
"C:/Users/codym/OneDrive/Documents/GitHub/FunkyFishGameRepository/FPS_Game/Content/Blueprints/Particles/PS_Fire.uexp" 1664
"C:/Users/codym/OneDrive/Documents/GitHub/FunkyFishGameRepository/FPS_Game/Content/Blueprints/Actors/Potions/BP_Splash_Flame.uasset" 1665
"C:/Users/codym/OneDrive/Documents/GitHub/FunkyFishGameRepository/FPS_Game/Content/Blueprints/Actors/Potions/BP_Splash_Flame.uexp" 1666
"C:/Users/codym/OneDrive/Documents/GitHub/FunkyFishGameRepository/FPS_Game/Content/Blueprints/Actors/Potions/BP_Potion_Flame.uasset" 1667
"C:/Users/codym/OneDrive/Documents/GitHub/FunkyFishGameRepository/FPS_Game/Content/Blueprints/Actors/Potions/BP_Potion_Flame.uexp" 1668
"C:/Users/codym/OneDrive/Documents/GitHub/FunkyFishGameRepository/FPS_Game/Content/Blueprints/Actors/Interactables/Pickups/BP_PickUp_Potion_Flame.uasset" 1669
"C:/Users/codym/OneDrive/Documents/GitHub/FunkyFishGameRepository/FPS_Game/Content/Blueprints/Actors/Interactables/Pickups/BP_PickUp_Potion_Flame.uexp" 1670
"C:/Users/codym/OneDrive/Documents/GitHub/FunkyFishGameRepository/FPS_Game/Content/Sprites/Lightning_Potion.ubulk" 1671
"C:/Users/codym/OneDrive/Documents/GitHub/FunkyFishGameRepository/FPS_Game/Content/Sprites/Lightning_Potion.uasset" 1672
"C:/Users/codym/OneDrive/Documents/GitHub/FunkyFishGameRepository/FPS_Game/Content/Sprites/Lightning_Potion.uexp" 1673
"../../../Engine/Content/Functions/Engine_MaterialFunctions02/Texturing/CustomRotator.uasset" 1674
"../../../Engine/Content/Functions/Engine_MaterialFunctions02/Texturing/CustomRotator.uexp" 1675
"C:/Users/codym/OneDrive/Documents/GitHub/FunkyFishGameRepository/FPS_Game/Content/Textures/T_LightningBoltRGB.ubulk" 1676
"C:/Users/codym/OneDrive/Documents/GitHub/FunkyFishGameRepository/FPS_Game/Content/Textures/T_LightningBoltRGB.uasset" 1677
"C:/Users/codym/OneDrive/Documents/GitHub/FunkyFishGameRepository/FPS_Game/Content/Textures/T_LightningBoltRGB.uexp" 1678
"C:/Users/codym/OneDrive/Documents/GitHub/FunkyFishGameRepository/FPS_Game/Content/Materials/M_Lightning_Potion_Liquid.uasset" 1679
"C:/Users/codym/OneDrive/Documents/GitHub/FunkyFishGameRepository/FPS_Game/Content/Materials/M_Lightning_Potion_Liquid.uexp" 1680
"C:/Users/codym/OneDrive/Documents/GitHub/FunkyFishGameRepository/FPS_Game/Content/Textures/T_Potion_LightningBolt_ORM.ubulk" 1681
"C:/Users/codym/OneDrive/Documents/GitHub/FunkyFishGameRepository/FPS_Game/Content/Textures/T_Potion_LightningBolt_ORM.uasset" 1682
"C:/Users/codym/OneDrive/Documents/GitHub/FunkyFishGameRepository/FPS_Game/Content/Textures/T_Potion_LightningBolt_ORM.uexp" 1683
"C:/Users/codym/OneDrive/Documents/GitHub/FunkyFishGameRepository/FPS_Game/Content/Textures/T_Potion_LightningBolt_Normal.ubulk" 1684
"C:/Users/codym/OneDrive/Documents/GitHub/FunkyFishGameRepository/FPS_Game/Content/Textures/T_Potion_LightningBolt_Normal.uasset" 1685
"C:/Users/codym/OneDrive/Documents/GitHub/FunkyFishGameRepository/FPS_Game/Content/Textures/T_Potion_LightningBolt_Normal.uexp" 1686
"C:/Users/codym/OneDrive/Documents/GitHub/FunkyFishGameRepository/FPS_Game/Content/Textures/T_Potion_LightningBolt_Color.ubulk" 1687
"C:/Users/codym/OneDrive/Documents/GitHub/FunkyFishGameRepository/FPS_Game/Content/Textures/T_Potion_LightningBolt_Color.uasset" 1688
"C:/Users/codym/OneDrive/Documents/GitHub/FunkyFishGameRepository/FPS_Game/Content/Textures/T_Potion_LightningBolt_Color.uexp" 1689
"C:/Users/codym/OneDrive/Documents/GitHub/FunkyFishGameRepository/FPS_Game/Content/Materials/M_Potion_Lightning.uasset" 1690
"C:/Users/codym/OneDrive/Documents/GitHub/FunkyFishGameRepository/FPS_Game/Content/Materials/M_Potion_Lightning.uexp" 1691
"C:/Users/codym/OneDrive/Documents/GitHub/FunkyFishGameRepository/FPS_Game/Content/Meshes/SM_Potion_Lightning.ubulk" 1692
"C:/Users/codym/OneDrive/Documents/GitHub/FunkyFishGameRepository/FPS_Game/Content/Meshes/SM_Potion_Lightning.uasset" 1693
"C:/Users/codym/OneDrive/Documents/GitHub/FunkyFishGameRepository/FPS_Game/Content/Meshes/SM_Potion_Lightning.uexp" 1694
"C:/Users/codym/OneDrive/Documents/GitHub/FunkyFishGameRepository/FPS_Game/Content/Textures/T_LightningBoltAlpha.ubulk" 1695
"C:/Users/codym/OneDrive/Documents/GitHub/FunkyFishGameRepository/FPS_Game/Content/Textures/T_LightningBoltAlpha.uasset" 1696
"C:/Users/codym/OneDrive/Documents/GitHub/FunkyFishGameRepository/FPS_Game/Content/Textures/T_LightningBoltAlpha.uexp" 1697
"C:/Users/codym/OneDrive/Documents/GitHub/FunkyFishGameRepository/FPS_Game/Content/Materials/M_LightningBolt.uasset" 1698
"C:/Users/codym/OneDrive/Documents/GitHub/FunkyFishGameRepository/FPS_Game/Content/Materials/M_LightningBolt.uexp" 1699
"C:/Users/codym/OneDrive/Documents/GitHub/FunkyFishGameRepository/FPS_Game/Content/Blueprints/Particles/PS_LightningBolt.uasset" 1700
"C:/Users/codym/OneDrive/Documents/GitHub/FunkyFishGameRepository/FPS_Game/Content/Blueprints/Particles/PS_LightningBolt.uexp" 1701
"C:/Users/codym/OneDrive/Documents/GitHub/FunkyFishGameRepository/FPS_Game/Content/Blueprints/FrameWork/IgnoreInvincibilityType.uasset" 1702
"C:/Users/codym/OneDrive/Documents/GitHub/FunkyFishGameRepository/FPS_Game/Content/Blueprints/FrameWork/IgnoreInvincibilityType.uexp" 1703
"C:/Users/codym/OneDrive/Documents/GitHub/FunkyFishGameRepository/FPS_Game/Content/Blueprints/FrameWork/CameraShakes/BP_CameraShakeBolt.uasset" 1704
"C:/Users/codym/OneDrive/Documents/GitHub/FunkyFishGameRepository/FPS_Game/Content/Blueprints/FrameWork/CameraShakes/BP_CameraShakeBolt.uexp" 1705
"C:/Users/codym/OneDrive/Documents/GitHub/FunkyFishGameRepository/FPS_Game/Content/Audio/A_Lightning.ubulk" 1706
"C:/Users/codym/OneDrive/Documents/GitHub/FunkyFishGameRepository/FPS_Game/Content/Audio/A_Lightning.uasset" 1707
"C:/Users/codym/OneDrive/Documents/GitHub/FunkyFishGameRepository/FPS_Game/Content/Audio/A_Lightning.uexp" 1708
"C:/Users/codym/OneDrive/Documents/GitHub/FunkyFishGameRepository/FPS_Game/Content/Blueprints/Actors/Potions/BP_LightningBolts.uasset" 1709
"C:/Users/codym/OneDrive/Documents/GitHub/FunkyFishGameRepository/FPS_Game/Content/Blueprints/Actors/Potions/BP_LightningBolts.uexp" 1710
"C:/Users/codym/OneDrive/Documents/GitHub/FunkyFishGameRepository/FPS_Game/Content/Blueprints/Actors/Potions/BP_LightningChain.uasset" 1711
"C:/Users/codym/OneDrive/Documents/GitHub/FunkyFishGameRepository/FPS_Game/Content/Blueprints/Actors/Potions/BP_LightningChain.uexp" 1712
"C:/Users/codym/OneDrive/Documents/GitHub/FunkyFishGameRepository/FPS_Game/Content/Blueprints/Actors/Potions/BP_Splash_Lightning.uasset" 1713
"C:/Users/codym/OneDrive/Documents/GitHub/FunkyFishGameRepository/FPS_Game/Content/Blueprints/Actors/Potions/BP_Splash_Lightning.uexp" 1714
"C:/Users/codym/OneDrive/Documents/GitHub/FunkyFishGameRepository/FPS_Game/Content/Blueprints/Actors/Potions/BP_Potion_Lightning.uasset" 1715
"C:/Users/codym/OneDrive/Documents/GitHub/FunkyFishGameRepository/FPS_Game/Content/Blueprints/Actors/Potions/BP_Potion_Lightning.uexp" 1716
"C:/Users/codym/OneDrive/Documents/GitHub/FunkyFishGameRepository/FPS_Game/Content/Blueprints/Actors/Interactables/Pickups/BP_PickUp_Potion_Lightning.uasset" 1717
"C:/Users/codym/OneDrive/Documents/GitHub/FunkyFishGameRepository/FPS_Game/Content/Blueprints/Actors/Interactables/Pickups/BP_PickUp_Potion_Lightning.uexp" 1718
"C:/Users/codym/OneDrive/Documents/GitHub/FunkyFishGameRepository/FPS_Game/Content/Sprites/Magma_Potion.ubulk" 1719
"C:/Users/codym/OneDrive/Documents/GitHub/FunkyFishGameRepository/FPS_Game/Content/Sprites/Magma_Potion.uasset" 1720
"C:/Users/codym/OneDrive/Documents/GitHub/FunkyFishGameRepository/FPS_Game/Content/Sprites/Magma_Potion.uexp" 1721
"C:/Users/codym/OneDrive/Documents/GitHub/FunkyFishGameRepository/FPS_Game/Content/Materials/M_LavaVoronoiLocalSpace.uasset" 1722
"C:/Users/codym/OneDrive/Documents/GitHub/FunkyFishGameRepository/FPS_Game/Content/Materials/M_LavaVoronoiLocalSpace.uexp" 1723
"C:/Users/codym/OneDrive/Documents/GitHub/FunkyFishGameRepository/FPS_Game/Content/Materials/MI_Glass_Red.uasset" 1724
"C:/Users/codym/OneDrive/Documents/GitHub/FunkyFishGameRepository/FPS_Game/Content/Materials/MI_Glass_Red.uexp" 1725
"C:/Users/codym/OneDrive/Documents/GitHub/FunkyFishGameRepository/FPS_Game/Content/Textures/T_Potion_MagmaBase_ORM.ubulk" 1726
"C:/Users/codym/OneDrive/Documents/GitHub/FunkyFishGameRepository/FPS_Game/Content/Textures/T_Potion_MagmaBase_ORM.uasset" 1727
"C:/Users/codym/OneDrive/Documents/GitHub/FunkyFishGameRepository/FPS_Game/Content/Textures/T_Potion_MagmaBase_ORM.uexp" 1728
"C:/Users/codym/OneDrive/Documents/GitHub/FunkyFishGameRepository/FPS_Game/Content/Textures/T_Potion_MagmaBase_Normal.ubulk" 1729
"C:/Users/codym/OneDrive/Documents/GitHub/FunkyFishGameRepository/FPS_Game/Content/Textures/T_Potion_MagmaBase_Normal.uasset" 1730
"C:/Users/codym/OneDrive/Documents/GitHub/FunkyFishGameRepository/FPS_Game/Content/Textures/T_Potion_MagmaBase_Normal.uexp" 1731
"C:/Users/codym/OneDrive/Documents/GitHub/FunkyFishGameRepository/FPS_Game/Content/Textures/T_Potion_MagmaBase_Colour.ubulk" 1732
"C:/Users/codym/OneDrive/Documents/GitHub/FunkyFishGameRepository/FPS_Game/Content/Textures/T_Potion_MagmaBase_Colour.uasset" 1733
"C:/Users/codym/OneDrive/Documents/GitHub/FunkyFishGameRepository/FPS_Game/Content/Textures/T_Potion_MagmaBase_Colour.uexp" 1734
"C:/Users/codym/OneDrive/Documents/GitHub/FunkyFishGameRepository/FPS_Game/Content/Materials/M_Magma_Texture.uasset" 1735
"C:/Users/codym/OneDrive/Documents/GitHub/FunkyFishGameRepository/FPS_Game/Content/Materials/M_Magma_Texture.uexp" 1736
"C:/Users/codym/OneDrive/Documents/GitHub/FunkyFishGameRepository/FPS_Game/Content/Textures/T_Potion_MagmaCrystal_ORM.ubulk" 1737
"C:/Users/codym/OneDrive/Documents/GitHub/FunkyFishGameRepository/FPS_Game/Content/Textures/T_Potion_MagmaCrystal_ORM.uasset" 1738
"C:/Users/codym/OneDrive/Documents/GitHub/FunkyFishGameRepository/FPS_Game/Content/Textures/T_Potion_MagmaCrystal_ORM.uexp" 1739
"C:/Users/codym/OneDrive/Documents/GitHub/FunkyFishGameRepository/FPS_Game/Content/Textures/T_Potion_MagmaCrystal_Normal.ubulk" 1740
"C:/Users/codym/OneDrive/Documents/GitHub/FunkyFishGameRepository/FPS_Game/Content/Textures/T_Potion_MagmaCrystal_Normal.uasset" 1741
"C:/Users/codym/OneDrive/Documents/GitHub/FunkyFishGameRepository/FPS_Game/Content/Textures/T_Potion_MagmaCrystal_Normal.uexp" 1742
"C:/Users/codym/OneDrive/Documents/GitHub/FunkyFishGameRepository/FPS_Game/Content/Textures/T_Potion_MagmaCrystal_Colour.ubulk" 1743
"C:/Users/codym/OneDrive/Documents/GitHub/FunkyFishGameRepository/FPS_Game/Content/Textures/T_Potion_MagmaCrystal_Colour.uasset" 1744
"C:/Users/codym/OneDrive/Documents/GitHub/FunkyFishGameRepository/FPS_Game/Content/Textures/T_Potion_MagmaCrystal_Colour.uexp" 1745
"C:/Users/codym/OneDrive/Documents/GitHub/FunkyFishGameRepository/FPS_Game/Content/Materials/M_Magma_Crystal.uasset" 1746
"C:/Users/codym/OneDrive/Documents/GitHub/FunkyFishGameRepository/FPS_Game/Content/Materials/M_Magma_Crystal.uexp" 1747
"C:/Users/codym/OneDrive/Documents/GitHub/FunkyFishGameRepository/FPS_Game/Content/Textures/T_Potion_MagmaRing_ORM.ubulk" 1748
"C:/Users/codym/OneDrive/Documents/GitHub/FunkyFishGameRepository/FPS_Game/Content/Textures/T_Potion_MagmaRing_ORM.uasset" 1749
"C:/Users/codym/OneDrive/Documents/GitHub/FunkyFishGameRepository/FPS_Game/Content/Textures/T_Potion_MagmaRing_ORM.uexp" 1750
"C:/Users/codym/OneDrive/Documents/GitHub/FunkyFishGameRepository/FPS_Game/Content/Textures/T_Potion_MagmaRing_Normal.ubulk" 1751
"C:/Users/codym/OneDrive/Documents/GitHub/FunkyFishGameRepository/FPS_Game/Content/Textures/T_Potion_MagmaRing_Normal.uasset" 1752
"C:/Users/codym/OneDrive/Documents/GitHub/FunkyFishGameRepository/FPS_Game/Content/Textures/T_Potion_MagmaRing_Normal.uexp" 1753
"C:/Users/codym/OneDrive/Documents/GitHub/FunkyFishGameRepository/FPS_Game/Content/Textures/T_Potion_MagmaRing_Colour.ubulk" 1754
"C:/Users/codym/OneDrive/Documents/GitHub/FunkyFishGameRepository/FPS_Game/Content/Textures/T_Potion_MagmaRing_Colour.uasset" 1755
"C:/Users/codym/OneDrive/Documents/GitHub/FunkyFishGameRepository/FPS_Game/Content/Textures/T_Potion_MagmaRing_Colour.uexp" 1756
"C:/Users/codym/OneDrive/Documents/GitHub/FunkyFishGameRepository/FPS_Game/Content/Materials/M_Magma_Cover.uasset" 1757
"C:/Users/codym/OneDrive/Documents/GitHub/FunkyFishGameRepository/FPS_Game/Content/Materials/M_Magma_Cover.uexp" 1758
"C:/Users/codym/OneDrive/Documents/GitHub/FunkyFishGameRepository/FPS_Game/Content/Meshes/SM_Potion_Magma.ubulk" 1759
"C:/Users/codym/OneDrive/Documents/GitHub/FunkyFishGameRepository/FPS_Game/Content/Meshes/SM_Potion_Magma.uasset" 1760
"C:/Users/codym/OneDrive/Documents/GitHub/FunkyFishGameRepository/FPS_Game/Content/Meshes/SM_Potion_Magma.uexp" 1761
"C:/Users/codym/OneDrive/Documents/GitHub/FunkyFishGameRepository/FPS_Game/Content/Blueprints/Actors/Potions/BP_Splash_Magma.uasset" 1762
"C:/Users/codym/OneDrive/Documents/GitHub/FunkyFishGameRepository/FPS_Game/Content/Blueprints/Actors/Potions/BP_Splash_Magma.uexp" 1763
"C:/Users/codym/OneDrive/Documents/GitHub/FunkyFishGameRepository/FPS_Game/Content/Blueprints/Actors/Potions/BP_Potion_Magma.uasset" 1764
"C:/Users/codym/OneDrive/Documents/GitHub/FunkyFishGameRepository/FPS_Game/Content/Blueprints/Actors/Potions/BP_Potion_Magma.uexp" 1765
"C:/Users/codym/OneDrive/Documents/GitHub/FunkyFishGameRepository/FPS_Game/Content/Blueprints/Actors/Interactables/Pickups/BP_PickUp_Potion_Magma.uasset" 1766
"C:/Users/codym/OneDrive/Documents/GitHub/FunkyFishGameRepository/FPS_Game/Content/Blueprints/Actors/Interactables/Pickups/BP_PickUp_Potion_Magma.uexp" 1767
"C:/Users/codym/OneDrive/Documents/GitHub/FunkyFishGameRepository/FPS_Game/Content/Sprites/Storm_Potion.ubulk" 1768
"C:/Users/codym/OneDrive/Documents/GitHub/FunkyFishGameRepository/FPS_Game/Content/Sprites/Storm_Potion.uasset" 1769
"C:/Users/codym/OneDrive/Documents/GitHub/FunkyFishGameRepository/FPS_Game/Content/Sprites/Storm_Potion.uexp" 1770
"C:/Users/codym/OneDrive/Documents/GitHub/FunkyFishGameRepository/FPS_Game/Content/Textures/T_Potion_StormSmoke_ORM.ubulk" 1771
"C:/Users/codym/OneDrive/Documents/GitHub/FunkyFishGameRepository/FPS_Game/Content/Textures/T_Potion_StormSmoke_ORM.uasset" 1772
"C:/Users/codym/OneDrive/Documents/GitHub/FunkyFishGameRepository/FPS_Game/Content/Textures/T_Potion_StormSmoke_ORM.uexp" 1773
"C:/Users/codym/OneDrive/Documents/GitHub/FunkyFishGameRepository/FPS_Game/Content/Textures/T_Potion_StormSmoke_Normal.ubulk" 1774
"C:/Users/codym/OneDrive/Documents/GitHub/FunkyFishGameRepository/FPS_Game/Content/Textures/T_Potion_StormSmoke_Normal.uasset" 1775
"C:/Users/codym/OneDrive/Documents/GitHub/FunkyFishGameRepository/FPS_Game/Content/Textures/T_Potion_StormSmoke_Normal.uexp" 1776
"C:/Users/codym/OneDrive/Documents/GitHub/FunkyFishGameRepository/FPS_Game/Content/Textures/T_Potion_StormSmoke_Colour.ubulk" 1777
"C:/Users/codym/OneDrive/Documents/GitHub/FunkyFishGameRepository/FPS_Game/Content/Textures/T_Potion_StormSmoke_Colour.uasset" 1778
"C:/Users/codym/OneDrive/Documents/GitHub/FunkyFishGameRepository/FPS_Game/Content/Textures/T_Potion_StormSmoke_Colour.uexp" 1779
"C:/Users/codym/OneDrive/Documents/GitHub/FunkyFishGameRepository/FPS_Game/Content/Materials/M_BlackSmokeOutline.uasset" 1780
"C:/Users/codym/OneDrive/Documents/GitHub/FunkyFishGameRepository/FPS_Game/Content/Materials/M_BlackSmokeOutline.uexp" 1781
"C:/Users/codym/OneDrive/Documents/GitHub/FunkyFishGameRepository/FPS_Game/Content/Materials/M_YellowGlow.uasset" 1782
"C:/Users/codym/OneDrive/Documents/GitHub/FunkyFishGameRepository/FPS_Game/Content/Materials/M_YellowGlow.uexp" 1783
"C:/Users/codym/OneDrive/Documents/GitHub/FunkyFishGameRepository/FPS_Game/Content/Materials/MI_Glass_Black.uasset" 1784
"C:/Users/codym/OneDrive/Documents/GitHub/FunkyFishGameRepository/FPS_Game/Content/Materials/MI_Glass_Black.uexp" 1785
"C:/Users/codym/OneDrive/Documents/GitHub/FunkyFishGameRepository/FPS_Game/Content/Meshes/SM_Potion_Storm.ubulk" 1786
"C:/Users/codym/OneDrive/Documents/GitHub/FunkyFishGameRepository/FPS_Game/Content/Meshes/SM_Potion_Storm.uasset" 1787
"C:/Users/codym/OneDrive/Documents/GitHub/FunkyFishGameRepository/FPS_Game/Content/Meshes/SM_Potion_Storm.uexp" 1788
"C:/Users/codym/OneDrive/Documents/GitHub/FunkyFishGameRepository/FPS_Game/Content/Materials/MI_PotionLiquid_DarkGrey.uasset" 1789
"C:/Users/codym/OneDrive/Documents/GitHub/FunkyFishGameRepository/FPS_Game/Content/Materials/MI_PotionLiquid_DarkGrey.uexp" 1790
"C:/Users/codym/OneDrive/Documents/GitHub/FunkyFishGameRepository/FPS_Game/Content/Materials/SimpleCircleMat.uasset" 1791
"C:/Users/codym/OneDrive/Documents/GitHub/FunkyFishGameRepository/FPS_Game/Content/Materials/SimpleCircleMat.uexp" 1792
"C:/Users/codym/OneDrive/Documents/GitHub/FunkyFishGameRepository/FPS_Game/Content/Textures/T_WindAlpha.ubulk" 1793
"C:/Users/codym/OneDrive/Documents/GitHub/FunkyFishGameRepository/FPS_Game/Content/Textures/T_WindAlpha.uasset" 1794
"C:/Users/codym/OneDrive/Documents/GitHub/FunkyFishGameRepository/FPS_Game/Content/Textures/T_WindAlpha.uexp" 1795
"C:/Users/codym/OneDrive/Documents/GitHub/FunkyFishGameRepository/FPS_Game/Content/Materials/M_StormWindParticle.uasset" 1796
"C:/Users/codym/OneDrive/Documents/GitHub/FunkyFishGameRepository/FPS_Game/Content/Materials/M_StormWindParticle.uexp" 1797
"C:/Users/codym/OneDrive/Documents/GitHub/FunkyFishGameRepository/FPS_Game/Content/Blueprints/Particles/PS_AirBlastStrong.uasset" 1798
"C:/Users/codym/OneDrive/Documents/GitHub/FunkyFishGameRepository/FPS_Game/Content/Blueprints/Particles/PS_AirBlastStrong.uexp" 1799
"C:/Users/codym/OneDrive/Documents/GitHub/FunkyFishGameRepository/FPS_Game/Content/Audio/A_Airburst.ubulk" 1800
"C:/Users/codym/OneDrive/Documents/GitHub/FunkyFishGameRepository/FPS_Game/Content/Audio/A_Airburst.uasset" 1801
"C:/Users/codym/OneDrive/Documents/GitHub/FunkyFishGameRepository/FPS_Game/Content/Audio/A_Airburst.uexp" 1802
"C:/Users/codym/OneDrive/Documents/GitHub/FunkyFishGameRepository/FPS_Game/Content/Blueprints/Actors/Potions/BP_Splash_Storm.uasset" 1803
"C:/Users/codym/OneDrive/Documents/GitHub/FunkyFishGameRepository/FPS_Game/Content/Blueprints/Actors/Potions/BP_Splash_Storm.uexp" 1804
"C:/Users/codym/OneDrive/Documents/GitHub/FunkyFishGameRepository/FPS_Game/Content/Blueprints/Actors/Potions/BP_Potion_Storm.uasset" 1805
"C:/Users/codym/OneDrive/Documents/GitHub/FunkyFishGameRepository/FPS_Game/Content/Blueprints/Actors/Potions/BP_Potion_Storm.uexp" 1806
"C:/Users/codym/OneDrive/Documents/GitHub/FunkyFishGameRepository/FPS_Game/Content/Blueprints/Actors/Interactables/Pickups/BP_PickUp_Potion_Storm.uasset" 1807
"C:/Users/codym/OneDrive/Documents/GitHub/FunkyFishGameRepository/FPS_Game/Content/Blueprints/Actors/Interactables/Pickups/BP_PickUp_Potion_Storm.uexp" 1808
"C:/Users/codym/OneDrive/Documents/GitHub/FunkyFishGameRepository/FPS_Game/Content/Materials/MI_PotionLiquid_DullBlue.uasset" 1809
"C:/Users/codym/OneDrive/Documents/GitHub/FunkyFishGameRepository/FPS_Game/Content/Materials/MI_PotionLiquid_DullBlue.uexp" 1810
"C:/Users/codym/OneDrive/Documents/GitHub/FunkyFishGameRepository/FPS_Game/Content/Materials/M_WindParticle.uasset" 1811
"C:/Users/codym/OneDrive/Documents/GitHub/FunkyFishGameRepository/FPS_Game/Content/Materials/M_WindParticle.uexp" 1812
"C:/Users/codym/OneDrive/Documents/GitHub/FunkyFishGameRepository/FPS_Game/Content/Materials/MI_WindParticle_Add.uasset" 1813
"C:/Users/codym/OneDrive/Documents/GitHub/FunkyFishGameRepository/FPS_Game/Content/Materials/MI_WindParticle_Add.uexp" 1814
"C:/Users/codym/OneDrive/Documents/GitHub/FunkyFishGameRepository/FPS_Game/Content/Blueprints/Particles/PS_AirBlast.uasset" 1815
"C:/Users/codym/OneDrive/Documents/GitHub/FunkyFishGameRepository/FPS_Game/Content/Blueprints/Particles/PS_AirBlast.uexp" 1816
"C:/Users/codym/OneDrive/Documents/GitHub/FunkyFishGameRepository/FPS_Game/Content/Audio/Wind_Gust_2.ubulk" 1817
"C:/Users/codym/OneDrive/Documents/GitHub/FunkyFishGameRepository/FPS_Game/Content/Audio/Wind_Gust_2.uasset" 1818
"C:/Users/codym/OneDrive/Documents/GitHub/FunkyFishGameRepository/FPS_Game/Content/Audio/Wind_Gust_2.uexp" 1819
"C:/Users/codym/OneDrive/Documents/GitHub/FunkyFishGameRepository/FPS_Game/Content/Audio/Wind_Gust_3.ubulk" 1820
"C:/Users/codym/OneDrive/Documents/GitHub/FunkyFishGameRepository/FPS_Game/Content/Audio/Wind_Gust_3.uasset" 1821
"C:/Users/codym/OneDrive/Documents/GitHub/FunkyFishGameRepository/FPS_Game/Content/Audio/Wind_Gust_3.uexp" 1822
"C:/Users/codym/OneDrive/Documents/GitHub/FunkyFishGameRepository/FPS_Game/Content/Audio/Wind_Gust_4.ubulk" 1823
"C:/Users/codym/OneDrive/Documents/GitHub/FunkyFishGameRepository/FPS_Game/Content/Audio/Wind_Gust_4.uasset" 1824
"C:/Users/codym/OneDrive/Documents/GitHub/FunkyFishGameRepository/FPS_Game/Content/Audio/Wind_Gust_4.uexp" 1825
"C:/Users/codym/OneDrive/Documents/GitHub/FunkyFishGameRepository/FPS_Game/Content/Audio/Wind_Gust_Soundeffect.uasset" 1826
"C:/Users/codym/OneDrive/Documents/GitHub/FunkyFishGameRepository/FPS_Game/Content/Audio/Wind_Gust_Soundeffect.uexp" 1827
"C:/Users/codym/OneDrive/Documents/GitHub/FunkyFishGameRepository/FPS_Game/Content/Blueprints/Actors/Potions/BP_Splash_Wind.uasset" 1828
"C:/Users/codym/OneDrive/Documents/GitHub/FunkyFishGameRepository/FPS_Game/Content/Blueprints/Actors/Potions/BP_Splash_Wind.uexp" 1829
"C:/Users/codym/OneDrive/Documents/GitHub/FunkyFishGameRepository/FPS_Game/Content/Blueprints/Actors/Potions/BP_Potion_Wind.uasset" 1830
"C:/Users/codym/OneDrive/Documents/GitHub/FunkyFishGameRepository/FPS_Game/Content/Blueprints/Actors/Potions/BP_Potion_Wind.uexp" 1831
"C:/Users/codym/OneDrive/Documents/GitHub/FunkyFishGameRepository/FPS_Game/Content/Blueprints/Actors/Interactables/Pickups/BP_PickUp_Potion_Wind.uasset" 1832
"C:/Users/codym/OneDrive/Documents/GitHub/FunkyFishGameRepository/FPS_Game/Content/Blueprints/Actors/Interactables/Pickups/BP_PickUp_Potion_Wind.uexp" 1833
"C:/Users/codym/OneDrive/Documents/GitHub/FunkyFishGameRepository/FPS_Game/Content/Meshes/SM_Sandbag.ubulk" 1834
"C:/Users/codym/OneDrive/Documents/GitHub/FunkyFishGameRepository/FPS_Game/Content/Meshes/SM_Sandbag.uasset" 1835
"C:/Users/codym/OneDrive/Documents/GitHub/FunkyFishGameRepository/FPS_Game/Content/Meshes/SM_Sandbag.uexp" 1836
"C:/Users/codym/OneDrive/Documents/GitHub/FunkyFishGameRepository/FPS_Game/Content/Blueprints/Actors/Interactables/Pickups/BP_PickUp_Sandbag.uasset" 1837
"C:/Users/codym/OneDrive/Documents/GitHub/FunkyFishGameRepository/FPS_Game/Content/Blueprints/Actors/Interactables/Pickups/BP_PickUp_Sandbag.uexp" 1838
"C:/Users/codym/OneDrive/Documents/GitHub/FunkyFishGameRepository/FPS_Game/Content/Meshes/SM_Heartfruit.ubulk" 1839
"C:/Users/codym/OneDrive/Documents/GitHub/FunkyFishGameRepository/FPS_Game/Content/Meshes/SM_Heartfruit.uasset" 1840
"C:/Users/codym/OneDrive/Documents/GitHub/FunkyFishGameRepository/FPS_Game/Content/Meshes/SM_Heartfruit.uexp" 1841
"C:/Users/codym/OneDrive/Documents/GitHub/FunkyFishGameRepository/FPS_Game/Content/Blueprints/Actors/Interactables/Pickups/BP_PickUp_Heartfruit.uasset" 1842
"C:/Users/codym/OneDrive/Documents/GitHub/FunkyFishGameRepository/FPS_Game/Content/Blueprints/Actors/Interactables/Pickups/BP_PickUp_Heartfruit.uexp" 1843
"C:/Users/codym/OneDrive/Documents/GitHub/FunkyFishGameRepository/FPS_Game/Content/Blueprints/Actors/Potions/BP_Splash_Chilling.uasset" 1844
"C:/Users/codym/OneDrive/Documents/GitHub/FunkyFishGameRepository/FPS_Game/Content/Blueprints/Actors/Potions/BP_Splash_Chilling.uexp" 1845
"C:/Users/codym/OneDrive/Documents/GitHub/FunkyFishGameRepository/FPS_Game/Content/Blueprints/Actors/Potions/BP_Potion_Chilling.uasset" 1846
"C:/Users/codym/OneDrive/Documents/GitHub/FunkyFishGameRepository/FPS_Game/Content/Blueprints/Actors/Potions/BP_Potion_Chilling.uexp" 1847
"C:/Users/codym/OneDrive/Documents/GitHub/FunkyFishGameRepository/FPS_Game/Content/Blueprints/Actors/Interactables/Pickups/BP_PickUp_Potion_Chilling.uasset" 1848
"C:/Users/codym/OneDrive/Documents/GitHub/FunkyFishGameRepository/FPS_Game/Content/Blueprints/Actors/Interactables/Pickups/BP_PickUp_Potion_Chilling.uexp" 1849
"C:/Users/codym/OneDrive/Documents/GitHub/FunkyFishGameRepository/FPS_Game/Content/Sprites/Freezing_Potion.ubulk" 1850
"C:/Users/codym/OneDrive/Documents/GitHub/FunkyFishGameRepository/FPS_Game/Content/Sprites/Freezing_Potion.uasset" 1851
"C:/Users/codym/OneDrive/Documents/GitHub/FunkyFishGameRepository/FPS_Game/Content/Sprites/Freezing_Potion.uexp" 1852
"C:/Users/codym/OneDrive/Documents/GitHub/FunkyFishGameRepository/FPS_Game/Content/Textures/T_Potion_Freezing_ORM.ubulk" 1853
"C:/Users/codym/OneDrive/Documents/GitHub/FunkyFishGameRepository/FPS_Game/Content/Textures/T_Potion_Freezing_ORM.uasset" 1854
"C:/Users/codym/OneDrive/Documents/GitHub/FunkyFishGameRepository/FPS_Game/Content/Textures/T_Potion_Freezing_ORM.uexp" 1855
"C:/Users/codym/OneDrive/Documents/GitHub/FunkyFishGameRepository/FPS_Game/Content/Textures/T_Potion_Freezing_Normal.ubulk" 1856
"C:/Users/codym/OneDrive/Documents/GitHub/FunkyFishGameRepository/FPS_Game/Content/Textures/T_Potion_Freezing_Normal.uasset" 1857
"C:/Users/codym/OneDrive/Documents/GitHub/FunkyFishGameRepository/FPS_Game/Content/Textures/T_Potion_Freezing_Normal.uexp" 1858
"C:/Users/codym/OneDrive/Documents/GitHub/FunkyFishGameRepository/FPS_Game/Content/Textures/T_Potion_Freezing_Colour.ubulk" 1859
"C:/Users/codym/OneDrive/Documents/GitHub/FunkyFishGameRepository/FPS_Game/Content/Textures/T_Potion_Freezing_Colour.uasset" 1860
"C:/Users/codym/OneDrive/Documents/GitHub/FunkyFishGameRepository/FPS_Game/Content/Textures/T_Potion_Freezing_Colour.uexp" 1861
"C:/Users/codym/OneDrive/Documents/GitHub/FunkyFishGameRepository/FPS_Game/Content/Materials/M_Potion_Freezing_Decor.uasset" 1862
"C:/Users/codym/OneDrive/Documents/GitHub/FunkyFishGameRepository/FPS_Game/Content/Materials/M_Potion_Freezing_Decor.uexp" 1863
"C:/Users/codym/OneDrive/Documents/GitHub/FunkyFishGameRepository/FPS_Game/Content/Meshes/SM_Potion_Freezing.ubulk" 1864
"C:/Users/codym/OneDrive/Documents/GitHub/FunkyFishGameRepository/FPS_Game/Content/Meshes/SM_Potion_Freezing.uasset" 1865
"C:/Users/codym/OneDrive/Documents/GitHub/FunkyFishGameRepository/FPS_Game/Content/Meshes/SM_Potion_Freezing.uexp" 1866
"C:/Users/codym/OneDrive/Documents/GitHub/FunkyFishGameRepository/FPS_Game/Content/Blueprints/Actors/Potions/BP_Splash_Freezing.uasset" 1867
"C:/Users/codym/OneDrive/Documents/GitHub/FunkyFishGameRepository/FPS_Game/Content/Blueprints/Actors/Potions/BP_Splash_Freezing.uexp" 1868
"C:/Users/codym/OneDrive/Documents/GitHub/FunkyFishGameRepository/FPS_Game/Content/Blueprints/Actors/Potions/BP_Potion_Freezing.uasset" 1869
"C:/Users/codym/OneDrive/Documents/GitHub/FunkyFishGameRepository/FPS_Game/Content/Blueprints/Actors/Potions/BP_Potion_Freezing.uexp" 1870
"C:/Users/codym/OneDrive/Documents/GitHub/FunkyFishGameRepository/FPS_Game/Content/Blueprints/Actors/Interactables/Pickups/BP_PickUp_Potion_Freezing.uasset" 1871
"C:/Users/codym/OneDrive/Documents/GitHub/FunkyFishGameRepository/FPS_Game/Content/Blueprints/Actors/Interactables/Pickups/BP_PickUp_Potion_Freezing.uexp" 1872
"C:/Users/codym/OneDrive/Documents/GitHub/FunkyFishGameRepository/FPS_Game/Content/Sprites/Healing_Potion.ubulk" 1873
"C:/Users/codym/OneDrive/Documents/GitHub/FunkyFishGameRepository/FPS_Game/Content/Sprites/Healing_Potion.uasset" 1874
"C:/Users/codym/OneDrive/Documents/GitHub/FunkyFishGameRepository/FPS_Game/Content/Sprites/Healing_Potion.uexp" 1875
"C:/Users/codym/OneDrive/Documents/GitHub/FunkyFishGameRepository/FPS_Game/Content/Materials/MI_PotionLiquid_Pink.uasset" 1876
"C:/Users/codym/OneDrive/Documents/GitHub/FunkyFishGameRepository/FPS_Game/Content/Materials/MI_PotionLiquid_Pink.uexp" 1877
"C:/Users/codym/OneDrive/Documents/GitHub/FunkyFishGameRepository/FPS_Game/Content/Textures/T_Potion_Healing_ORM.ubulk" 1878
"C:/Users/codym/OneDrive/Documents/GitHub/FunkyFishGameRepository/FPS_Game/Content/Textures/T_Potion_Healing_ORM.uasset" 1879
"C:/Users/codym/OneDrive/Documents/GitHub/FunkyFishGameRepository/FPS_Game/Content/Textures/T_Potion_Healing_ORM.uexp" 1880
"C:/Users/codym/OneDrive/Documents/GitHub/FunkyFishGameRepository/FPS_Game/Content/Textures/T_Potion_Healing_Normal.ubulk" 1881
"C:/Users/codym/OneDrive/Documents/GitHub/FunkyFishGameRepository/FPS_Game/Content/Textures/T_Potion_Healing_Normal.uasset" 1882
"C:/Users/codym/OneDrive/Documents/GitHub/FunkyFishGameRepository/FPS_Game/Content/Textures/T_Potion_Healing_Normal.uexp" 1883
"C:/Users/codym/OneDrive/Documents/GitHub/FunkyFishGameRepository/FPS_Game/Content/Textures/T_Potion_Healing_Colour.ubulk" 1884
"C:/Users/codym/OneDrive/Documents/GitHub/FunkyFishGameRepository/FPS_Game/Content/Textures/T_Potion_Healing_Colour.uasset" 1885
"C:/Users/codym/OneDrive/Documents/GitHub/FunkyFishGameRepository/FPS_Game/Content/Textures/T_Potion_Healing_Colour.uexp" 1886
"C:/Users/codym/OneDrive/Documents/GitHub/FunkyFishGameRepository/FPS_Game/Content/Materials/M_HealthPotion_Decor.uasset" 1887
"C:/Users/codym/OneDrive/Documents/GitHub/FunkyFishGameRepository/FPS_Game/Content/Materials/M_HealthPotion_Decor.uexp" 1888
"C:/Users/codym/OneDrive/Documents/GitHub/FunkyFishGameRepository/FPS_Game/Content/Meshes/SM_Potion_Health.ubulk" 1889
"C:/Users/codym/OneDrive/Documents/GitHub/FunkyFishGameRepository/FPS_Game/Content/Meshes/SM_Potion_Health.uasset" 1890
"C:/Users/codym/OneDrive/Documents/GitHub/FunkyFishGameRepository/FPS_Game/Content/Meshes/SM_Potion_Health.uexp" 1891
"C:/Users/codym/OneDrive/Documents/GitHub/FunkyFishGameRepository/FPS_Game/Content/Sprites/PinkPlus.ubulk" 1892
"C:/Users/codym/OneDrive/Documents/GitHub/FunkyFishGameRepository/FPS_Game/Content/Sprites/PinkPlus.uasset" 1893
"C:/Users/codym/OneDrive/Documents/GitHub/FunkyFishGameRepository/FPS_Game/Content/Sprites/PinkPlus.uexp" 1894
"C:/Users/codym/OneDrive/Documents/GitHub/FunkyFishGameRepository/FPS_Game/Content/Materials/M_HealthPlus.uasset" 1895
"C:/Users/codym/OneDrive/Documents/GitHub/FunkyFishGameRepository/FPS_Game/Content/Materials/M_HealthPlus.uexp" 1896
"C:/Users/codym/OneDrive/Documents/GitHub/FunkyFishGameRepository/FPS_Game/Content/Blueprints/Particles/PS_HealthSplash.uasset" 1897
"C:/Users/codym/OneDrive/Documents/GitHub/FunkyFishGameRepository/FPS_Game/Content/Blueprints/Particles/PS_HealthSplash.uexp" 1898
"C:/Users/codym/OneDrive/Documents/GitHub/FunkyFishGameRepository/FPS_Game/Content/Blueprints/Actors/Potions/BP_Splash_Healing.uasset" 1899
"C:/Users/codym/OneDrive/Documents/GitHub/FunkyFishGameRepository/FPS_Game/Content/Blueprints/Actors/Potions/BP_Splash_Healing.uexp" 1900
"C:/Users/codym/OneDrive/Documents/GitHub/FunkyFishGameRepository/FPS_Game/Content/Blueprints/Actors/Potions/BP_Potion_Healing.uasset" 1901
"C:/Users/codym/OneDrive/Documents/GitHub/FunkyFishGameRepository/FPS_Game/Content/Blueprints/Actors/Potions/BP_Potion_Healing.uexp" 1902
"C:/Users/codym/OneDrive/Documents/GitHub/FunkyFishGameRepository/FPS_Game/Content/Blueprints/Actors/Interactables/Pickups/BP_PickUp_Potion_Healing.uasset" 1903
"C:/Users/codym/OneDrive/Documents/GitHub/FunkyFishGameRepository/FPS_Game/Content/Blueprints/Actors/Interactables/Pickups/BP_PickUp_Potion_Healing.uexp" 1904
"C:/Users/codym/OneDrive/Documents/GitHub/FunkyFishGameRepository/FPS_Game/Content/Sprites/Hellfire_Potion.ubulk" 1905
"C:/Users/codym/OneDrive/Documents/GitHub/FunkyFishGameRepository/FPS_Game/Content/Sprites/Hellfire_Potion.uasset" 1906
"C:/Users/codym/OneDrive/Documents/GitHub/FunkyFishGameRepository/FPS_Game/Content/Sprites/Hellfire_Potion.uexp" 1907
"C:/Users/codym/OneDrive/Documents/GitHub/FunkyFishGameRepository/FPS_Game/Content/Materials/MI_PotionLiquid_Red.uasset" 1908
"C:/Users/codym/OneDrive/Documents/GitHub/FunkyFishGameRepository/FPS_Game/Content/Materials/MI_PotionLiquid_Red.uexp" 1909
"C:/Users/codym/OneDrive/Documents/GitHub/FunkyFishGameRepository/FPS_Game/Content/Meshes/SM_Potion_Hellfire.ubulk" 1910
"C:/Users/codym/OneDrive/Documents/GitHub/FunkyFishGameRepository/FPS_Game/Content/Meshes/SM_Potion_Hellfire.uasset" 1911
"C:/Users/codym/OneDrive/Documents/GitHub/FunkyFishGameRepository/FPS_Game/Content/Meshes/SM_Potion_Hellfire.uexp" 1912
"C:/Users/codym/OneDrive/Documents/GitHub/FunkyFishGameRepository/FPS_Game/Content/Materials/MI_PotionLiquid_DarkRed.uasset" 1913
"C:/Users/codym/OneDrive/Documents/GitHub/FunkyFishGameRepository/FPS_Game/Content/Materials/MI_PotionLiquid_DarkRed.uexp" 1914
"C:/Users/codym/OneDrive/Documents/GitHub/FunkyFishGameRepository/FPS_Game/Content/Blueprints/Particles/PS_PotionDecorFire.uasset" 1915
"C:/Users/codym/OneDrive/Documents/GitHub/FunkyFishGameRepository/FPS_Game/Content/Blueprints/Particles/PS_PotionDecorFire.uexp" 1916
"C:/Users/codym/OneDrive/Documents/GitHub/FunkyFishGameRepository/FPS_Game/Content/Blueprints/Particles/PS_HellFireProjectile.uasset" 1917
"C:/Users/codym/OneDrive/Documents/GitHub/FunkyFishGameRepository/FPS_Game/Content/Blueprints/Particles/PS_HellFireProjectile.uexp" 1918
"C:/Users/codym/OneDrive/Documents/GitHub/FunkyFishGameRepository/FPS_Game/Content/Blueprints/Particles/PS_HellFire.uasset" 1919
"C:/Users/codym/OneDrive/Documents/GitHub/FunkyFishGameRepository/FPS_Game/Content/Blueprints/Particles/PS_HellFire.uexp" 1920
"C:/Users/codym/OneDrive/Documents/GitHub/FunkyFishGameRepository/FPS_Game/Content/Blueprints/Actors/Potions/BP_Splash_Hellfire.uasset" 1921
"C:/Users/codym/OneDrive/Documents/GitHub/FunkyFishGameRepository/FPS_Game/Content/Blueprints/Actors/Potions/BP_Splash_Hellfire.uexp" 1922
"C:/Users/codym/OneDrive/Documents/GitHub/FunkyFishGameRepository/FPS_Game/Content/Blueprints/Actors/Potions/BP_Potion_Hellfire.uasset" 1923
"C:/Users/codym/OneDrive/Documents/GitHub/FunkyFishGameRepository/FPS_Game/Content/Blueprints/Actors/Potions/BP_Potion_Hellfire.uexp" 1924
"C:/Users/codym/OneDrive/Documents/GitHub/FunkyFishGameRepository/FPS_Game/Content/Blueprints/Actors/Interactables/Pickups/BP_PickUp_Potion_Hellfire.uasset" 1925
"C:/Users/codym/OneDrive/Documents/GitHub/FunkyFishGameRepository/FPS_Game/Content/Blueprints/Actors/Interactables/Pickups/BP_PickUp_Potion_Hellfire.uexp" 1926
"C:/Users/codym/OneDrive/Documents/GitHub/FunkyFishGameRepository/FPS_Game/Content/Sprites/Snow_Potion.ubulk" 1927
"C:/Users/codym/OneDrive/Documents/GitHub/FunkyFishGameRepository/FPS_Game/Content/Sprites/Snow_Potion.uasset" 1928
"C:/Users/codym/OneDrive/Documents/GitHub/FunkyFishGameRepository/FPS_Game/Content/Sprites/Snow_Potion.uexp" 1929
"C:/Users/codym/OneDrive/Documents/GitHub/FunkyFishGameRepository/FPS_Game/Content/Materials/MI_PotionLiquid_White.uasset" 1930
"C:/Users/codym/OneDrive/Documents/GitHub/FunkyFishGameRepository/FPS_Game/Content/Materials/MI_PotionLiquid_White.uexp" 1931
"C:/Users/codym/OneDrive/Documents/GitHub/FunkyFishGameRepository/FPS_Game/Content/Blueprints/Actors/Potions/BP_Splash_Snow.uasset" 1932
"C:/Users/codym/OneDrive/Documents/GitHub/FunkyFishGameRepository/FPS_Game/Content/Blueprints/Actors/Potions/BP_Splash_Snow.uexp" 1933
"C:/Users/codym/OneDrive/Documents/GitHub/FunkyFishGameRepository/FPS_Game/Content/Blueprints/Actors/Potions/BP_Potion_Snow.uasset" 1934
"C:/Users/codym/OneDrive/Documents/GitHub/FunkyFishGameRepository/FPS_Game/Content/Blueprints/Actors/Potions/BP_Potion_Snow.uexp" 1935
"C:/Users/codym/OneDrive/Documents/GitHub/FunkyFishGameRepository/FPS_Game/Content/Blueprints/Actors/Interactables/Pickups/BP_PickUp_Potion_Snow.uasset" 1936
"C:/Users/codym/OneDrive/Documents/GitHub/FunkyFishGameRepository/FPS_Game/Content/Blueprints/Actors/Interactables/Pickups/BP_PickUp_Potion_Snow.uexp" 1937
"C:/Users/codym/OneDrive/Documents/GitHub/FunkyFishGameRepository/FPS_Game/Content/Sprites/Steel_Potion.ubulk" 1938
"C:/Users/codym/OneDrive/Documents/GitHub/FunkyFishGameRepository/FPS_Game/Content/Sprites/Steel_Potion.uasset" 1939
"C:/Users/codym/OneDrive/Documents/GitHub/FunkyFishGameRepository/FPS_Game/Content/Sprites/Steel_Potion.uexp" 1940
"C:/Users/codym/OneDrive/Documents/GitHub/FunkyFishGameRepository/FPS_Game/Content/Textures/T_RainbowGradient.uasset" 1941
"C:/Users/codym/OneDrive/Documents/GitHub/FunkyFishGameRepository/FPS_Game/Content/Textures/T_RainbowGradient.uexp" 1942
"C:/Users/codym/OneDrive/Documents/GitHub/FunkyFishGameRepository/FPS_Game/Content/Materials/M_PotionLiquidSteel.uasset" 1943
"C:/Users/codym/OneDrive/Documents/GitHub/FunkyFishGameRepository/FPS_Game/Content/Materials/M_PotionLiquidSteel.uexp" 1944
"C:/Users/codym/OneDrive/Documents/GitHub/FunkyFishGameRepository/FPS_Game/Content/Textures/T_Potion_Steel_ORM.ubulk" 1945
"C:/Users/codym/OneDrive/Documents/GitHub/FunkyFishGameRepository/FPS_Game/Content/Textures/T_Potion_Steel_ORM.uasset" 1946
"C:/Users/codym/OneDrive/Documents/GitHub/FunkyFishGameRepository/FPS_Game/Content/Textures/T_Potion_Steel_ORM.uexp" 1947
"C:/Users/codym/OneDrive/Documents/GitHub/FunkyFishGameRepository/FPS_Game/Content/Textures/T_Potion_Steel_Normal.ubulk" 1948
"C:/Users/codym/OneDrive/Documents/GitHub/FunkyFishGameRepository/FPS_Game/Content/Textures/T_Potion_Steel_Normal.uasset" 1949
"C:/Users/codym/OneDrive/Documents/GitHub/FunkyFishGameRepository/FPS_Game/Content/Textures/T_Potion_Steel_Normal.uexp" 1950
"C:/Users/codym/OneDrive/Documents/GitHub/FunkyFishGameRepository/FPS_Game/Content/Textures/T_Potion_Steel_Colour.ubulk" 1951
"C:/Users/codym/OneDrive/Documents/GitHub/FunkyFishGameRepository/FPS_Game/Content/Textures/T_Potion_Steel_Colour.uasset" 1952
"C:/Users/codym/OneDrive/Documents/GitHub/FunkyFishGameRepository/FPS_Game/Content/Textures/T_Potion_Steel_Colour.uexp" 1953
"C:/Users/codym/OneDrive/Documents/GitHub/FunkyFishGameRepository/FPS_Game/Content/Materials/M_Potion_SteelDecor.uasset" 1954
"C:/Users/codym/OneDrive/Documents/GitHub/FunkyFishGameRepository/FPS_Game/Content/Materials/M_Potion_SteelDecor.uexp" 1955
"C:/Users/codym/OneDrive/Documents/GitHub/FunkyFishGameRepository/FPS_Game/Content/Meshes/SM_Potion_Steel.ubulk" 1956
"C:/Users/codym/OneDrive/Documents/GitHub/FunkyFishGameRepository/FPS_Game/Content/Meshes/SM_Potion_Steel.uasset" 1957
"C:/Users/codym/OneDrive/Documents/GitHub/FunkyFishGameRepository/FPS_Game/Content/Meshes/SM_Potion_Steel.uexp" 1958
"C:/Users/codym/OneDrive/Documents/GitHub/FunkyFishGameRepository/FPS_Game/Content/Textures/T_SteelSpikes_ORM.ubulk" 1959
"C:/Users/codym/OneDrive/Documents/GitHub/FunkyFishGameRepository/FPS_Game/Content/Textures/T_SteelSpikes_ORM.uasset" 1960
"C:/Users/codym/OneDrive/Documents/GitHub/FunkyFishGameRepository/FPS_Game/Content/Textures/T_SteelSpikes_ORM.uexp" 1961
"C:/Users/codym/OneDrive/Documents/GitHub/FunkyFishGameRepository/FPS_Game/Content/Textures/T_SteelSpikes_Normal.ubulk" 1962
"C:/Users/codym/OneDrive/Documents/GitHub/FunkyFishGameRepository/FPS_Game/Content/Textures/T_SteelSpikes_Normal.uasset" 1963
"C:/Users/codym/OneDrive/Documents/GitHub/FunkyFishGameRepository/FPS_Game/Content/Textures/T_SteelSpikes_Normal.uexp" 1964
"C:/Users/codym/OneDrive/Documents/GitHub/FunkyFishGameRepository/FPS_Game/Content/Textures/T_SteelSpikes_Colour.ubulk" 1965
"C:/Users/codym/OneDrive/Documents/GitHub/FunkyFishGameRepository/FPS_Game/Content/Textures/T_SteelSpikes_Colour.uasset" 1966
"C:/Users/codym/OneDrive/Documents/GitHub/FunkyFishGameRepository/FPS_Game/Content/Textures/T_SteelSpikes_Colour.uexp" 1967
"C:/Users/codym/OneDrive/Documents/GitHub/FunkyFishGameRepository/FPS_Game/Content/Materials/M_SteelSpikes.uasset" 1968
"C:/Users/codym/OneDrive/Documents/GitHub/FunkyFishGameRepository/FPS_Game/Content/Materials/M_SteelSpikes.uexp" 1969
"C:/Users/codym/OneDrive/Documents/GitHub/FunkyFishGameRepository/FPS_Game/Content/Meshes/SM_SteelSpikes.ubulk" 1970
"C:/Users/codym/OneDrive/Documents/GitHub/FunkyFishGameRepository/FPS_Game/Content/Meshes/SM_SteelSpikes.uasset" 1971
"C:/Users/codym/OneDrive/Documents/GitHub/FunkyFishGameRepository/FPS_Game/Content/Meshes/SM_SteelSpikes.uexp" 1972
"C:/Users/codym/OneDrive/Documents/GitHub/FunkyFishGameRepository/FPS_Game/Content/Blueprints/Actors/Potions/BP_Splash_Steel.uasset" 1973
"C:/Users/codym/OneDrive/Documents/GitHub/FunkyFishGameRepository/FPS_Game/Content/Blueprints/Actors/Potions/BP_Splash_Steel.uexp" 1974
"C:/Users/codym/OneDrive/Documents/GitHub/FunkyFishGameRepository/FPS_Game/Content/Blueprints/Actors/Potions/BP_Potion_Steel.uasset" 1975
"C:/Users/codym/OneDrive/Documents/GitHub/FunkyFishGameRepository/FPS_Game/Content/Blueprints/Actors/Potions/BP_Potion_Steel.uexp" 1976
"C:/Users/codym/OneDrive/Documents/GitHub/FunkyFishGameRepository/FPS_Game/Content/Blueprints/Actors/Interactables/Pickups/BP_PickUp_Potion_Steel.uasset" 1977
"C:/Users/codym/OneDrive/Documents/GitHub/FunkyFishGameRepository/FPS_Game/Content/Blueprints/Actors/Interactables/Pickups/BP_PickUp_Potion_Steel.uexp" 1978
"C:/Users/codym/OneDrive/Documents/GitHub/FunkyFishGameRepository/FPS_Game/Content/Textures/T_EarthEffect_ORM.ubulk" 1979
"C:/Users/codym/OneDrive/Documents/GitHub/FunkyFishGameRepository/FPS_Game/Content/Textures/T_EarthEffect_ORM.uasset" 1980
"C:/Users/codym/OneDrive/Documents/GitHub/FunkyFishGameRepository/FPS_Game/Content/Textures/T_EarthEffect_ORM.uexp" 1981
"C:/Users/codym/OneDrive/Documents/GitHub/FunkyFishGameRepository/FPS_Game/Content/Textures/T_EarthEffect_Normal.ubulk" 1982
"C:/Users/codym/OneDrive/Documents/GitHub/FunkyFishGameRepository/FPS_Game/Content/Textures/T_EarthEffect_Normal.uasset" 1983
"C:/Users/codym/OneDrive/Documents/GitHub/FunkyFishGameRepository/FPS_Game/Content/Textures/T_EarthEffect_Normal.uexp" 1984
"C:/Users/codym/OneDrive/Documents/GitHub/FunkyFishGameRepository/FPS_Game/Content/Textures/T_EarthEffect_Colour.ubulk" 1985
"C:/Users/codym/OneDrive/Documents/GitHub/FunkyFishGameRepository/FPS_Game/Content/Textures/T_EarthEffect_Colour.uasset" 1986
"C:/Users/codym/OneDrive/Documents/GitHub/FunkyFishGameRepository/FPS_Game/Content/Textures/T_EarthEffect_Colour.uexp" 1987
"C:/Users/codym/OneDrive/Documents/GitHub/FunkyFishGameRepository/FPS_Game/Content/Materials/M_EarthEffect.uasset" 1988
"C:/Users/codym/OneDrive/Documents/GitHub/FunkyFishGameRepository/FPS_Game/Content/Materials/M_EarthEffect.uexp" 1989
"C:/Users/codym/OneDrive/Documents/GitHub/FunkyFishGameRepository/FPS_Game/Content/Meshes/SM_EarthEffect.ubulk" 1990
"C:/Users/codym/OneDrive/Documents/GitHub/FunkyFishGameRepository/FPS_Game/Content/Meshes/SM_EarthEffect.uasset" 1991
"C:/Users/codym/OneDrive/Documents/GitHub/FunkyFishGameRepository/FPS_Game/Content/Meshes/SM_EarthEffect.uexp" 1992
"C:/Users/codym/OneDrive/Documents/GitHub/FunkyFishGameRepository/FPS_Game/Content/Textures/T_RockSprite.ubulk" 1993
"C:/Users/codym/OneDrive/Documents/GitHub/FunkyFishGameRepository/FPS_Game/Content/Textures/T_RockSprite.uasset" 1994
"C:/Users/codym/OneDrive/Documents/GitHub/FunkyFishGameRepository/FPS_Game/Content/Textures/T_RockSprite.uexp" 1995
"C:/Users/codym/OneDrive/Documents/GitHub/FunkyFishGameRepository/FPS_Game/Content/Materials/M_RockParticle.uasset" 1996
"C:/Users/codym/OneDrive/Documents/GitHub/FunkyFishGameRepository/FPS_Game/Content/Materials/M_RockParticle.uexp" 1997
"C:/Users/codym/OneDrive/Documents/GitHub/FunkyFishGameRepository/FPS_Game/Content/Blueprints/Particles/PS_RockSpread.uasset" 1998
"C:/Users/codym/OneDrive/Documents/GitHub/FunkyFishGameRepository/FPS_Game/Content/Blueprints/Particles/PS_RockSpread.uexp" 1999
"C:/Users/codym/OneDrive/Documents/GitHub/FunkyFishGameRepository/FPS_Game/Content/Blueprints/FrameWork/CameraShakes/BP_CameraShakeEarth.uasset" 2000
"C:/Users/codym/OneDrive/Documents/GitHub/FunkyFishGameRepository/FPS_Game/Content/Blueprints/FrameWork/CameraShakes/BP_CameraShakeEarth.uexp" 2001
"C:/Users/codym/OneDrive/Documents/GitHub/FunkyFishGameRepository/FPS_Game/Content/Audio/A_RockSound.ubulk" 2002
"C:/Users/codym/OneDrive/Documents/GitHub/FunkyFishGameRepository/FPS_Game/Content/Audio/A_RockSound.uasset" 2003
"C:/Users/codym/OneDrive/Documents/GitHub/FunkyFishGameRepository/FPS_Game/Content/Audio/A_RockSound.uexp" 2004
"C:/Users/codym/OneDrive/Documents/GitHub/FunkyFishGameRepository/FPS_Game/Content/Blueprints/Actors/Potions/BP_Splash_Stone.uasset" 2005
"C:/Users/codym/OneDrive/Documents/GitHub/FunkyFishGameRepository/FPS_Game/Content/Blueprints/Actors/Potions/BP_Splash_Stone.uexp" 2006
"C:/Users/codym/OneDrive/Documents/GitHub/FunkyFishGameRepository/FPS_Game/Content/Blueprints/Actors/Potions/BP_Potion_Stone.uasset" 2007
"C:/Users/codym/OneDrive/Documents/GitHub/FunkyFishGameRepository/FPS_Game/Content/Blueprints/Actors/Potions/BP_Potion_Stone.uexp" 2008
"C:/Users/codym/OneDrive/Documents/GitHub/FunkyFishGameRepository/FPS_Game/Content/Blueprints/Actors/Interactables/Pickups/BP_PickUp_Potion_Stone.uasset" 2009
"C:/Users/codym/OneDrive/Documents/GitHub/FunkyFishGameRepository/FPS_Game/Content/Blueprints/Actors/Interactables/Pickups/BP_PickUp_Potion_Stone.uexp" 2010
"C:/Users/codym/OneDrive/Documents/GitHub/FunkyFishGameRepository/FPS_Game/Content/Textures/T_SlimeEyes_ORM.ubulk" 2011
"C:/Users/codym/OneDrive/Documents/GitHub/FunkyFishGameRepository/FPS_Game/Content/Textures/T_SlimeEyes_ORM.uasset" 2012
"C:/Users/codym/OneDrive/Documents/GitHub/FunkyFishGameRepository/FPS_Game/Content/Textures/T_SlimeEyes_ORM.uexp" 2013
"C:/Users/codym/OneDrive/Documents/GitHub/FunkyFishGameRepository/FPS_Game/Content/Textures/T_SlimeEyes_Normal.ubulk" 2014
"C:/Users/codym/OneDrive/Documents/GitHub/FunkyFishGameRepository/FPS_Game/Content/Textures/T_SlimeEyes_Normal.uasset" 2015
"C:/Users/codym/OneDrive/Documents/GitHub/FunkyFishGameRepository/FPS_Game/Content/Textures/T_SlimeEyes_Normal.uexp" 2016
"C:/Users/codym/OneDrive/Documents/GitHub/FunkyFishGameRepository/FPS_Game/Content/Textures/T_SlimeEyes_Colour.ubulk" 2017
"C:/Users/codym/OneDrive/Documents/GitHub/FunkyFishGameRepository/FPS_Game/Content/Textures/T_SlimeEyes_Colour.uasset" 2018
"C:/Users/codym/OneDrive/Documents/GitHub/FunkyFishGameRepository/FPS_Game/Content/Textures/T_SlimeEyes_Colour.uexp" 2019
"C:/Users/codym/OneDrive/Documents/GitHub/FunkyFishGameRepository/FPS_Game/Content/Materials/M_Slime_Eyes.uasset" 2020
"C:/Users/codym/OneDrive/Documents/GitHub/FunkyFishGameRepository/FPS_Game/Content/Materials/M_Slime_Eyes.uexp" 2021
"C:/Users/codym/OneDrive/Documents/GitHub/FunkyFishGameRepository/FPS_Game/Content/Meshes/SM_Slime.ubulk" 2022
"C:/Users/codym/OneDrive/Documents/GitHub/FunkyFishGameRepository/FPS_Game/Content/Meshes/SM_Slime.uasset" 2023
"C:/Users/codym/OneDrive/Documents/GitHub/FunkyFishGameRepository/FPS_Game/Content/Meshes/SM_Slime.uexp" 2024
"C:/Users/codym/OneDrive/Documents/GitHub/FunkyFishGameRepository/FPS_Game/Content/Textures/T_Slime_Remastered_Green_slime_Remastered_OcclusionRoughnessMetallic.ubulk" 2025
"C:/Users/codym/OneDrive/Documents/GitHub/FunkyFishGameRepository/FPS_Game/Content/Textures/T_Slime_Remastered_Green_slime_Remastered_OcclusionRoughnessMetallic.uasset" 2026
"C:/Users/codym/OneDrive/Documents/GitHub/FunkyFishGameRepository/FPS_Game/Content/Textures/T_Slime_Remastered_Green_slime_Remastered_OcclusionRoughnessMetallic.uexp" 2027
"C:/Users/codym/OneDrive/Documents/GitHub/FunkyFishGameRepository/FPS_Game/Content/Textures/T_Slime_Remastered_Green_slime_Remastered_Normal.ubulk" 2028
"C:/Users/codym/OneDrive/Documents/GitHub/FunkyFishGameRepository/FPS_Game/Content/Textures/T_Slime_Remastered_Green_slime_Remastered_Normal.uasset" 2029
"C:/Users/codym/OneDrive/Documents/GitHub/FunkyFishGameRepository/FPS_Game/Content/Textures/T_Slime_Remastered_Green_slime_Remastered_Normal.uexp" 2030
"C:/Users/codym/OneDrive/Documents/GitHub/FunkyFishGameRepository/FPS_Game/Content/Textures/T_Slime_Remastered_Green_slime_Remastered_BaseColor.ubulk" 2031
"C:/Users/codym/OneDrive/Documents/GitHub/FunkyFishGameRepository/FPS_Game/Content/Textures/T_Slime_Remastered_Green_slime_Remastered_BaseColor.uasset" 2032
"C:/Users/codym/OneDrive/Documents/GitHub/FunkyFishGameRepository/FPS_Game/Content/Textures/T_Slime_Remastered_Green_slime_Remastered_BaseColor.uexp" 2033
"C:/Users/codym/OneDrive/Documents/GitHub/FunkyFishGameRepository/FPS_Game/Content/Materials/M_Slime_green_remastered.uasset" 2034
"C:/Users/codym/OneDrive/Documents/GitHub/FunkyFishGameRepository/FPS_Game/Content/Materials/M_Slime_green_remastered.uexp" 2035
"C:/Users/codym/OneDrive/Documents/GitHub/FunkyFishGameRepository/FPS_Game/Content/Blueprints/Particles/PS_SlimeDeathGreen.uasset" 2036
"C:/Users/codym/OneDrive/Documents/GitHub/FunkyFishGameRepository/FPS_Game/Content/Blueprints/Particles/PS_SlimeDeathGreen.uexp" 2037
"C:/Users/codym/OneDrive/Documents/GitHub/FunkyFishGameRepository/FPS_Game/Content/Audio/Slime_Death_Sound_Effect.ubulk" 2038
"C:/Users/codym/OneDrive/Documents/GitHub/FunkyFishGameRepository/FPS_Game/Content/Audio/Slime_Death_Sound_Effect.uasset" 2039
"C:/Users/codym/OneDrive/Documents/GitHub/FunkyFishGameRepository/FPS_Game/Content/Audio/Slime_Death_Sound_Effect.uexp" 2040
"C:/Users/codym/OneDrive/Documents/GitHub/FunkyFishGameRepository/FPS_Game/Content/Audio/Slime_SoundEffect.ubulk" 2041
"C:/Users/codym/OneDrive/Documents/GitHub/FunkyFishGameRepository/FPS_Game/Content/Audio/Slime_SoundEffect.uasset" 2042
"C:/Users/codym/OneDrive/Documents/GitHub/FunkyFishGameRepository/FPS_Game/Content/Audio/Slime_SoundEffect.uexp" 2043
"C:/Users/codym/OneDrive/Documents/GitHub/FunkyFishGameRepository/FPS_Game/Content/Audio/Slime_Sound_Effect_Reverse.ubulk" 2044
"C:/Users/codym/OneDrive/Documents/GitHub/FunkyFishGameRepository/FPS_Game/Content/Audio/Slime_Sound_Effect_Reverse.uasset" 2045
"C:/Users/codym/OneDrive/Documents/GitHub/FunkyFishGameRepository/FPS_Game/Content/Audio/Slime_Sound_Effect_Reverse.uexp" 2046
"C:/Users/codym/OneDrive/Documents/GitHub/FunkyFishGameRepository/FPS_Game/Content/Audio/Slime_Bounce_Cue.uasset" 2047
"C:/Users/codym/OneDrive/Documents/GitHub/FunkyFishGameRepository/FPS_Game/Content/Audio/Slime_Bounce_Cue.uexp" 2048
"C:/Users/codym/OneDrive/Documents/GitHub/FunkyFishGameRepository/FPS_Game/Content/Textures/T_Slime_Goop_Slime_Dead_OcclusionRoughnessMetallic.ubulk" 2049
"C:/Users/codym/OneDrive/Documents/GitHub/FunkyFishGameRepository/FPS_Game/Content/Textures/T_Slime_Goop_Slime_Dead_OcclusionRoughnessMetallic.uasset" 2050
"C:/Users/codym/OneDrive/Documents/GitHub/FunkyFishGameRepository/FPS_Game/Content/Textures/T_Slime_Goop_Slime_Dead_OcclusionRoughnessMetallic.uexp" 2051
"C:/Users/codym/OneDrive/Documents/GitHub/FunkyFishGameRepository/FPS_Game/Content/Textures/T_Slime_Goop_Slime_Dead_Normal.ubulk" 2052
"C:/Users/codym/OneDrive/Documents/GitHub/FunkyFishGameRepository/FPS_Game/Content/Textures/T_Slime_Goop_Slime_Dead_Normal.uasset" 2053
"C:/Users/codym/OneDrive/Documents/GitHub/FunkyFishGameRepository/FPS_Game/Content/Textures/T_Slime_Goop_Slime_Dead_Normal.uexp" 2054
"C:/Users/codym/OneDrive/Documents/GitHub/FunkyFishGameRepository/FPS_Game/Content/Textures/T_Slime_Goop_Slime_Dead_BaseColor.ubulk" 2055
"C:/Users/codym/OneDrive/Documents/GitHub/FunkyFishGameRepository/FPS_Game/Content/Textures/T_Slime_Goop_Slime_Dead_BaseColor.uasset" 2056
"C:/Users/codym/OneDrive/Documents/GitHub/FunkyFishGameRepository/FPS_Game/Content/Textures/T_Slime_Goop_Slime_Dead_BaseColor.uexp" 2057
"C:/Users/codym/OneDrive/Documents/GitHub/FunkyFishGameRepository/FPS_Game/Content/Materials/M_Slime_dead_Goop_Green1.uasset" 2058
"C:/Users/codym/OneDrive/Documents/GitHub/FunkyFishGameRepository/FPS_Game/Content/Materials/M_Slime_dead_Goop_Green1.uexp" 2059
"C:/Users/codym/OneDrive/Documents/GitHub/FunkyFishGameRepository/FPS_Game/Content/Blueprints/Actors/Enemies/EnemyMisc/BP_Dead_Slime_Goop_Green.uasset" 2060
"C:/Users/codym/OneDrive/Documents/GitHub/FunkyFishGameRepository/FPS_Game/Content/Blueprints/Actors/Enemies/EnemyMisc/BP_Dead_Slime_Goop_Green.uexp" 2061
"C:/Users/codym/OneDrive/Documents/GitHub/FunkyFishGameRepository/FPS_Game/Content/Blueprints/Actors/Enemies/BP_Enemy_Slime.uasset" 2062
"C:/Users/codym/OneDrive/Documents/GitHub/FunkyFishGameRepository/FPS_Game/Content/Blueprints/Actors/Enemies/BP_Enemy_Slime.uexp" 2063
"C:/Users/codym/OneDrive/Documents/GitHub/FunkyFishGameRepository/FPS_Game/Content/Sprites/Volatile_Potion.ubulk" 2064
"C:/Users/codym/OneDrive/Documents/GitHub/FunkyFishGameRepository/FPS_Game/Content/Sprites/Volatile_Potion.uasset" 2065
"C:/Users/codym/OneDrive/Documents/GitHub/FunkyFishGameRepository/FPS_Game/Content/Sprites/Volatile_Potion.uexp" 2066
"C:/Users/codym/OneDrive/Documents/GitHub/FunkyFishGameRepository/FPS_Game/Content/Textures/T_Potion_Volatile_ORM.ubulk" 2067
"C:/Users/codym/OneDrive/Documents/GitHub/FunkyFishGameRepository/FPS_Game/Content/Textures/T_Potion_Volatile_ORM.uasset" 2068
"C:/Users/codym/OneDrive/Documents/GitHub/FunkyFishGameRepository/FPS_Game/Content/Textures/T_Potion_Volatile_ORM.uexp" 2069
"C:/Users/codym/OneDrive/Documents/GitHub/FunkyFishGameRepository/FPS_Game/Content/Textures/T_Potion_Volatile_Normal.ubulk" 2070
"C:/Users/codym/OneDrive/Documents/GitHub/FunkyFishGameRepository/FPS_Game/Content/Textures/T_Potion_Volatile_Normal.uasset" 2071
"C:/Users/codym/OneDrive/Documents/GitHub/FunkyFishGameRepository/FPS_Game/Content/Textures/T_Potion_Volatile_Normal.uexp" 2072
"C:/Users/codym/OneDrive/Documents/GitHub/FunkyFishGameRepository/FPS_Game/Content/Textures/T_Potion_Volatile_Emissive.ubulk" 2073
"C:/Users/codym/OneDrive/Documents/GitHub/FunkyFishGameRepository/FPS_Game/Content/Textures/T_Potion_Volatile_Emissive.uasset" 2074
"C:/Users/codym/OneDrive/Documents/GitHub/FunkyFishGameRepository/FPS_Game/Content/Textures/T_Potion_Volatile_Emissive.uexp" 2075
"C:/Users/codym/OneDrive/Documents/GitHub/FunkyFishGameRepository/FPS_Game/Content/Textures/T_Potion_Volatile_Colour.ubulk" 2076
"C:/Users/codym/OneDrive/Documents/GitHub/FunkyFishGameRepository/FPS_Game/Content/Textures/T_Potion_Volatile_Colour.uasset" 2077
"C:/Users/codym/OneDrive/Documents/GitHub/FunkyFishGameRepository/FPS_Game/Content/Textures/T_Potion_Volatile_Colour.uexp" 2078
"C:/Users/codym/OneDrive/Documents/GitHub/FunkyFishGameRepository/FPS_Game/Content/Materials/M_Potion_Volatile.uasset" 2079
"C:/Users/codym/OneDrive/Documents/GitHub/FunkyFishGameRepository/FPS_Game/Content/Materials/M_Potion_Volatile.uexp" 2080
"C:/Users/codym/OneDrive/Documents/GitHub/FunkyFishGameRepository/FPS_Game/Content/Meshes/SM_Potion_Volatile.ubulk" 2081
"C:/Users/codym/OneDrive/Documents/GitHub/FunkyFishGameRepository/FPS_Game/Content/Meshes/SM_Potion_Volatile.uasset" 2082
"C:/Users/codym/OneDrive/Documents/GitHub/FunkyFishGameRepository/FPS_Game/Content/Meshes/SM_Potion_Volatile.uexp" 2083
"C:/Users/codym/OneDrive/Documents/GitHub/FunkyFishGameRepository/FPS_Game/Content/Materials/M_Lava.uasset" 2084
"C:/Users/codym/OneDrive/Documents/GitHub/FunkyFishGameRepository/FPS_Game/Content/Materials/M_Lava.uexp" 2085
"../../../Engine/Content/Functions/Engine_MaterialFunctions01/Density/ExponentialDensity.uasset" 2086
"../../../Engine/Content/Functions/Engine_MaterialFunctions01/Density/ExponentialDensity.uexp" 2087
"../../../Engine/Content/Functions/Engine_MaterialFunctions01/Gradient/RadialGradientExponential.uasset" 2088
"../../../Engine/Content/Functions/Engine_MaterialFunctions01/Gradient/RadialGradientExponential.uexp" 2089
"C:/Users/codym/OneDrive/Documents/GitHub/FunkyFishGameRepository/FPS_Game/Content/Textures/T_Smoke.uasset" 2090
"C:/Users/codym/OneDrive/Documents/GitHub/FunkyFishGameRepository/FPS_Game/Content/Textures/T_Smoke.uexp" 2091
"../../../Engine/Content/MapTemplates/TilingNoise05.ubulk" 2092
"../../../Engine/Content/MapTemplates/TilingNoise05.uasset" 2093
"../../../Engine/Content/MapTemplates/TilingNoise05.uexp" 2094
"C:/Users/codym/OneDrive/Documents/GitHub/FunkyFishGameRepository/FPS_Game/Content/Materials/M_Smoke.uasset" 2095
"C:/Users/codym/OneDrive/Documents/GitHub/FunkyFishGameRepository/FPS_Game/Content/Materials/M_Smoke.uexp" 2096
"C:/Users/codym/OneDrive/Documents/GitHub/FunkyFishGameRepository/FPS_Game/Content/Blueprints/Particles/PS_ExplosionVolatile.uasset" 2097
"C:/Users/codym/OneDrive/Documents/GitHub/FunkyFishGameRepository/FPS_Game/Content/Blueprints/Particles/PS_ExplosionVolatile.uexp" 2098
"C:/Users/codym/OneDrive/Documents/GitHub/FunkyFishGameRepository/FPS_Game/Content/Blueprints/FrameWork/CameraShakes/BP_CameraShakeExplosion.uasset" 2099
"C:/Users/codym/OneDrive/Documents/GitHub/FunkyFishGameRepository/FPS_Game/Content/Blueprints/FrameWork/CameraShakes/BP_CameraShakeExplosion.uexp" 2100
"C:/Users/codym/OneDrive/Documents/GitHub/FunkyFishGameRepository/FPS_Game/Content/Audio/A_Explosion.ubulk" 2101
"C:/Users/codym/OneDrive/Documents/GitHub/FunkyFishGameRepository/FPS_Game/Content/Audio/A_Explosion.uasset" 2102
"C:/Users/codym/OneDrive/Documents/GitHub/FunkyFishGameRepository/FPS_Game/Content/Audio/A_Explosion.uexp" 2103
"C:/Users/codym/OneDrive/Documents/GitHub/FunkyFishGameRepository/FPS_Game/Content/Blueprints/Actors/Potions/BP_Splash_Volatile.uasset" 2104
"C:/Users/codym/OneDrive/Documents/GitHub/FunkyFishGameRepository/FPS_Game/Content/Blueprints/Actors/Potions/BP_Splash_Volatile.uexp" 2105
"C:/Users/codym/OneDrive/Documents/GitHub/FunkyFishGameRepository/FPS_Game/Content/Blueprints/Actors/Potions/BP_Potion_Volatile.uasset" 2106
"C:/Users/codym/OneDrive/Documents/GitHub/FunkyFishGameRepository/FPS_Game/Content/Blueprints/Actors/Potions/BP_Potion_Volatile.uexp" 2107
"C:/Users/codym/OneDrive/Documents/GitHub/FunkyFishGameRepository/FPS_Game/Content/Blueprints/Actors/Interactables/Pickups/BP_PickUp_Potion_Volatile.uasset" 2108
"C:/Users/codym/OneDrive/Documents/GitHub/FunkyFishGameRepository/FPS_Game/Content/Blueprints/Actors/Interactables/Pickups/BP_PickUp_Potion_Volatile.uexp" 2109
"C:/Users/codym/OneDrive/Documents/GitHub/FunkyFishGameRepository/FPS_Game/Content/Textures/T_Slime_Remastered_Blue_slime_Remastered_OcclusionRoughnessMetallic.ubulk" 2110
"C:/Users/codym/OneDrive/Documents/GitHub/FunkyFishGameRepository/FPS_Game/Content/Textures/T_Slime_Remastered_Blue_slime_Remastered_OcclusionRoughnessMetallic.uasset" 2111
"C:/Users/codym/OneDrive/Documents/GitHub/FunkyFishGameRepository/FPS_Game/Content/Textures/T_Slime_Remastered_Blue_slime_Remastered_OcclusionRoughnessMetallic.uexp" 2112
"C:/Users/codym/OneDrive/Documents/GitHub/FunkyFishGameRepository/FPS_Game/Content/Textures/T_Slime_Remastered_Blue_slime_Remastered_Normal.ubulk" 2113
"C:/Users/codym/OneDrive/Documents/GitHub/FunkyFishGameRepository/FPS_Game/Content/Textures/T_Slime_Remastered_Blue_slime_Remastered_Normal.uasset" 2114
"C:/Users/codym/OneDrive/Documents/GitHub/FunkyFishGameRepository/FPS_Game/Content/Textures/T_Slime_Remastered_Blue_slime_Remastered_Normal.uexp" 2115
"C:/Users/codym/OneDrive/Documents/GitHub/FunkyFishGameRepository/FPS_Game/Content/Textures/T_Slime_Remastered_Blue_slime_Remastered_BaseColor.ubulk" 2116
"C:/Users/codym/OneDrive/Documents/GitHub/FunkyFishGameRepository/FPS_Game/Content/Textures/T_Slime_Remastered_Blue_slime_Remastered_BaseColor.uasset" 2117
"C:/Users/codym/OneDrive/Documents/GitHub/FunkyFishGameRepository/FPS_Game/Content/Textures/T_Slime_Remastered_Blue_slime_Remastered_BaseColor.uexp" 2118
"C:/Users/codym/OneDrive/Documents/GitHub/FunkyFishGameRepository/FPS_Game/Content/Materials/M_Slime_Blue_remastered.uasset" 2119
"C:/Users/codym/OneDrive/Documents/GitHub/FunkyFishGameRepository/FPS_Game/Content/Materials/M_Slime_Blue_remastered.uexp" 2120
"C:/Users/codym/OneDrive/Documents/GitHub/FunkyFishGameRepository/FPS_Game/Content/Blueprints/Particles/PS_SlimeDeathBlue.uasset" 2121
"C:/Users/codym/OneDrive/Documents/GitHub/FunkyFishGameRepository/FPS_Game/Content/Blueprints/Particles/PS_SlimeDeathBlue.uexp" 2122
"C:/Users/codym/OneDrive/Documents/GitHub/FunkyFishGameRepository/FPS_Game/Content/Textures/T_Slime_Goop_Blue_Goop_Dead_BaseColor.ubulk" 2123
"C:/Users/codym/OneDrive/Documents/GitHub/FunkyFishGameRepository/FPS_Game/Content/Textures/T_Slime_Goop_Blue_Goop_Dead_BaseColor.uasset" 2124
"C:/Users/codym/OneDrive/Documents/GitHub/FunkyFishGameRepository/FPS_Game/Content/Textures/T_Slime_Goop_Blue_Goop_Dead_BaseColor.uexp" 2125
"C:/Users/codym/OneDrive/Documents/GitHub/FunkyFishGameRepository/FPS_Game/Content/Materials/M_Slime_dead_Goop_Blue.uasset" 2126
"C:/Users/codym/OneDrive/Documents/GitHub/FunkyFishGameRepository/FPS_Game/Content/Materials/M_Slime_dead_Goop_Blue.uexp" 2127
"C:/Users/codym/OneDrive/Documents/GitHub/FunkyFishGameRepository/FPS_Game/Content/Blueprints/Actors/Enemies/EnemyMisc/BP_Dead_Slime_Goop_Blue.uasset" 2128
"C:/Users/codym/OneDrive/Documents/GitHub/FunkyFishGameRepository/FPS_Game/Content/Blueprints/Actors/Enemies/EnemyMisc/BP_Dead_Slime_Goop_Blue.uexp" 2129
"C:/Users/codym/OneDrive/Documents/GitHub/FunkyFishGameRepository/FPS_Game/Content/Blueprints/Actors/Enemies/BP_Enemy_Slime_Blue.uasset" 2130
"C:/Users/codym/OneDrive/Documents/GitHub/FunkyFishGameRepository/FPS_Game/Content/Blueprints/Actors/Enemies/BP_Enemy_Slime_Blue.uexp" 2131
"C:/Users/codym/OneDrive/Documents/GitHub/FunkyFishGameRepository/FPS_Game/Content/Textures/T_Slime_Remastered_Red_Slime_Base_OcclusionRoughnessMetallic.ubulk" 2132
"C:/Users/codym/OneDrive/Documents/GitHub/FunkyFishGameRepository/FPS_Game/Content/Textures/T_Slime_Remastered_Red_Slime_Base_OcclusionRoughnessMetallic.uasset" 2133
"C:/Users/codym/OneDrive/Documents/GitHub/FunkyFishGameRepository/FPS_Game/Content/Textures/T_Slime_Remastered_Red_Slime_Base_OcclusionRoughnessMetallic.uexp" 2134
"C:/Users/codym/OneDrive/Documents/GitHub/FunkyFishGameRepository/FPS_Game/Content/Textures/T_Slime_Remastered_Red_Slime_Base_Normal.ubulk" 2135
"C:/Users/codym/OneDrive/Documents/GitHub/FunkyFishGameRepository/FPS_Game/Content/Textures/T_Slime_Remastered_Red_Slime_Base_Normal.uasset" 2136
"C:/Users/codym/OneDrive/Documents/GitHub/FunkyFishGameRepository/FPS_Game/Content/Textures/T_Slime_Remastered_Red_Slime_Base_Normal.uexp" 2137
"C:/Users/codym/OneDrive/Documents/GitHub/FunkyFishGameRepository/FPS_Game/Content/Textures/T_Slime_Remastered_Red_Slime_Base_BaseColor.ubulk" 2138
"C:/Users/codym/OneDrive/Documents/GitHub/FunkyFishGameRepository/FPS_Game/Content/Textures/T_Slime_Remastered_Red_Slime_Base_BaseColor.uasset" 2139
"C:/Users/codym/OneDrive/Documents/GitHub/FunkyFishGameRepository/FPS_Game/Content/Textures/T_Slime_Remastered_Red_Slime_Base_BaseColor.uexp" 2140
"C:/Users/codym/OneDrive/Documents/GitHub/FunkyFishGameRepository/FPS_Game/Content/Materials/M_Slime_Red_remastered.uasset" 2141
"C:/Users/codym/OneDrive/Documents/GitHub/FunkyFishGameRepository/FPS_Game/Content/Materials/M_Slime_Red_remastered.uexp" 2142
"C:/Users/codym/OneDrive/Documents/GitHub/FunkyFishGameRepository/FPS_Game/Content/Blueprints/Particles/PS_SlimeDeathRed.uasset" 2143
"C:/Users/codym/OneDrive/Documents/GitHub/FunkyFishGameRepository/FPS_Game/Content/Blueprints/Particles/PS_SlimeDeathRed.uexp" 2144
"C:/Users/codym/OneDrive/Documents/GitHub/FunkyFishGameRepository/FPS_Game/Content/Textures/T_Slime_Goop_Red_Goop_Dead_OcclusionRoughnessMetallic.ubulk" 2145
"C:/Users/codym/OneDrive/Documents/GitHub/FunkyFishGameRepository/FPS_Game/Content/Textures/T_Slime_Goop_Red_Goop_Dead_OcclusionRoughnessMetallic.uasset" 2146
"C:/Users/codym/OneDrive/Documents/GitHub/FunkyFishGameRepository/FPS_Game/Content/Textures/T_Slime_Goop_Red_Goop_Dead_OcclusionRoughnessMetallic.uexp" 2147
"C:/Users/codym/OneDrive/Documents/GitHub/FunkyFishGameRepository/FPS_Game/Content/Textures/T_Slime_Goop_Red_Goop_Dead_Normal.ubulk" 2148
"C:/Users/codym/OneDrive/Documents/GitHub/FunkyFishGameRepository/FPS_Game/Content/Textures/T_Slime_Goop_Red_Goop_Dead_Normal.uasset" 2149
"C:/Users/codym/OneDrive/Documents/GitHub/FunkyFishGameRepository/FPS_Game/Content/Textures/T_Slime_Goop_Red_Goop_Dead_Normal.uexp" 2150
"C:/Users/codym/OneDrive/Documents/GitHub/FunkyFishGameRepository/FPS_Game/Content/Textures/T_Slime_Goop_Red_Goop_Dead_BaseColor.ubulk" 2151
"C:/Users/codym/OneDrive/Documents/GitHub/FunkyFishGameRepository/FPS_Game/Content/Textures/T_Slime_Goop_Red_Goop_Dead_BaseColor.uasset" 2152
"C:/Users/codym/OneDrive/Documents/GitHub/FunkyFishGameRepository/FPS_Game/Content/Textures/T_Slime_Goop_Red_Goop_Dead_BaseColor.uexp" 2153
"C:/Users/codym/OneDrive/Documents/GitHub/FunkyFishGameRepository/FPS_Game/Content/Materials/M_Slime_dead_Goop_Red1.uasset" 2154
"C:/Users/codym/OneDrive/Documents/GitHub/FunkyFishGameRepository/FPS_Game/Content/Materials/M_Slime_dead_Goop_Red1.uexp" 2155
"C:/Users/codym/OneDrive/Documents/GitHub/FunkyFishGameRepository/FPS_Game/Content/Blueprints/Actors/Enemies/EnemyMisc/BP_Dead_Slime_Goop_Red.uasset" 2156
"C:/Users/codym/OneDrive/Documents/GitHub/FunkyFishGameRepository/FPS_Game/Content/Blueprints/Actors/Enemies/EnemyMisc/BP_Dead_Slime_Goop_Red.uexp" 2157
"C:/Users/codym/OneDrive/Documents/GitHub/FunkyFishGameRepository/FPS_Game/Content/Blueprints/Actors/Enemies/BP_Enemy_Slime_Red.uasset" 2158
"C:/Users/codym/OneDrive/Documents/GitHub/FunkyFishGameRepository/FPS_Game/Content/Blueprints/Actors/Enemies/BP_Enemy_Slime_Red.uexp" 2159
"C:/Users/codym/OneDrive/Documents/GitHub/FunkyFishGameRepository/FPS_Game/Content/Materials/M_LightningBall.uasset" 2160
"C:/Users/codym/OneDrive/Documents/GitHub/FunkyFishGameRepository/FPS_Game/Content/Materials/M_LightningBall.uexp" 2161
"C:/Users/codym/OneDrive/Documents/GitHub/FunkyFishGameRepository/FPS_Game/Content/Meshes/SM_LightningBall.ubulk" 2162
"C:/Users/codym/OneDrive/Documents/GitHub/FunkyFishGameRepository/FPS_Game/Content/Meshes/SM_LightningBall.uasset" 2163
"C:/Users/codym/OneDrive/Documents/GitHub/FunkyFishGameRepository/FPS_Game/Content/Meshes/SM_LightningBall.uexp" 2164
"C:/Users/codym/OneDrive/Documents/GitHub/FunkyFishGameRepository/FPS_Game/Content/Textures/T_EvilCauldron_Eye_ORM.ubulk" 2165
"C:/Users/codym/OneDrive/Documents/GitHub/FunkyFishGameRepository/FPS_Game/Content/Textures/T_EvilCauldron_Eye_ORM.uasset" 2166
"C:/Users/codym/OneDrive/Documents/GitHub/FunkyFishGameRepository/FPS_Game/Content/Textures/T_EvilCauldron_Eye_ORM.uexp" 2167
"C:/Users/codym/OneDrive/Documents/GitHub/FunkyFishGameRepository/FPS_Game/Content/Textures/T_EvilCauldron_Eye_Normal.ubulk" 2168
"C:/Users/codym/OneDrive/Documents/GitHub/FunkyFishGameRepository/FPS_Game/Content/Textures/T_EvilCauldron_Eye_Normal.uasset" 2169
"C:/Users/codym/OneDrive/Documents/GitHub/FunkyFishGameRepository/FPS_Game/Content/Textures/T_EvilCauldron_Eye_Normal.uexp" 2170
"C:/Users/codym/OneDrive/Documents/GitHub/FunkyFishGameRepository/FPS_Game/Content/Textures/T_EvilCauldron_Eye_Colour.ubulk" 2171
"C:/Users/codym/OneDrive/Documents/GitHub/FunkyFishGameRepository/FPS_Game/Content/Textures/T_EvilCauldron_Eye_Colour.uasset" 2172
"C:/Users/codym/OneDrive/Documents/GitHub/FunkyFishGameRepository/FPS_Game/Content/Textures/T_EvilCauldron_Eye_Colour.uexp" 2173
"C:/Users/codym/OneDrive/Documents/GitHub/FunkyFishGameRepository/FPS_Game/Content/Materials/M_EvilCauldron_Eye.uasset" 2174
"C:/Users/codym/OneDrive/Documents/GitHub/FunkyFishGameRepository/FPS_Game/Content/Materials/M_EvilCauldron_Eye.uexp" 2175
"C:/Users/codym/OneDrive/Documents/GitHub/FunkyFishGameRepository/FPS_Game/Content/Meshes/SM_EvilCauldronEye.ubulk" 2176
"C:/Users/codym/OneDrive/Documents/GitHub/FunkyFishGameRepository/FPS_Game/Content/Meshes/SM_EvilCauldronEye.uasset" 2177
"C:/Users/codym/OneDrive/Documents/GitHub/FunkyFishGameRepository/FPS_Game/Content/Meshes/SM_EvilCauldronEye.uexp" 2178
"C:/Users/codym/OneDrive/Documents/GitHub/FunkyFishGameRepository/FPS_Game/Content/Meshes/SM_EvilCauldronBones.ubulk" 2179
"C:/Users/codym/OneDrive/Documents/GitHub/FunkyFishGameRepository/FPS_Game/Content/Meshes/SM_EvilCauldronBones.uasset" 2180
"C:/Users/codym/OneDrive/Documents/GitHub/FunkyFishGameRepository/FPS_Game/Content/Meshes/SM_EvilCauldronBones.uexp" 2181
"C:/Users/codym/OneDrive/Documents/GitHub/FunkyFishGameRepository/FPS_Game/Content/Sprites/FirePentagram.ubulk" 2182
"C:/Users/codym/OneDrive/Documents/GitHub/FunkyFishGameRepository/FPS_Game/Content/Sprites/FirePentagram.uasset" 2183
"C:/Users/codym/OneDrive/Documents/GitHub/FunkyFishGameRepository/FPS_Game/Content/Sprites/FirePentagram.uexp" 2184
"C:/Users/codym/OneDrive/Documents/GitHub/FunkyFishGameRepository/FPS_Game/Content/Materials/M_FirePentagram.uasset" 2185
"C:/Users/codym/OneDrive/Documents/GitHub/FunkyFishGameRepository/FPS_Game/Content/Materials/M_FirePentagram.uexp" 2186
"C:/Users/codym/OneDrive/Documents/GitHub/FunkyFishGameRepository/FPS_Game/Content/Blueprints/Particles/PS_EvilCauldronFire.uasset" 2187
"C:/Users/codym/OneDrive/Documents/GitHub/FunkyFishGameRepository/FPS_Game/Content/Blueprints/Particles/PS_EvilCauldronFire.uexp" 2188
"C:/Users/codym/OneDrive/Documents/GitHub/FunkyFishGameRepository/FPS_Game/Content/Blueprints/Particles/PS_CauldronGlowPreGame.uasset" 2189
"C:/Users/codym/OneDrive/Documents/GitHub/FunkyFishGameRepository/FPS_Game/Content/Blueprints/Particles/PS_CauldronGlowPreGame.uexp" 2190
"C:/Users/codym/OneDrive/Documents/GitHub/FunkyFishGameRepository/FPS_Game/Content/Textures/T_Voronoi01.ubulk" 2191
"C:/Users/codym/OneDrive/Documents/GitHub/FunkyFishGameRepository/FPS_Game/Content/Textures/T_Voronoi01.uasset" 2192
"C:/Users/codym/OneDrive/Documents/GitHub/FunkyFishGameRepository/FPS_Game/Content/Textures/T_Voronoi01.uexp" 2193
"C:/Users/codym/OneDrive/Documents/GitHub/FunkyFishGameRepository/FPS_Game/Content/Materials/M_PurpleMagicFire.uasset" 2194
"C:/Users/codym/OneDrive/Documents/GitHub/FunkyFishGameRepository/FPS_Game/Content/Materials/M_PurpleMagicFire.uexp" 2195
"../../../Engine/Content/Functions/Engine_MaterialFunctions02/ScreenResolution.uasset" 2196
"../../../Engine/Content/Functions/Engine_MaterialFunctions02/ScreenResolution.uexp" 2197
"C:/Users/codym/OneDrive/Documents/GitHub/FunkyFishGameRepository/FPS_Game/Content/Textures/perlin-noise-texture.uasset" 2198
"C:/Users/codym/OneDrive/Documents/GitHub/FunkyFishGameRepository/FPS_Game/Content/Textures/perlin-noise-texture.uexp" 2199
"../../../Engine/Content/Functions/Engine_MaterialFunctions02/WorldPositionOffset/ComponentPivotLocation.uasset" 2200
"../../../Engine/Content/Functions/Engine_MaterialFunctions02/WorldPositionOffset/ComponentPivotLocation.uexp" 2201
"../../../Engine/Content/Functions/Engine_MaterialFunctions02/Utility/FOV.uasset" 2202
"../../../Engine/Content/Functions/Engine_MaterialFunctions02/Utility/FOV.uexp" 2203
"../../../Engine/Content/Functions/Engine_MaterialFunctions02/TransformToClipSpace.uasset" 2204
"../../../Engine/Content/Functions/Engine_MaterialFunctions02/TransformToClipSpace.uexp" 2205
"../../../Engine/Content/Functions/Engine_MaterialFunctions02/UVs/WorldSpaceAlignedScreenCoordinates.uasset" 2206
"../../../Engine/Content/Functions/Engine_MaterialFunctions02/UVs/WorldSpaceAlignedScreenCoordinates.uexp" 2207
"C:/Users/codym/OneDrive/Documents/GitHub/FunkyFishGameRepository/FPS_Game/Content/Materials/M_EnchantedGlint.uasset" 2208
"C:/Users/codym/OneDrive/Documents/GitHub/FunkyFishGameRepository/FPS_Game/Content/Materials/M_EnchantedGlint.uexp" 2209
"C:/Users/codym/OneDrive/Documents/GitHub/FunkyFishGameRepository/FPS_Game/Content/Blueprints/Particles/PS_PurpleFireStillProjectile.uasset" 2210
"C:/Users/codym/OneDrive/Documents/GitHub/FunkyFishGameRepository/FPS_Game/Content/Blueprints/Particles/PS_PurpleFireStillProjectile.uexp" 2211
"C:/Users/codym/OneDrive/Documents/GitHub/FunkyFishGameRepository/FPS_Game/Content/Blueprints/Actors/Enemies/EnemyMisc/BP_CauldronFireball.uasset" 2212
"C:/Users/codym/OneDrive/Documents/GitHub/FunkyFishGameRepository/FPS_Game/Content/Blueprints/Actors/Enemies/EnemyMisc/BP_CauldronFireball.uexp" 2213
"C:/Users/codym/OneDrive/Documents/GitHub/FunkyFishGameRepository/FPS_Game/Content/Blueprints/Actors/Enemies/BP_Enemy_EvilCauldron.uasset" 2214
"C:/Users/codym/OneDrive/Documents/GitHub/FunkyFishGameRepository/FPS_Game/Content/Blueprints/Actors/Enemies/BP_Enemy_EvilCauldron.uexp" 2215
"C:/Users/codym/OneDrive/Documents/GitHub/FunkyFishGameRepository/FPS_Game/Content/Meshes/S_MushroomEnemy_Skeleton.uasset" 2216
"C:/Users/codym/OneDrive/Documents/GitHub/FunkyFishGameRepository/FPS_Game/Content/Meshes/S_MushroomEnemy_Skeleton.uexp" 2217
"C:/Users/codym/OneDrive/Documents/GitHub/FunkyFishGameRepository/FPS_Game/Content/Textures/T_Mushroom_Enemy_OcclusionRoughnessMetallic.ubulk" 2218
"C:/Users/codym/OneDrive/Documents/GitHub/FunkyFishGameRepository/FPS_Game/Content/Textures/T_Mushroom_Enemy_OcclusionRoughnessMetallic.uasset" 2219
"C:/Users/codym/OneDrive/Documents/GitHub/FunkyFishGameRepository/FPS_Game/Content/Textures/T_Mushroom_Enemy_OcclusionRoughnessMetallic.uexp" 2220
"C:/Users/codym/OneDrive/Documents/GitHub/FunkyFishGameRepository/FPS_Game/Content/Textures/T_Mushroom_Enemy_Normal.ubulk" 2221
"C:/Users/codym/OneDrive/Documents/GitHub/FunkyFishGameRepository/FPS_Game/Content/Textures/T_Mushroom_Enemy_Normal.uasset" 2222
"C:/Users/codym/OneDrive/Documents/GitHub/FunkyFishGameRepository/FPS_Game/Content/Textures/T_Mushroom_Enemy_Normal.uexp" 2223
"C:/Users/codym/OneDrive/Documents/GitHub/FunkyFishGameRepository/FPS_Game/Content/Textures/T_mushroom_Enemy_BaseColor.ubulk" 2224
"C:/Users/codym/OneDrive/Documents/GitHub/FunkyFishGameRepository/FPS_Game/Content/Textures/T_mushroom_Enemy_BaseColor.uasset" 2225
"C:/Users/codym/OneDrive/Documents/GitHub/FunkyFishGameRepository/FPS_Game/Content/Textures/T_mushroom_Enemy_BaseColor.uexp" 2226
"C:/Users/codym/OneDrive/Documents/GitHub/FunkyFishGameRepository/FPS_Game/Content/Materials/M_Mushroom_Enemy_Red.uasset" 2227
"C:/Users/codym/OneDrive/Documents/GitHub/FunkyFishGameRepository/FPS_Game/Content/Materials/M_Mushroom_Enemy_Red.uexp" 2228
"C:/Users/codym/OneDrive/Documents/GitHub/FunkyFishGameRepository/FPS_Game/Content/Meshes/SK_MushroomEnemy_PhysicsAsset.uasset" 2229
"C:/Users/codym/OneDrive/Documents/GitHub/FunkyFishGameRepository/FPS_Game/Content/Meshes/SK_MushroomEnemy_PhysicsAsset.uexp" 2230
"C:/Users/codym/OneDrive/Documents/GitHub/FunkyFishGameRepository/FPS_Game/Content/Meshes/SK_MushroomEnemy_SkeletalMesh.uasset" 2231
"C:/Users/codym/OneDrive/Documents/GitHub/FunkyFishGameRepository/FPS_Game/Content/Meshes/SK_MushroomEnemy_SkeletalMesh.uexp" 2232
"C:/Users/codym/OneDrive/Documents/GitHub/FunkyFishGameRepository/FPS_Game/Content/Textures/T_mushroom_Enemy_Mushroom_Enemy_Yellow_OcclusionRoughnessMetallic.ubulk" 2233
"C:/Users/codym/OneDrive/Documents/GitHub/FunkyFishGameRepository/FPS_Game/Content/Textures/T_mushroom_Enemy_Mushroom_Enemy_Yellow_OcclusionRoughnessMetallic.uasset" 2234
"C:/Users/codym/OneDrive/Documents/GitHub/FunkyFishGameRepository/FPS_Game/Content/Textures/T_mushroom_Enemy_Mushroom_Enemy_Yellow_OcclusionRoughnessMetallic.uexp" 2235
"C:/Users/codym/OneDrive/Documents/GitHub/FunkyFishGameRepository/FPS_Game/Content/Textures/T_mushroom_Enemy_Mushroom_Enemy_Yellow_Normal.ubulk" 2236
"C:/Users/codym/OneDrive/Documents/GitHub/FunkyFishGameRepository/FPS_Game/Content/Textures/T_mushroom_Enemy_Mushroom_Enemy_Yellow_Normal.uasset" 2237
"C:/Users/codym/OneDrive/Documents/GitHub/FunkyFishGameRepository/FPS_Game/Content/Textures/T_mushroom_Enemy_Mushroom_Enemy_Yellow_Normal.uexp" 2238
"C:/Users/codym/OneDrive/Documents/GitHub/FunkyFishGameRepository/FPS_Game/Content/Textures/T_mushroom_Enemy_Mushroom_Enemy_Yellow_BaseColor.ubulk" 2239
"C:/Users/codym/OneDrive/Documents/GitHub/FunkyFishGameRepository/FPS_Game/Content/Textures/T_mushroom_Enemy_Mushroom_Enemy_Yellow_BaseColor.uasset" 2240
"C:/Users/codym/OneDrive/Documents/GitHub/FunkyFishGameRepository/FPS_Game/Content/Textures/T_mushroom_Enemy_Mushroom_Enemy_Yellow_BaseColor.uexp" 2241
"C:/Users/codym/OneDrive/Documents/GitHub/FunkyFishGameRepository/FPS_Game/Content/Materials/M_Mushroom_Enemy_Yellow.uasset" 2242
"C:/Users/codym/OneDrive/Documents/GitHub/FunkyFishGameRepository/FPS_Game/Content/Materials/M_Mushroom_Enemy_Yellow.uexp" 2243
"C:/Users/codym/OneDrive/Documents/GitHub/FunkyFishGameRepository/FPS_Game/Content/Textures/T_mushroom_Enemy_Mushroom_Enemy_Blue_OcclusionRoughnessMetallic.ubulk" 2244
"C:/Users/codym/OneDrive/Documents/GitHub/FunkyFishGameRepository/FPS_Game/Content/Textures/T_mushroom_Enemy_Mushroom_Enemy_Blue_OcclusionRoughnessMetallic.uasset" 2245
"C:/Users/codym/OneDrive/Documents/GitHub/FunkyFishGameRepository/FPS_Game/Content/Textures/T_mushroom_Enemy_Mushroom_Enemy_Blue_OcclusionRoughnessMetallic.uexp" 2246
"C:/Users/codym/OneDrive/Documents/GitHub/FunkyFishGameRepository/FPS_Game/Content/Textures/T_mushroom_Enemy_Mushroom_Enemy_Blue_Normal.ubulk" 2247
"C:/Users/codym/OneDrive/Documents/GitHub/FunkyFishGameRepository/FPS_Game/Content/Textures/T_mushroom_Enemy_Mushroom_Enemy_Blue_Normal.uasset" 2248
"C:/Users/codym/OneDrive/Documents/GitHub/FunkyFishGameRepository/FPS_Game/Content/Textures/T_mushroom_Enemy_Mushroom_Enemy_Blue_Normal.uexp" 2249
"C:/Users/codym/OneDrive/Documents/GitHub/FunkyFishGameRepository/FPS_Game/Content/Textures/T_mushroom_Enemy_Mushroom_Enemy_Blue_BaseColor.ubulk" 2250
"C:/Users/codym/OneDrive/Documents/GitHub/FunkyFishGameRepository/FPS_Game/Content/Textures/T_mushroom_Enemy_Mushroom_Enemy_Blue_BaseColor.uasset" 2251
"C:/Users/codym/OneDrive/Documents/GitHub/FunkyFishGameRepository/FPS_Game/Content/Textures/T_mushroom_Enemy_Mushroom_Enemy_Blue_BaseColor.uexp" 2252
"C:/Users/codym/OneDrive/Documents/GitHub/FunkyFishGameRepository/FPS_Game/Content/Materials/M_Mushroom_Enemy_Blue.uasset" 2253
"C:/Users/codym/OneDrive/Documents/GitHub/FunkyFishGameRepository/FPS_Game/Content/Materials/M_Mushroom_Enemy_Blue.uexp" 2254
"C:/Users/codym/OneDrive/Documents/GitHub/FunkyFishGameRepository/FPS_Game/Content/Textures/T_mushroom_Enemy_Mushroom_Enemy_Pink_OcclusionRoughnessMetallic.ubulk" 2255
"C:/Users/codym/OneDrive/Documents/GitHub/FunkyFishGameRepository/FPS_Game/Content/Textures/T_mushroom_Enemy_Mushroom_Enemy_Pink_OcclusionRoughnessMetallic.uasset" 2256
"C:/Users/codym/OneDrive/Documents/GitHub/FunkyFishGameRepository/FPS_Game/Content/Textures/T_mushroom_Enemy_Mushroom_Enemy_Pink_OcclusionRoughnessMetallic.uexp" 2257
"C:/Users/codym/OneDrive/Documents/GitHub/FunkyFishGameRepository/FPS_Game/Content/Textures/T_mushroom_Enemy_Mushroom_Enemy_Pink_Normal.ubulk" 2258
"C:/Users/codym/OneDrive/Documents/GitHub/FunkyFishGameRepository/FPS_Game/Content/Textures/T_mushroom_Enemy_Mushroom_Enemy_Pink_Normal.uasset" 2259
"C:/Users/codym/OneDrive/Documents/GitHub/FunkyFishGameRepository/FPS_Game/Content/Textures/T_mushroom_Enemy_Mushroom_Enemy_Pink_Normal.uexp" 2260
"C:/Users/codym/OneDrive/Documents/GitHub/FunkyFishGameRepository/FPS_Game/Content/Textures/T_mushroom_Enemy_Mushroom_Enemy_Pink_BaseColor.ubulk" 2261
"C:/Users/codym/OneDrive/Documents/GitHub/FunkyFishGameRepository/FPS_Game/Content/Textures/T_mushroom_Enemy_Mushroom_Enemy_Pink_BaseColor.uasset" 2262
"C:/Users/codym/OneDrive/Documents/GitHub/FunkyFishGameRepository/FPS_Game/Content/Textures/T_mushroom_Enemy_Mushroom_Enemy_Pink_BaseColor.uexp" 2263
"C:/Users/codym/OneDrive/Documents/GitHub/FunkyFishGameRepository/FPS_Game/Content/Materials/M_Mushroom_EnemyPink.uasset" 2264
"C:/Users/codym/OneDrive/Documents/GitHub/FunkyFishGameRepository/FPS_Game/Content/Materials/M_Mushroom_EnemyPink.uexp" 2265
"../../../Engine/Plugins/Animation/ACLPlugin/Content/ACLAnimCurveCompressionSettings.uasset" 2266
"../../../Engine/Plugins/Animation/ACLPlugin/Content/ACLAnimCurveCompressionSettings.uexp" 2267
"../../../Engine/Content/Animation/DefaultVariableFrameStrippingSettings.uasset" 2268
"../../../Engine/Content/Animation/DefaultVariableFrameStrippingSettings.uexp" 2269
"../../../Engine/Content/Animation/DefaultRecorderBoneCompression.uasset" 2270
"../../../Engine/Content/Animation/DefaultRecorderBoneCompression.uexp" 2271
"C:/Users/codym/OneDrive/Documents/GitHub/FunkyFishGameRepository/FPS_Game/Content/Animations/MushroomEnemy_Walking_Animation.uasset" 2272
"C:/Users/codym/OneDrive/Documents/GitHub/FunkyFishGameRepository/FPS_Game/Content/Animations/MushroomEnemy_Walking_Animation.uexp" 2273
"C:/Users/codym/OneDrive/Documents/GitHub/FunkyFishGameRepository/FPS_Game/Content/Animations/MushroomEnemy_AnimBlueprint_Walking.uasset" 2274
"C:/Users/codym/OneDrive/Documents/GitHub/FunkyFishGameRepository/FPS_Game/Content/Animations/MushroomEnemy_AnimBlueprint_Walking.uexp" 2275
"C:/Users/codym/OneDrive/Documents/GitHub/FunkyFishGameRepository/FPS_Game/Content/Materials/M_Spore.uasset" 2276
"C:/Users/codym/OneDrive/Documents/GitHub/FunkyFishGameRepository/FPS_Game/Content/Materials/M_Spore.uexp" 2277
"C:/Users/codym/OneDrive/Documents/GitHub/FunkyFishGameRepository/FPS_Game/Content/Blueprints/Particles/PS_Sporecloud.uasset" 2278
"C:/Users/codym/OneDrive/Documents/GitHub/FunkyFishGameRepository/FPS_Game/Content/Blueprints/Particles/PS_Sporecloud.uexp" 2279
"C:/Users/codym/OneDrive/Documents/GitHub/FunkyFishGameRepository/FPS_Game/Content/Blueprints/Actors/Enemies/EnemyMisc/BP_SporeCloud.uasset" 2280
"C:/Users/codym/OneDrive/Documents/GitHub/FunkyFishGameRepository/FPS_Game/Content/Blueprints/Actors/Enemies/EnemyMisc/BP_SporeCloud.uexp" 2281
"C:/Users/codym/OneDrive/Documents/GitHub/FunkyFishGameRepository/FPS_Game/Content/Blueprints/Actors/Enemies/BP_Enemy_Shroom.uasset" 2282
"C:/Users/codym/OneDrive/Documents/GitHub/FunkyFishGameRepository/FPS_Game/Content/Blueprints/Actors/Enemies/BP_Enemy_Shroom.uexp" 2283
"../../../Engine/Content/EngineSounds/Music.uasset" 2284
"../../../Engine/Content/EngineSounds/Music.uexp" 2285
"C:/Users/codym/OneDrive/Documents/GitHub/FunkyFishGameRepository/FPS_Game/Content/Audio/PP_BaseSoundClassMix.uasset" 2286
"C:/Users/codym/OneDrive/Documents/GitHub/FunkyFishGameRepository/FPS_Game/Content/Audio/PP_BaseSoundClassMix.uexp" 2287
"C:/Users/codym/OneDrive/Documents/GitHub/FunkyFishGameRepository/FPS_Game/Content/Audio/A_PortalOpen.ubulk" 2288
"C:/Users/codym/OneDrive/Documents/GitHub/FunkyFishGameRepository/FPS_Game/Content/Audio/A_PortalOpen.uasset" 2289
"C:/Users/codym/OneDrive/Documents/GitHub/FunkyFishGameRepository/FPS_Game/Content/Audio/A_PortalOpen.uexp" 2290
"C:/Users/codym/OneDrive/Documents/GitHub/FunkyFishGameRepository/FPS_Game/Content/Blueprints/FrameWork/VariableAssets/S_Lootpool.uasset" 2291
"C:/Users/codym/OneDrive/Documents/GitHub/FunkyFishGameRepository/FPS_Game/Content/Blueprints/FrameWork/VariableAssets/S_Lootpool.uexp" 2292
"C:/Users/codym/OneDrive/Documents/GitHub/FunkyFishGameRepository/FPS_Game/Content/Blueprints/FrameWork/VariableAssets/S_LevelPool.uasset" 2293
"C:/Users/codym/OneDrive/Documents/GitHub/FunkyFishGameRepository/FPS_Game/Content/Blueprints/FrameWork/VariableAssets/S_LevelPool.uexp" 2294
"C:/Users/codym/OneDrive/Documents/GitHub/FunkyFishGameRepository/FPS_Game/Content/Blueprints/FrameWork/GameInstance_PP.uasset" 2295
"C:/Users/codym/OneDrive/Documents/GitHub/FunkyFishGameRepository/FPS_Game/Content/Blueprints/FrameWork/GameInstance_PP.uexp" 2296
"C:/Users/codym/OneDrive/Documents/GitHub/FunkyFishGameRepository/FPS_Game/Content/Blueprints/Actors/BP_LavaRising.uasset" 2297
"C:/Users/codym/OneDrive/Documents/GitHub/FunkyFishGameRepository/FPS_Game/Content/Blueprints/Actors/BP_LavaRising.uexp" 2298
"C:/Users/codym/OneDrive/Documents/GitHub/FunkyFishGameRepository/FPS_Game/Content/Textures/T_ExitPad_ORM.ubulk" 2299
"C:/Users/codym/OneDrive/Documents/GitHub/FunkyFishGameRepository/FPS_Game/Content/Textures/T_ExitPad_ORM.uasset" 2300
"C:/Users/codym/OneDrive/Documents/GitHub/FunkyFishGameRepository/FPS_Game/Content/Textures/T_ExitPad_ORM.uexp" 2301
"C:/Users/codym/OneDrive/Documents/GitHub/FunkyFishGameRepository/FPS_Game/Content/Textures/T_ExitPad_Normal.ubulk" 2302
"C:/Users/codym/OneDrive/Documents/GitHub/FunkyFishGameRepository/FPS_Game/Content/Textures/T_ExitPad_Normal.uasset" 2303
"C:/Users/codym/OneDrive/Documents/GitHub/FunkyFishGameRepository/FPS_Game/Content/Textures/T_ExitPad_Normal.uexp" 2304
"C:/Users/codym/OneDrive/Documents/GitHub/FunkyFishGameRepository/FPS_Game/Content/Textures/T_ExitPad_Colour.ubulk" 2305
"C:/Users/codym/OneDrive/Documents/GitHub/FunkyFishGameRepository/FPS_Game/Content/Textures/T_ExitPad_Colour.uasset" 2306
"C:/Users/codym/OneDrive/Documents/GitHub/FunkyFishGameRepository/FPS_Game/Content/Textures/T_ExitPad_Colour.uexp" 2307
"C:/Users/codym/OneDrive/Documents/GitHub/FunkyFishGameRepository/FPS_Game/Content/Materials/M_ExitPad_Stone.uasset" 2308
"C:/Users/codym/OneDrive/Documents/GitHub/FunkyFishGameRepository/FPS_Game/Content/Materials/M_ExitPad_Stone.uexp" 2309
"C:/Users/codym/OneDrive/Documents/GitHub/FunkyFishGameRepository/FPS_Game/Content/Meshes/SM_ExitPad.ubulk" 2310
"C:/Users/codym/OneDrive/Documents/GitHub/FunkyFishGameRepository/FPS_Game/Content/Meshes/SM_ExitPad.uasset" 2311
"C:/Users/codym/OneDrive/Documents/GitHub/FunkyFishGameRepository/FPS_Game/Content/Meshes/SM_ExitPad.uexp" 2312
"C:/Users/codym/OneDrive/Documents/GitHub/FunkyFishGameRepository/FPS_Game/Content/Materials/M_ExitPadUnpowered.uasset" 2313
"C:/Users/codym/OneDrive/Documents/GitHub/FunkyFishGameRepository/FPS_Game/Content/Materials/M_ExitPadUnpowered.uexp" 2314
"C:/Users/codym/OneDrive/Documents/GitHub/FunkyFishGameRepository/FPS_Game/Content/Blueprints/Particles/PS_PadGlow.uasset" 2315
"C:/Users/codym/OneDrive/Documents/GitHub/FunkyFishGameRepository/FPS_Game/Content/Blueprints/Particles/PS_PadGlow.uexp" 2316
"C:/Users/codym/OneDrive/Documents/GitHub/FunkyFishGameRepository/FPS_Game/Content/Blueprints/Actors/BP_SpawnPad.uasset" 2317
"C:/Users/codym/OneDrive/Documents/GitHub/FunkyFishGameRepository/FPS_Game/Content/Blueprints/Actors/BP_SpawnPad.uexp" 2318
"C:/Users/codym/OneDrive/Documents/GitHub/FunkyFishGameRepository/FPS_Game/Content/Blueprints/Widgets/WBP_LavaScreen.uasset" 2319
"C:/Users/codym/OneDrive/Documents/GitHub/FunkyFishGameRepository/FPS_Game/Content/Blueprints/Widgets/WBP_LavaScreen.uexp" 2320
"C:/Users/codym/OneDrive/Documents/GitHub/FunkyFishGameRepository/FPS_Game/Content/Sprites/InspectTag.uasset" 2321
"C:/Users/codym/OneDrive/Documents/GitHub/FunkyFishGameRepository/FPS_Game/Content/Sprites/InspectTag.uexp" 2322
"C:/Users/codym/OneDrive/Documents/GitHub/FunkyFishGameRepository/FPS_Game/Content/Blueprints/Widgets/WBP_Inspect.uasset" 2323
"C:/Users/codym/OneDrive/Documents/GitHub/FunkyFishGameRepository/FPS_Game/Content/Blueprints/Widgets/WBP_Inspect.uexp" 2324
"C:/Users/codym/OneDrive/Documents/GitHub/FunkyFishGameRepository/FPS_Game/Content/Blueprints/Inputs/IA_Inspect.uasset" 2325
"C:/Users/codym/OneDrive/Documents/GitHub/FunkyFishGameRepository/FPS_Game/Content/Blueprints/Inputs/IA_Inspect.uexp" 2326
"C:/Users/codym/OneDrive/Documents/GitHub/FunkyFishGameRepository/FPS_Game/Content/Blueprints/Inputs/IA_Drink.uasset" 2327
"C:/Users/codym/OneDrive/Documents/GitHub/FunkyFishGameRepository/FPS_Game/Content/Blueprints/Inputs/IA_Drink.uexp" 2328
"C:/Users/codym/OneDrive/Documents/GitHub/FunkyFishGameRepository/FPS_Game/Content/Blueprints/Inputs/IA_WASD.uasset" 2329
"C:/Users/codym/OneDrive/Documents/GitHub/FunkyFishGameRepository/FPS_Game/Content/Blueprints/Inputs/IA_WASD.uexp" 2330
"C:/Users/codym/OneDrive/Documents/GitHub/FunkyFishGameRepository/FPS_Game/Content/Blueprints/Inputs/IA_Throw.uasset" 2331
"C:/Users/codym/OneDrive/Documents/GitHub/FunkyFishGameRepository/FPS_Game/Content/Blueprints/Inputs/IA_Throw.uexp" 2332
"C:/Users/codym/OneDrive/Documents/GitHub/FunkyFishGameRepository/FPS_Game/Content/Blueprints/Inputs/IA_Mouse.uasset" 2333
"C:/Users/codym/OneDrive/Documents/GitHub/FunkyFishGameRepository/FPS_Game/Content/Blueprints/Inputs/IA_Mouse.uexp" 2334
"C:/Users/codym/OneDrive/Documents/GitHub/FunkyFishGameRepository/FPS_Game/Content/Blueprints/Inputs/IA_Interact.uasset" 2335
"C:/Users/codym/OneDrive/Documents/GitHub/FunkyFishGameRepository/FPS_Game/Content/Blueprints/Inputs/IA_Interact.uexp" 2336
"C:/Users/codym/OneDrive/Documents/GitHub/FunkyFishGameRepository/FPS_Game/Content/Blueprints/Inputs/IA_Pause.uasset" 2337
"C:/Users/codym/OneDrive/Documents/GitHub/FunkyFishGameRepository/FPS_Game/Content/Blueprints/Inputs/IA_Pause.uexp" 2338
"C:/Users/codym/OneDrive/Documents/GitHub/FunkyFishGameRepository/FPS_Game/Content/Blueprints/Inputs/IA_DropItem.uasset" 2339
"C:/Users/codym/OneDrive/Documents/GitHub/FunkyFishGameRepository/FPS_Game/Content/Blueprints/Inputs/IA_DropItem.uexp" 2340
"C:/Users/codym/OneDrive/Documents/GitHub/FunkyFishGameRepository/FPS_Game/Content/Blueprints/Inputs/InputMappingContext_PP.uasset" 2341
"C:/Users/codym/OneDrive/Documents/GitHub/FunkyFishGameRepository/FPS_Game/Content/Blueprints/Inputs/InputMappingContext_PP.uexp" 2342
"C:/Users/codym/OneDrive/Documents/GitHub/FunkyFishGameRepository/FPS_Game/Content/Blueprints/FrameWork/CameraShakes/BP_HeadBob_CameraWalking.uasset" 2343
"C:/Users/codym/OneDrive/Documents/GitHub/FunkyFishGameRepository/FPS_Game/Content/Blueprints/FrameWork/CameraShakes/BP_HeadBob_CameraWalking.uexp" 2344
"C:/Users/codym/OneDrive/Documents/GitHub/FunkyFishGameRepository/FPS_Game/Content/Blueprints/FrameWork/CameraShakes/BP_HeadBob_CameraSprinting.uasset" 2345
"C:/Users/codym/OneDrive/Documents/GitHub/FunkyFishGameRepository/FPS_Game/Content/Blueprints/FrameWork/CameraShakes/BP_HeadBob_CameraSprinting.uexp" 2346
"C:/Users/codym/OneDrive/Documents/GitHub/FunkyFishGameRepository/FPS_Game/Content/Blueprints/FrameWork/CameraShakes/BP_HeadBob_CameraIdle.uasset" 2347
"C:/Users/codym/OneDrive/Documents/GitHub/FunkyFishGameRepository/FPS_Game/Content/Blueprints/FrameWork/CameraShakes/BP_HeadBob_CameraIdle.uexp" 2348
"C:/Users/codym/OneDrive/Documents/GitHub/FunkyFishGameRepository/FPS_Game/Content/Audio/healing_Sound_effect.ubulk" 2349
"C:/Users/codym/OneDrive/Documents/GitHub/FunkyFishGameRepository/FPS_Game/Content/Audio/healing_Sound_effect.uasset" 2350
"C:/Users/codym/OneDrive/Documents/GitHub/FunkyFishGameRepository/FPS_Game/Content/Audio/healing_Sound_effect.uexp" 2351
"C:/Users/codym/OneDrive/Documents/GitHub/FunkyFishGameRepository/FPS_Game/Content/Audio/glass-clink3.ubulk" 2352
"C:/Users/codym/OneDrive/Documents/GitHub/FunkyFishGameRepository/FPS_Game/Content/Audio/glass-clink3.uasset" 2353
"C:/Users/codym/OneDrive/Documents/GitHub/FunkyFishGameRepository/FPS_Game/Content/Audio/glass-clink3.uexp" 2354
"C:/Users/codym/OneDrive/Documents/GitHub/FunkyFishGameRepository/FPS_Game/Content/Audio/glass-clink2.ubulk" 2355
"C:/Users/codym/OneDrive/Documents/GitHub/FunkyFishGameRepository/FPS_Game/Content/Audio/glass-clink2.uasset" 2356
"C:/Users/codym/OneDrive/Documents/GitHub/FunkyFishGameRepository/FPS_Game/Content/Audio/glass-clink2.uexp" 2357
"C:/Users/codym/OneDrive/Documents/GitHub/FunkyFishGameRepository/FPS_Game/Content/Audio/glass-clink1.ubulk" 2358
"C:/Users/codym/OneDrive/Documents/GitHub/FunkyFishGameRepository/FPS_Game/Content/Audio/glass-clink1.uasset" 2359
"C:/Users/codym/OneDrive/Documents/GitHub/FunkyFishGameRepository/FPS_Game/Content/Audio/glass-clink1.uexp" 2360
"C:/Users/codym/OneDrive/Documents/GitHub/FunkyFishGameRepository/FPS_Game/Content/Audio/Glass-Tink_Sound_Cue.uasset" 2361
"C:/Users/codym/OneDrive/Documents/GitHub/FunkyFishGameRepository/FPS_Game/Content/Audio/Glass-Tink_Sound_Cue.uexp" 2362
"C:/Users/codym/OneDrive/Documents/GitHub/FunkyFishGameRepository/FPS_Game/Content/Audio/A_Woosh.ubulk" 2363
"C:/Users/codym/OneDrive/Documents/GitHub/FunkyFishGameRepository/FPS_Game/Content/Audio/A_Woosh.uasset" 2364
"C:/Users/codym/OneDrive/Documents/GitHub/FunkyFishGameRepository/FPS_Game/Content/Audio/A_Woosh.uexp" 2365
"C:/Users/codym/OneDrive/Documents/GitHub/FunkyFishGameRepository/FPS_Game/Content/Audio/A_Footstep1.ubulk" 2366
"C:/Users/codym/OneDrive/Documents/GitHub/FunkyFishGameRepository/FPS_Game/Content/Audio/A_Footstep1.uasset" 2367
"C:/Users/codym/OneDrive/Documents/GitHub/FunkyFishGameRepository/FPS_Game/Content/Audio/A_Footstep1.uexp" 2368
"C:/Users/codym/OneDrive/Documents/GitHub/FunkyFishGameRepository/FPS_Game/Content/Audio/A_Footstep2.ubulk" 2369
"C:/Users/codym/OneDrive/Documents/GitHub/FunkyFishGameRepository/FPS_Game/Content/Audio/A_Footstep2.uasset" 2370
"C:/Users/codym/OneDrive/Documents/GitHub/FunkyFishGameRepository/FPS_Game/Content/Audio/A_Footstep2.uexp" 2371
"C:/Users/codym/OneDrive/Documents/GitHub/FunkyFishGameRepository/FPS_Game/Content/Audio/A_FootStepCue.uasset" 2372
"C:/Users/codym/OneDrive/Documents/GitHub/FunkyFishGameRepository/FPS_Game/Content/Audio/A_FootStepCue.uexp" 2373
"C:/Users/codym/OneDrive/Documents/GitHub/FunkyFishGameRepository/FPS_Game/Content/Audio/A_DrinkNoise.ubulk" 2374
"C:/Users/codym/OneDrive/Documents/GitHub/FunkyFishGameRepository/FPS_Game/Content/Audio/A_DrinkNoise.uasset" 2375
"C:/Users/codym/OneDrive/Documents/GitHub/FunkyFishGameRepository/FPS_Game/Content/Audio/A_DrinkNoise.uexp" 2376
"C:/Users/codym/OneDrive/Documents/GitHub/FunkyFishGameRepository/FPS_Game/Content/Animations/Anim_ThrowingPotion.uasset" 2377
"C:/Users/codym/OneDrive/Documents/GitHub/FunkyFishGameRepository/FPS_Game/Content/Animations/Anim_ThrowingPotion.uexp" 2378
"C:/Users/codym/OneDrive/Documents/GitHub/FunkyFishGameRepository/FPS_Game/Content/Animations/Anim_TempPotionDrink.uasset" 2379
"C:/Users/codym/OneDrive/Documents/GitHub/FunkyFishGameRepository/FPS_Game/Content/Animations/Anim_TempPotionDrink.uexp" 2380
"C:/Users/codym/OneDrive/Documents/GitHub/FunkyFishGameRepository/FPS_Game/Content/Textures/T_DeathPentagram.ubulk" 2381
"C:/Users/codym/OneDrive/Documents/GitHub/FunkyFishGameRepository/FPS_Game/Content/Textures/T_DeathPentagram.uasset" 2382
"C:/Users/codym/OneDrive/Documents/GitHub/FunkyFishGameRepository/FPS_Game/Content/Textures/T_DeathPentagram.uexp" 2383
"C:/Users/codym/OneDrive/Documents/GitHub/FunkyFishGameRepository/FPS_Game/Content/Materials/M_DeathPentagram.uasset" 2384
"C:/Users/codym/OneDrive/Documents/GitHub/FunkyFishGameRepository/FPS_Game/Content/Materials/M_DeathPentagram.uexp" 2385
"C:/Users/codym/OneDrive/Documents/GitHub/FunkyFishGameRepository/FPS_Game/Content/Sprites/VoodooSymbol9.ubulk" 2386
"C:/Users/codym/OneDrive/Documents/GitHub/FunkyFishGameRepository/FPS_Game/Content/Sprites/VoodooSymbol9.uasset" 2387
"C:/Users/codym/OneDrive/Documents/GitHub/FunkyFishGameRepository/FPS_Game/Content/Sprites/VoodooSymbol9.uexp" 2388
"C:/Users/codym/OneDrive/Documents/GitHub/FunkyFishGameRepository/FPS_Game/Content/Sprites/VoodooSymbol1.ubulk" 2389
"C:/Users/codym/OneDrive/Documents/GitHub/FunkyFishGameRepository/FPS_Game/Content/Sprites/VoodooSymbol1.uasset" 2390
"C:/Users/codym/OneDrive/Documents/GitHub/FunkyFishGameRepository/FPS_Game/Content/Sprites/VoodooSymbol1.uexp" 2391
"C:/Users/codym/OneDrive/Documents/GitHub/FunkyFishGameRepository/FPS_Game/Content/Materials/M_VoodooParentMat.uasset" 2392
"C:/Users/codym/OneDrive/Documents/GitHub/FunkyFishGameRepository/FPS_Game/Content/Materials/M_VoodooParentMat.uexp" 2393
"C:/Users/codym/OneDrive/Documents/GitHub/FunkyFishGameRepository/FPS_Game/Content/Materials/MI_Voodoo9.uasset" 2394
"C:/Users/codym/OneDrive/Documents/GitHub/FunkyFishGameRepository/FPS_Game/Content/Materials/MI_Voodoo9.uexp" 2395
"C:/Users/codym/OneDrive/Documents/GitHub/FunkyFishGameRepository/FPS_Game/Content/Sprites/VoodooSymbol8.ubulk" 2396
"C:/Users/codym/OneDrive/Documents/GitHub/FunkyFishGameRepository/FPS_Game/Content/Sprites/VoodooSymbol8.uasset" 2397
"C:/Users/codym/OneDrive/Documents/GitHub/FunkyFishGameRepository/FPS_Game/Content/Sprites/VoodooSymbol8.uexp" 2398
"C:/Users/codym/OneDrive/Documents/GitHub/FunkyFishGameRepository/FPS_Game/Content/Materials/MI_Voodoo8.uasset" 2399
"C:/Users/codym/OneDrive/Documents/GitHub/FunkyFishGameRepository/FPS_Game/Content/Materials/MI_Voodoo8.uexp" 2400
"C:/Users/codym/OneDrive/Documents/GitHub/FunkyFishGameRepository/FPS_Game/Content/Sprites/VoodooSymbol7.ubulk" 2401
"C:/Users/codym/OneDrive/Documents/GitHub/FunkyFishGameRepository/FPS_Game/Content/Sprites/VoodooSymbol7.uasset" 2402
"C:/Users/codym/OneDrive/Documents/GitHub/FunkyFishGameRepository/FPS_Game/Content/Sprites/VoodooSymbol7.uexp" 2403
"C:/Users/codym/OneDrive/Documents/GitHub/FunkyFishGameRepository/FPS_Game/Content/Materials/MI_Voodoo7.uasset" 2404
"C:/Users/codym/OneDrive/Documents/GitHub/FunkyFishGameRepository/FPS_Game/Content/Materials/MI_Voodoo7.uexp" 2405
"C:/Users/codym/OneDrive/Documents/GitHub/FunkyFishGameRepository/FPS_Game/Content/Sprites/VoodooSymbol6.ubulk" 2406
"C:/Users/codym/OneDrive/Documents/GitHub/FunkyFishGameRepository/FPS_Game/Content/Sprites/VoodooSymbol6.uasset" 2407
"C:/Users/codym/OneDrive/Documents/GitHub/FunkyFishGameRepository/FPS_Game/Content/Sprites/VoodooSymbol6.uexp" 2408
"C:/Users/codym/OneDrive/Documents/GitHub/FunkyFishGameRepository/FPS_Game/Content/Materials/MI_Voodoo6.uasset" 2409
"C:/Users/codym/OneDrive/Documents/GitHub/FunkyFishGameRepository/FPS_Game/Content/Materials/MI_Voodoo6.uexp" 2410
"C:/Users/codym/OneDrive/Documents/GitHub/FunkyFishGameRepository/FPS_Game/Content/Sprites/VoodooSymbol5.ubulk" 2411
"C:/Users/codym/OneDrive/Documents/GitHub/FunkyFishGameRepository/FPS_Game/Content/Sprites/VoodooSymbol5.uasset" 2412
"C:/Users/codym/OneDrive/Documents/GitHub/FunkyFishGameRepository/FPS_Game/Content/Sprites/VoodooSymbol5.uexp" 2413
"C:/Users/codym/OneDrive/Documents/GitHub/FunkyFishGameRepository/FPS_Game/Content/Materials/MI_Voodoo5.uasset" 2414
"C:/Users/codym/OneDrive/Documents/GitHub/FunkyFishGameRepository/FPS_Game/Content/Materials/MI_Voodoo5.uexp" 2415
"C:/Users/codym/OneDrive/Documents/GitHub/FunkyFishGameRepository/FPS_Game/Content/Sprites/VoodooSymbol4.ubulk" 2416
"C:/Users/codym/OneDrive/Documents/GitHub/FunkyFishGameRepository/FPS_Game/Content/Sprites/VoodooSymbol4.uasset" 2417
"C:/Users/codym/OneDrive/Documents/GitHub/FunkyFishGameRepository/FPS_Game/Content/Sprites/VoodooSymbol4.uexp" 2418
"C:/Users/codym/OneDrive/Documents/GitHub/FunkyFishGameRepository/FPS_Game/Content/Materials/MI_Voodoo4.uasset" 2419
"C:/Users/codym/OneDrive/Documents/GitHub/FunkyFishGameRepository/FPS_Game/Content/Materials/MI_Voodoo4.uexp" 2420
"C:/Users/codym/OneDrive/Documents/GitHub/FunkyFishGameRepository/FPS_Game/Content/Sprites/VoodooSymbol3.ubulk" 2421
"C:/Users/codym/OneDrive/Documents/GitHub/FunkyFishGameRepository/FPS_Game/Content/Sprites/VoodooSymbol3.uasset" 2422
"C:/Users/codym/OneDrive/Documents/GitHub/FunkyFishGameRepository/FPS_Game/Content/Sprites/VoodooSymbol3.uexp" 2423
"C:/Users/codym/OneDrive/Documents/GitHub/FunkyFishGameRepository/FPS_Game/Content/Materials/MI_Voodoo3.uasset" 2424
"C:/Users/codym/OneDrive/Documents/GitHub/FunkyFishGameRepository/FPS_Game/Content/Materials/MI_Voodoo3.uexp" 2425
"C:/Users/codym/OneDrive/Documents/GitHub/FunkyFishGameRepository/FPS_Game/Content/Sprites/VoodooSymbol2.ubulk" 2426
"C:/Users/codym/OneDrive/Documents/GitHub/FunkyFishGameRepository/FPS_Game/Content/Sprites/VoodooSymbol2.uasset" 2427
"C:/Users/codym/OneDrive/Documents/GitHub/FunkyFishGameRepository/FPS_Game/Content/Sprites/VoodooSymbol2.uexp" 2428
"C:/Users/codym/OneDrive/Documents/GitHub/FunkyFishGameRepository/FPS_Game/Content/Materials/MI_Voodoo2.uasset" 2429
"C:/Users/codym/OneDrive/Documents/GitHub/FunkyFishGameRepository/FPS_Game/Content/Materials/MI_Voodoo2.uexp" 2430
"C:/Users/codym/OneDrive/Documents/GitHub/FunkyFishGameRepository/FPS_Game/Content/Materials/MI_Voodoo1.uasset" 2431
"C:/Users/codym/OneDrive/Documents/GitHub/FunkyFishGameRepository/FPS_Game/Content/Materials/MI_Voodoo1.uexp" 2432
"C:/Users/codym/OneDrive/Documents/GitHub/FunkyFishGameRepository/FPS_Game/Content/Blueprints/Particles/PS_PentagramVoodooMagic.uasset" 2433
"C:/Users/codym/OneDrive/Documents/GitHub/FunkyFishGameRepository/FPS_Game/Content/Blueprints/Particles/PS_PentagramVoodooMagic.uexp" 2434
"C:/Users/codym/OneDrive/Documents/GitHub/FunkyFishGameRepository/FPS_Game/Content/Materials/M_VoodooComplete.uasset" 2435
"C:/Users/codym/OneDrive/Documents/GitHub/FunkyFishGameRepository/FPS_Game/Content/Materials/M_VoodooComplete.uexp" 2436
"C:/Users/codym/OneDrive/Documents/GitHub/FunkyFishGameRepository/FPS_Game/Content/Blueprints/Particles/PS_PentagramFinish.uasset" 2437
"C:/Users/codym/OneDrive/Documents/GitHub/FunkyFishGameRepository/FPS_Game/Content/Blueprints/Particles/PS_PentagramFinish.uexp" 2438
"C:/Users/codym/OneDrive/Documents/GitHub/FunkyFishGameRepository/FPS_Game/Content/Blueprints/Actors/Potions/BP_Ritual.uasset" 2439
"C:/Users/codym/OneDrive/Documents/GitHub/FunkyFishGameRepository/FPS_Game/Content/Blueprints/Actors/Potions/BP_Ritual.uexp" 2440
"C:/Users/codym/OneDrive/Documents/GitHub/FunkyFishGameRepository/FPS_Game/Content/Blueprints/Actors/Potions/BP_Windburst.uasset" 2441
"C:/Users/codym/OneDrive/Documents/GitHub/FunkyFishGameRepository/FPS_Game/Content/Blueprints/Actors/Potions/BP_Windburst.uexp" 2442
"C:/Users/codym/OneDrive/Documents/GitHub/FunkyFishGameRepository/FPS_Game/Content/Blueprints/Actors/Potions/BP_Thunderstorm.uasset" 2443
"C:/Users/codym/OneDrive/Documents/GitHub/FunkyFishGameRepository/FPS_Game/Content/Blueprints/Actors/Potions/BP_Thunderstorm.uexp" 2444
"C:/Users/codym/OneDrive/Documents/GitHub/FunkyFishGameRepository/FPS_Game/Content/Blueprints/Actors/Potions/BP_Stormburst.uasset" 2445
"C:/Users/codym/OneDrive/Documents/GitHub/FunkyFishGameRepository/FPS_Game/Content/Blueprints/Actors/Potions/BP_Stormburst.uexp" 2446
"C:/Users/codym/OneDrive/Documents/GitHub/FunkyFishGameRepository/FPS_Game/Content/Blueprints/Actors/Potions/BP_StoneCircle.uasset" 2447
"C:/Users/codym/OneDrive/Documents/GitHub/FunkyFishGameRepository/FPS_Game/Content/Blueprints/Actors/Potions/BP_StoneCircle.uexp" 2448
"C:/Users/codym/OneDrive/Documents/GitHub/FunkyFishGameRepository/FPS_Game/Content/Textures/T_Snow.ubulk" 2449
"C:/Users/codym/OneDrive/Documents/GitHub/FunkyFishGameRepository/FPS_Game/Content/Textures/T_Snow.uasset" 2450
"C:/Users/codym/OneDrive/Documents/GitHub/FunkyFishGameRepository/FPS_Game/Content/Textures/T_Snow.uexp" 2451
"C:/Users/codym/OneDrive/Documents/GitHub/FunkyFishGameRepository/FPS_Game/Content/Materials/M_SnowAura.uasset" 2452
"C:/Users/codym/OneDrive/Documents/GitHub/FunkyFishGameRepository/FPS_Game/Content/Materials/M_SnowAura.uexp" 2453
"C:/Users/codym/OneDrive/Documents/GitHub/FunkyFishGameRepository/FPS_Game/Content/Blueprints/Actors/Potions/BP_ChillingAura.uasset" 2454
"C:/Users/codym/OneDrive/Documents/GitHub/FunkyFishGameRepository/FPS_Game/Content/Blueprints/Actors/Potions/BP_ChillingAura.uexp" 2455
"C:/Users/codym/OneDrive/Documents/GitHub/FunkyFishGameRepository/FPS_Game/Content/Blueprints/Actors/Potions/BP_FireTrail.uasset" 2456
"C:/Users/codym/OneDrive/Documents/GitHub/FunkyFishGameRepository/FPS_Game/Content/Blueprints/Actors/Potions/BP_FireTrail.uexp" 2457
"C:/Users/codym/OneDrive/Documents/GitHub/FunkyFishGameRepository/FPS_Game/Content/Blueprints/Actors/Potions/BP_FreezingAura.uasset" 2458
"C:/Users/codym/OneDrive/Documents/GitHub/FunkyFishGameRepository/FPS_Game/Content/Blueprints/Actors/Potions/BP_FreezingAura.uexp" 2459
"C:/Users/codym/OneDrive/Documents/GitHub/FunkyFishGameRepository/FPS_Game/Content/Blueprints/Actors/Potions/BP_HellfireTrail.uasset" 2460
"C:/Users/codym/OneDrive/Documents/GitHub/FunkyFishGameRepository/FPS_Game/Content/Blueprints/Actors/Potions/BP_HellfireTrail.uexp" 2461
"C:/Users/codym/OneDrive/Documents/GitHub/FunkyFishGameRepository/FPS_Game/Content/Blueprints/Actors/Potions/BP_SpikeCircle.uasset" 2462
"C:/Users/codym/OneDrive/Documents/GitHub/FunkyFishGameRepository/FPS_Game/Content/Blueprints/Actors/Potions/BP_SpikeCircle.uexp" 2463
"C:/Users/codym/OneDrive/Documents/GitHub/FunkyFishGameRepository/FPS_Game/Content/Textures/T_Nuke.ubulk" 2464
"C:/Users/codym/OneDrive/Documents/GitHub/FunkyFishGameRepository/FPS_Game/Content/Textures/T_Nuke.uasset" 2465
"C:/Users/codym/OneDrive/Documents/GitHub/FunkyFishGameRepository/FPS_Game/Content/Textures/T_Nuke.uexp" 2466
"C:/Users/codym/OneDrive/Documents/GitHub/FunkyFishGameRepository/FPS_Game/Content/Materials/M_Kamikaze.uasset" 2467
"C:/Users/codym/OneDrive/Documents/GitHub/FunkyFishGameRepository/FPS_Game/Content/Materials/M_Kamikaze.uexp" 2468
"C:/Users/codym/OneDrive/Documents/GitHub/FunkyFishGameRepository/FPS_Game/Content/Blueprints/Particles/PS_ExplosionKamikaze.uasset" 2469
"C:/Users/codym/OneDrive/Documents/GitHub/FunkyFishGameRepository/FPS_Game/Content/Blueprints/Particles/PS_ExplosionKamikaze.uexp" 2470
"C:/Users/codym/OneDrive/Documents/GitHub/FunkyFishGameRepository/FPS_Game/Content/Blueprints/Particles/PS_Chargeup.uasset" 2471
"C:/Users/codym/OneDrive/Documents/GitHub/FunkyFishGameRepository/FPS_Game/Content/Blueprints/Particles/PS_Chargeup.uexp" 2472
"C:/Users/codym/OneDrive/Documents/GitHub/FunkyFishGameRepository/FPS_Game/Content/Blueprints/FrameWork/CameraShakes/BP_CameraShakeKamikaze.uasset" 2473
"C:/Users/codym/OneDrive/Documents/GitHub/FunkyFishGameRepository/FPS_Game/Content/Blueprints/FrameWork/CameraShakes/BP_CameraShakeKamikaze.uexp" 2474
"C:/Users/codym/OneDrive/Documents/GitHub/FunkyFishGameRepository/FPS_Game/Content/Audio/A_MagicChargeup.ubulk" 2475
"C:/Users/codym/OneDrive/Documents/GitHub/FunkyFishGameRepository/FPS_Game/Content/Audio/A_MagicChargeup.uasset" 2476
"C:/Users/codym/OneDrive/Documents/GitHub/FunkyFishGameRepository/FPS_Game/Content/Audio/A_MagicChargeup.uexp" 2477
"C:/Users/codym/OneDrive/Documents/GitHub/FunkyFishGameRepository/FPS_Game/Content/Blueprints/Actors/Potions/BP_Kamikaze.uasset" 2478
"C:/Users/codym/OneDrive/Documents/GitHub/FunkyFishGameRepository/FPS_Game/Content/Blueprints/Actors/Potions/BP_Kamikaze.uexp" 2479
"C:/Users/codym/OneDrive/Documents/GitHub/FunkyFishGameRepository/FPS_Game/Content/Blueprints/Actors/BP_PlayerCharacter.uasset" 2480
"C:/Users/codym/OneDrive/Documents/GitHub/FunkyFishGameRepository/FPS_Game/Content/Blueprints/Actors/BP_PlayerCharacter.uexp" 2481
"C:/Users/codym/OneDrive/Documents/GitHub/FunkyFishGameRepository/FPS_Game/Content/Blueprints/Widgets/WBP_TextPopup.uasset" 2482
"C:/Users/codym/OneDrive/Documents/GitHub/FunkyFishGameRepository/FPS_Game/Content/Blueprints/Widgets/WBP_TextPopup.uexp" 2483
"C:/Users/codym/OneDrive/Documents/GitHub/FunkyFishGameRepository/FPS_Game/Content/Blueprints/Widgets/BP_PopupText.uasset" 2484
"C:/Users/codym/OneDrive/Documents/GitHub/FunkyFishGameRepository/FPS_Game/Content/Blueprints/Widgets/BP_PopupText.uexp" 2485
"C:/Users/codym/OneDrive/Documents/GitHub/FunkyFishGameRepository/FPS_Game/Content/Sprites/FrozenIcon.ubulk" 2486
"C:/Users/codym/OneDrive/Documents/GitHub/FunkyFishGameRepository/FPS_Game/Content/Sprites/FrozenIcon.uasset" 2487
"C:/Users/codym/OneDrive/Documents/GitHub/FunkyFishGameRepository/FPS_Game/Content/Sprites/FrozenIcon.uexp" 2488
"C:/Users/codym/OneDrive/Documents/GitHub/FunkyFishGameRepository/FPS_Game/Content/Blueprints/Widgets/WBP_Freezing.uasset" 2489
"C:/Users/codym/OneDrive/Documents/GitHub/FunkyFishGameRepository/FPS_Game/Content/Blueprints/Widgets/WBP_Freezing.uexp" 2490
"../../../Engine/Content/EngineMaterials/Widget3DPassThrough_Masked.uasset" 2491
"../../../Engine/Content/EngineMaterials/Widget3DPassThrough_Masked.uexp" 2492
"C:/Users/codym/OneDrive/Documents/GitHub/FunkyFishGameRepository/FPS_Game/Content/Blueprints/Widgets/BP_Freezing.uasset" 2493
"C:/Users/codym/OneDrive/Documents/GitHub/FunkyFishGameRepository/FPS_Game/Content/Blueprints/Widgets/BP_Freezing.uexp" 2494
"../../../Engine/Content/Functions/Engine_MaterialFunctions02/ExampleContent/Textures/DebugNumberPeriod.uasset" 2495
"../../../Engine/Content/Functions/Engine_MaterialFunctions02/ExampleContent/Textures/DebugNumberPeriod.uexp" 2496
"../../../Engine/Content/Functions/Engine_MaterialFunctions01/Texturing/ComputeMipLevel.uasset" 2497
"../../../Engine/Content/Functions/Engine_MaterialFunctions01/Texturing/ComputeMipLevel.uexp" 2498
"../../../Engine/Content/Functions/Engine_MaterialFunctions02/Utility/DebugScalarValues.uasset" 2499
"../../../Engine/Content/Functions/Engine_MaterialFunctions02/Utility/DebugScalarValues.uexp" 2500
"../../../Engine/Content/Functions/Engine_MaterialFunctions02/ExampleContent/Textures/flipbook.ubulk" 2501
"../../../Engine/Content/Functions/Engine_MaterialFunctions02/ExampleContent/Textures/flipbook.uasset" 2502
"../../../Engine/Content/Functions/Engine_MaterialFunctions02/ExampleContent/Textures/flipbook.uexp" 2503
"C:/Users/codym/OneDrive/Documents/GitHub/FunkyFishGameRepository/FPS_Game/Content/Animations/SkullLaughSpritesheet.uasset" 2504
"C:/Users/codym/OneDrive/Documents/GitHub/FunkyFishGameRepository/FPS_Game/Content/Animations/SkullLaughSpritesheet.uexp" 2505
"../../../Engine/Content/Functions/Engine_MaterialFunctions02/Utility/DebugFloat2Values.uasset" 2506
"../../../Engine/Content/Functions/Engine_MaterialFunctions02/Utility/DebugFloat2Values.uexp" 2507
"../../../Engine/Content/Functions/Engine_MaterialFunctions02/Texturing/FlipBook.uasset" 2508
"../../../Engine/Content/Functions/Engine_MaterialFunctions02/Texturing/FlipBook.uexp" 2509
"C:/Users/codym/OneDrive/Documents/GitHub/FunkyFishGameRepository/FPS_Game/Content/Animations/M_SkullLaugh.uasset" 2510
"C:/Users/codym/OneDrive/Documents/GitHub/FunkyFishGameRepository/FPS_Game/Content/Animations/M_SkullLaugh.uexp" 2511
"C:/Users/codym/OneDrive/Documents/GitHub/FunkyFishGameRepository/FPS_Game/Content/Blueprints/Widgets/WBP_Decaying.uasset" 2512
"C:/Users/codym/OneDrive/Documents/GitHub/FunkyFishGameRepository/FPS_Game/Content/Blueprints/Widgets/WBP_Decaying.uexp" 2513
"C:/Users/codym/OneDrive/Documents/GitHub/FunkyFishGameRepository/FPS_Game/Content/Blueprints/Widgets/BP_Decaying.uasset" 2514
"C:/Users/codym/OneDrive/Documents/GitHub/FunkyFishGameRepository/FPS_Game/Content/Blueprints/Widgets/BP_Decaying.uexp" 2515
"C:/Users/codym/OneDrive/Documents/GitHub/FunkyFishGameRepository/FPS_Game/Content/Sprites/Snowflake.ubulk" 2516
"C:/Users/codym/OneDrive/Documents/GitHub/FunkyFishGameRepository/FPS_Game/Content/Sprites/Snowflake.uasset" 2517
"C:/Users/codym/OneDrive/Documents/GitHub/FunkyFishGameRepository/FPS_Game/Content/Sprites/Snowflake.uexp" 2518
"C:/Users/codym/OneDrive/Documents/GitHub/FunkyFishGameRepository/FPS_Game/Content/Blueprints/Widgets/WBP_Chilling.uasset" 2519
"C:/Users/codym/OneDrive/Documents/GitHub/FunkyFishGameRepository/FPS_Game/Content/Blueprints/Widgets/WBP_Chilling.uexp" 2520
"C:/Users/codym/OneDrive/Documents/GitHub/FunkyFishGameRepository/FPS_Game/Content/Blueprints/Widgets/BP_Chilling.uasset" 2521
"C:/Users/codym/OneDrive/Documents/GitHub/FunkyFishGameRepository/FPS_Game/Content/Blueprints/Widgets/BP_Chilling.uexp" 2522
"C:/Users/codym/OneDrive/Documents/GitHub/FunkyFishGameRepository/FPS_Game/Content/Materials/M_Snowflake.uasset" 2523
"C:/Users/codym/OneDrive/Documents/GitHub/FunkyFishGameRepository/FPS_Game/Content/Materials/M_Snowflake.uexp" 2524
"C:/Users/codym/OneDrive/Documents/GitHub/FunkyFishGameRepository/FPS_Game/Content/Blueprints/Particles/PS_Snow.uasset" 2525
"C:/Users/codym/OneDrive/Documents/GitHub/FunkyFishGameRepository/FPS_Game/Content/Blueprints/Particles/PS_Snow.uexp" 2526
"C:/Users/codym/OneDrive/Documents/GitHub/FunkyFishGameRepository/FPS_Game/Content/Blueprints/Particles/PS_Marked.uasset" 2527
"C:/Users/codym/OneDrive/Documents/GitHub/FunkyFishGameRepository/FPS_Game/Content/Blueprints/Particles/PS_Marked.uexp" 2528
"C:/Users/codym/OneDrive/Documents/GitHub/FunkyFishGameRepository/FPS_Game/Content/Blueprints/Actors/Enemies/BP_Enemy.uasset" 2529
"C:/Users/codym/OneDrive/Documents/GitHub/FunkyFishGameRepository/FPS_Game/Content/Blueprints/Actors/Enemies/BP_Enemy.uexp" 2530
"C:/Users/codym/OneDrive/Documents/GitHub/FunkyFishGameRepository/FPS_Game/Content/Textures/T_TorchWood_ORM.ubulk" 2531
"C:/Users/codym/OneDrive/Documents/GitHub/FunkyFishGameRepository/FPS_Game/Content/Textures/T_TorchWood_ORM.uasset" 2532
"C:/Users/codym/OneDrive/Documents/GitHub/FunkyFishGameRepository/FPS_Game/Content/Textures/T_TorchWood_ORM.uexp" 2533
"C:/Users/codym/OneDrive/Documents/GitHub/FunkyFishGameRepository/FPS_Game/Content/Textures/T_TorchWood_Normal.ubulk" 2534
"C:/Users/codym/OneDrive/Documents/GitHub/FunkyFishGameRepository/FPS_Game/Content/Textures/T_TorchWood_Normal.uasset" 2535
"C:/Users/codym/OneDrive/Documents/GitHub/FunkyFishGameRepository/FPS_Game/Content/Textures/T_TorchWood_Normal.uexp" 2536
"C:/Users/codym/OneDrive/Documents/GitHub/FunkyFishGameRepository/FPS_Game/Content/Textures/T_TorchWood_Colour.ubulk" 2537
"C:/Users/codym/OneDrive/Documents/GitHub/FunkyFishGameRepository/FPS_Game/Content/Textures/T_TorchWood_Colour.uasset" 2538
"C:/Users/codym/OneDrive/Documents/GitHub/FunkyFishGameRepository/FPS_Game/Content/Textures/T_TorchWood_Colour.uexp" 2539
"C:/Users/codym/OneDrive/Documents/GitHub/FunkyFishGameRepository/FPS_Game/Content/Materials/M_Torch_Wood.uasset" 2540
"C:/Users/codym/OneDrive/Documents/GitHub/FunkyFishGameRepository/FPS_Game/Content/Materials/M_Torch_Wood.uexp" 2541
"C:/Users/codym/OneDrive/Documents/GitHub/FunkyFishGameRepository/FPS_Game/Content/Textures/T_TorchSpike_ORM.ubulk" 2542
"C:/Users/codym/OneDrive/Documents/GitHub/FunkyFishGameRepository/FPS_Game/Content/Textures/T_TorchSpike_ORM.uasset" 2543
"C:/Users/codym/OneDrive/Documents/GitHub/FunkyFishGameRepository/FPS_Game/Content/Textures/T_TorchSpike_ORM.uexp" 2544
"C:/Users/codym/OneDrive/Documents/GitHub/FunkyFishGameRepository/FPS_Game/Content/Textures/T_TorchSpike_Normal.ubulk" 2545
"C:/Users/codym/OneDrive/Documents/GitHub/FunkyFishGameRepository/FPS_Game/Content/Textures/T_TorchSpike_Normal.uasset" 2546
"C:/Users/codym/OneDrive/Documents/GitHub/FunkyFishGameRepository/FPS_Game/Content/Textures/T_TorchSpike_Normal.uexp" 2547
"C:/Users/codym/OneDrive/Documents/GitHub/FunkyFishGameRepository/FPS_Game/Content/Textures/T_TorchSpike_Colour.ubulk" 2548
"C:/Users/codym/OneDrive/Documents/GitHub/FunkyFishGameRepository/FPS_Game/Content/Textures/T_TorchSpike_Colour.uasset" 2549
"C:/Users/codym/OneDrive/Documents/GitHub/FunkyFishGameRepository/FPS_Game/Content/Textures/T_TorchSpike_Colour.uexp" 2550
"C:/Users/codym/OneDrive/Documents/GitHub/FunkyFishGameRepository/FPS_Game/Content/Materials/M_Torch_Spikes.uasset" 2551
"C:/Users/codym/OneDrive/Documents/GitHub/FunkyFishGameRepository/FPS_Game/Content/Materials/M_Torch_Spikes.uexp" 2552
"C:/Users/codym/OneDrive/Documents/GitHub/FunkyFishGameRepository/FPS_Game/Content/Textures/T_TorchMetal_ORM.ubulk" 2553
"C:/Users/codym/OneDrive/Documents/GitHub/FunkyFishGameRepository/FPS_Game/Content/Textures/T_TorchMetal_ORM.uasset" 2554
"C:/Users/codym/OneDrive/Documents/GitHub/FunkyFishGameRepository/FPS_Game/Content/Textures/T_TorchMetal_ORM.uexp" 2555
"C:/Users/codym/OneDrive/Documents/GitHub/FunkyFishGameRepository/FPS_Game/Content/Textures/T_TorchMetal_Normal.ubulk" 2556
"C:/Users/codym/OneDrive/Documents/GitHub/FunkyFishGameRepository/FPS_Game/Content/Textures/T_TorchMetal_Normal.uasset" 2557
"C:/Users/codym/OneDrive/Documents/GitHub/FunkyFishGameRepository/FPS_Game/Content/Textures/T_TorchMetal_Normal.uexp" 2558
"C:/Users/codym/OneDrive/Documents/GitHub/FunkyFishGameRepository/FPS_Game/Content/Textures/T_TorchMetal_Colour.ubulk" 2559
"C:/Users/codym/OneDrive/Documents/GitHub/FunkyFishGameRepository/FPS_Game/Content/Textures/T_TorchMetal_Colour.uasset" 2560
"C:/Users/codym/OneDrive/Documents/GitHub/FunkyFishGameRepository/FPS_Game/Content/Textures/T_TorchMetal_Colour.uexp" 2561
"C:/Users/codym/OneDrive/Documents/GitHub/FunkyFishGameRepository/FPS_Game/Content/Materials/M_Torch_Metal.uasset" 2562
"C:/Users/codym/OneDrive/Documents/GitHub/FunkyFishGameRepository/FPS_Game/Content/Materials/M_Torch_Metal.uexp" 2563
"C:/Users/codym/OneDrive/Documents/GitHub/FunkyFishGameRepository/FPS_Game/Content/Meshes/SM_Torch.ubulk" 2564
"C:/Users/codym/OneDrive/Documents/GitHub/FunkyFishGameRepository/FPS_Game/Content/Meshes/SM_Torch.uasset" 2565
"C:/Users/codym/OneDrive/Documents/GitHub/FunkyFishGameRepository/FPS_Game/Content/Meshes/SM_Torch.uexp" 2566
"C:/Users/codym/OneDrive/Documents/GitHub/FunkyFishGameRepository/FPS_Game/Content/Textures/T_MetalHandle_ORM.ubulk" 2567
"C:/Users/codym/OneDrive/Documents/GitHub/FunkyFishGameRepository/FPS_Game/Content/Textures/T_MetalHandle_ORM.uasset" 2568
"C:/Users/codym/OneDrive/Documents/GitHub/FunkyFishGameRepository/FPS_Game/Content/Textures/T_MetalHandle_ORM.uexp" 2569
"C:/Users/codym/OneDrive/Documents/GitHub/FunkyFishGameRepository/FPS_Game/Content/Textures/T_MetalHandle_Normal.ubulk" 2570
"C:/Users/codym/OneDrive/Documents/GitHub/FunkyFishGameRepository/FPS_Game/Content/Textures/T_MetalHandle_Normal.uasset" 2571
"C:/Users/codym/OneDrive/Documents/GitHub/FunkyFishGameRepository/FPS_Game/Content/Textures/T_MetalHandle_Normal.uexp" 2572
"C:/Users/codym/OneDrive/Documents/GitHub/FunkyFishGameRepository/FPS_Game/Content/Textures/T_MetalHandle_Colour.ubulk" 2573
"C:/Users/codym/OneDrive/Documents/GitHub/FunkyFishGameRepository/FPS_Game/Content/Textures/T_MetalHandle_Colour.uasset" 2574
"C:/Users/codym/OneDrive/Documents/GitHub/FunkyFishGameRepository/FPS_Game/Content/Textures/T_MetalHandle_Colour.uexp" 2575
"C:/Users/codym/OneDrive/Documents/GitHub/FunkyFishGameRepository/FPS_Game/Content/Materials/M_Metal_Handle.uasset" 2576
"C:/Users/codym/OneDrive/Documents/GitHub/FunkyFishGameRepository/FPS_Game/Content/Materials/M_Metal_Handle.uexp" 2577
"C:/Users/codym/OneDrive/Documents/GitHub/FunkyFishGameRepository/FPS_Game/Content/Meshes/Assets/Metal_Handel.ubulk" 2578
"C:/Users/codym/OneDrive/Documents/GitHub/FunkyFishGameRepository/FPS_Game/Content/Meshes/Assets/Metal_Handel.uasset" 2579
"C:/Users/codym/OneDrive/Documents/GitHub/FunkyFishGameRepository/FPS_Game/Content/Meshes/Assets/Metal_Handel.uexp" 2580
"C:/Users/codym/OneDrive/Documents/GitHub/FunkyFishGameRepository/FPS_Game/Content/Blueprints/Actors/RoomDecor/BP_Torch_Handel.uasset" 2581
"C:/Users/codym/OneDrive/Documents/GitHub/FunkyFishGameRepository/FPS_Game/Content/Blueprints/Actors/RoomDecor/BP_Torch_Handel.uexp" 2582
"C:/Users/codym/OneDrive/Documents/GitHub/FunkyFishGameRepository/FPS_Game/Content/Blueprints/Actors/Enemies/BP_Enemy_TargetPractice.uasset" 2583
"C:/Users/codym/OneDrive/Documents/GitHub/FunkyFishGameRepository/FPS_Game/Content/Blueprints/Actors/Enemies/BP_Enemy_TargetPractice.uexp" 2584
"C:/Users/codym/OneDrive/Documents/GitHub/FunkyFishGameRepository/FPS_Game/Content/Blueprints/Actors/BP_HubTutorialPortal.uasset" 2585
"C:/Users/codym/OneDrive/Documents/GitHub/FunkyFishGameRepository/FPS_Game/Content/Blueprints/Actors/BP_HubTutorialPortal.uexp" 2586
"C:/Users/codym/OneDrive/Documents/GitHub/FunkyFishGameRepository/FPS_Game/Content/Blueprints/Widgets/WBP_Message.uasset" 2587
"C:/Users/codym/OneDrive/Documents/GitHub/FunkyFishGameRepository/FPS_Game/Content/Blueprints/Widgets/WBP_Message.uexp" 2588
"C:/Users/codym/OneDrive/Documents/GitHub/FunkyFishGameRepository/FPS_Game/Content/Blueprints/Actors/BP_MessageTrigger.uasset" 2589
"C:/Users/codym/OneDrive/Documents/GitHub/FunkyFishGameRepository/FPS_Game/Content/Blueprints/Actors/BP_MessageTrigger.uexp" 2590
"C:/Users/codym/OneDrive/Documents/GitHub/FunkyFishGameRepository/FPS_Game/Content/Levels/_SeparatedLevelRooms/TutorialRoom_1.uexp" 2591
"C:/Users/codym/OneDrive/Documents/GitHub/FunkyFishGameRepository/FPS_Game/Content/Levels/_SeparatedLevelRooms/TutorialRoom_1.umap" 2592
"C:/Users/codym/OneDrive/Documents/GitHub/FunkyFishGameRepository/FPS_Game/Content/Textures/T_Stairs_ORM.ubulk" 2593
"C:/Users/codym/OneDrive/Documents/GitHub/FunkyFishGameRepository/FPS_Game/Content/Textures/T_Stairs_ORM.uasset" 2594
"C:/Users/codym/OneDrive/Documents/GitHub/FunkyFishGameRepository/FPS_Game/Content/Textures/T_Stairs_ORM.uexp" 2595
"C:/Users/codym/OneDrive/Documents/GitHub/FunkyFishGameRepository/FPS_Game/Content/Textures/T_Stairs_Normal.ubulk" 2596
"C:/Users/codym/OneDrive/Documents/GitHub/FunkyFishGameRepository/FPS_Game/Content/Textures/T_Stairs_Normal.uasset" 2597
"C:/Users/codym/OneDrive/Documents/GitHub/FunkyFishGameRepository/FPS_Game/Content/Textures/T_Stairs_Normal.uexp" 2598
"C:/Users/codym/OneDrive/Documents/GitHub/FunkyFishGameRepository/FPS_Game/Content/Textures/T_Stairs_Colour.ubulk" 2599
"C:/Users/codym/OneDrive/Documents/GitHub/FunkyFishGameRepository/FPS_Game/Content/Textures/T_Stairs_Colour.uasset" 2600
"C:/Users/codym/OneDrive/Documents/GitHub/FunkyFishGameRepository/FPS_Game/Content/Textures/T_Stairs_Colour.uexp" 2601
"C:/Users/codym/OneDrive/Documents/GitHub/FunkyFishGameRepository/FPS_Game/Content/Materials/M_Stairs.uasset" 2602
"C:/Users/codym/OneDrive/Documents/GitHub/FunkyFishGameRepository/FPS_Game/Content/Materials/M_Stairs.uexp" 2603
"C:/Users/codym/OneDrive/Documents/GitHub/FunkyFishGameRepository/FPS_Game/Content/Meshes/SM_DungeonStairs.ubulk" 2604
"C:/Users/codym/OneDrive/Documents/GitHub/FunkyFishGameRepository/FPS_Game/Content/Meshes/SM_DungeonStairs.uasset" 2605
"C:/Users/codym/OneDrive/Documents/GitHub/FunkyFishGameRepository/FPS_Game/Content/Meshes/SM_DungeonStairs.uexp" 2606
"C:/Users/codym/OneDrive/Documents/GitHub/FunkyFishGameRepository/FPS_Game/Content/Textures/T_Barrel_ORM.ubulk" 2607
"C:/Users/codym/OneDrive/Documents/GitHub/FunkyFishGameRepository/FPS_Game/Content/Textures/T_Barrel_ORM.uasset" 2608
"C:/Users/codym/OneDrive/Documents/GitHub/FunkyFishGameRepository/FPS_Game/Content/Textures/T_Barrel_ORM.uexp" 2609
"C:/Users/codym/OneDrive/Documents/GitHub/FunkyFishGameRepository/FPS_Game/Content/Textures/T_Barrel_Normal.ubulk" 2610
"C:/Users/codym/OneDrive/Documents/GitHub/FunkyFishGameRepository/FPS_Game/Content/Textures/T_Barrel_Normal.uasset" 2611
"C:/Users/codym/OneDrive/Documents/GitHub/FunkyFishGameRepository/FPS_Game/Content/Textures/T_Barrel_Normal.uexp" 2612
"C:/Users/codym/OneDrive/Documents/GitHub/FunkyFishGameRepository/FPS_Game/Content/Textures/T_Barrel_Colour.ubulk" 2613
"C:/Users/codym/OneDrive/Documents/GitHub/FunkyFishGameRepository/FPS_Game/Content/Textures/T_Barrel_Colour.uasset" 2614
"C:/Users/codym/OneDrive/Documents/GitHub/FunkyFishGameRepository/FPS_Game/Content/Textures/T_Barrel_Colour.uexp" 2615
"C:/Users/codym/OneDrive/Documents/GitHub/FunkyFishGameRepository/FPS_Game/Content/Materials/M_Barrel.uasset" 2616
"C:/Users/codym/OneDrive/Documents/GitHub/FunkyFishGameRepository/FPS_Game/Content/Materials/M_Barrel.uexp" 2617
"C:/Users/codym/OneDrive/Documents/GitHub/FunkyFishGameRepository/FPS_Game/Content/Meshes/SM_Barrel.ubulk" 2618
"C:/Users/codym/OneDrive/Documents/GitHub/FunkyFishGameRepository/FPS_Game/Content/Meshes/SM_Barrel.uasset" 2619
"C:/Users/codym/OneDrive/Documents/GitHub/FunkyFishGameRepository/FPS_Game/Content/Meshes/SM_Barrel.uexp" 2620
"C:/Users/codym/OneDrive/Documents/GitHub/FunkyFishGameRepository/FPS_Game/Content/Textures/T_ThinnerStairsFixed_Base_ORM.ubulk" 2621
"C:/Users/codym/OneDrive/Documents/GitHub/FunkyFishGameRepository/FPS_Game/Content/Textures/T_ThinnerStairsFixed_Base_ORM.uasset" 2622
"C:/Users/codym/OneDrive/Documents/GitHub/FunkyFishGameRepository/FPS_Game/Content/Textures/T_ThinnerStairsFixed_Base_ORM.uexp" 2623
"C:/Users/codym/OneDrive/Documents/GitHub/FunkyFishGameRepository/FPS_Game/Content/Textures/T_ThinnerStairsFixed_Base_Normal.ubulk" 2624
"C:/Users/codym/OneDrive/Documents/GitHub/FunkyFishGameRepository/FPS_Game/Content/Textures/T_ThinnerStairsFixed_Base_Normal.uasset" 2625
"C:/Users/codym/OneDrive/Documents/GitHub/FunkyFishGameRepository/FPS_Game/Content/Textures/T_ThinnerStairsFixed_Base_Normal.uexp" 2626
"C:/Users/codym/OneDrive/Documents/GitHub/FunkyFishGameRepository/FPS_Game/Content/Textures/T_ThinnerStairsFixed_Base_Colour.ubulk" 2627
"C:/Users/codym/OneDrive/Documents/GitHub/FunkyFishGameRepository/FPS_Game/Content/Textures/T_ThinnerStairsFixed_Base_Colour.uasset" 2628
"C:/Users/codym/OneDrive/Documents/GitHub/FunkyFishGameRepository/FPS_Game/Content/Textures/T_ThinnerStairsFixed_Base_Colour.uexp" 2629
"C:/Users/codym/OneDrive/Documents/GitHub/FunkyFishGameRepository/FPS_Game/Content/Materials/M_ThinStairs.uasset" 2630
"C:/Users/codym/OneDrive/Documents/GitHub/FunkyFishGameRepository/FPS_Game/Content/Materials/M_ThinStairs.uexp" 2631
"C:/Users/codym/OneDrive/Documents/GitHub/FunkyFishGameRepository/FPS_Game/Content/Meshes/Assets/ThinnerStairs.ubulk" 2632
"C:/Users/codym/OneDrive/Documents/GitHub/FunkyFishGameRepository/FPS_Game/Content/Meshes/Assets/ThinnerStairs.uasset" 2633
"C:/Users/codym/OneDrive/Documents/GitHub/FunkyFishGameRepository/FPS_Game/Content/Meshes/Assets/ThinnerStairs.uexp" 2634
"C:/Users/codym/OneDrive/Documents/GitHub/FunkyFishGameRepository/FPS_Game/Content/Blueprints/FrameWork/PC_PP.uasset" 2635
"C:/Users/codym/OneDrive/Documents/GitHub/FunkyFishGameRepository/FPS_Game/Content/Blueprints/FrameWork/PC_PP.uexp" 2636
"C:/Users/codym/OneDrive/Documents/GitHub/FunkyFishGameRepository/FPS_Game/Content/Blueprints/FrameWork/GM_PP.uasset" 2637
"C:/Users/codym/OneDrive/Documents/GitHub/FunkyFishGameRepository/FPS_Game/Content/Blueprints/FrameWork/GM_PP.uexp" 2638
"C:/Users/codym/OneDrive/Documents/GitHub/FunkyFishGameRepository/FPS_Game/Content/Textures/T_ItemChest_ORM.ubulk" 2639
"C:/Users/codym/OneDrive/Documents/GitHub/FunkyFishGameRepository/FPS_Game/Content/Textures/T_ItemChest_ORM.uasset" 2640
"C:/Users/codym/OneDrive/Documents/GitHub/FunkyFishGameRepository/FPS_Game/Content/Textures/T_ItemChest_ORM.uexp" 2641
"C:/Users/codym/OneDrive/Documents/GitHub/FunkyFishGameRepository/FPS_Game/Content/Textures/T_ItemChest_Normal.ubulk" 2642
"C:/Users/codym/OneDrive/Documents/GitHub/FunkyFishGameRepository/FPS_Game/Content/Textures/T_ItemChest_Normal.uasset" 2643
"C:/Users/codym/OneDrive/Documents/GitHub/FunkyFishGameRepository/FPS_Game/Content/Textures/T_ItemChest_Normal.uexp" 2644
"C:/Users/codym/OneDrive/Documents/GitHub/FunkyFishGameRepository/FPS_Game/Content/Textures/T_ItemChest_Emissive.ubulk" 2645
"C:/Users/codym/OneDrive/Documents/GitHub/FunkyFishGameRepository/FPS_Game/Content/Textures/T_ItemChest_Emissive.uasset" 2646
"C:/Users/codym/OneDrive/Documents/GitHub/FunkyFishGameRepository/FPS_Game/Content/Textures/T_ItemChest_Emissive.uexp" 2647
"C:/Users/codym/OneDrive/Documents/GitHub/FunkyFishGameRepository/FPS_Game/Content/Textures/T_ItemChest_Colour.ubulk" 2648
"C:/Users/codym/OneDrive/Documents/GitHub/FunkyFishGameRepository/FPS_Game/Content/Textures/T_ItemChest_Colour.uasset" 2649
"C:/Users/codym/OneDrive/Documents/GitHub/FunkyFishGameRepository/FPS_Game/Content/Textures/T_ItemChest_Colour.uexp" 2650
"C:/Users/codym/OneDrive/Documents/GitHub/FunkyFishGameRepository/FPS_Game/Content/Materials/M_ItemChest.uasset" 2651
"C:/Users/codym/OneDrive/Documents/GitHub/FunkyFishGameRepository/FPS_Game/Content/Materials/M_ItemChest.uexp" 2652
"C:/Users/codym/OneDrive/Documents/GitHub/FunkyFishGameRepository/FPS_Game/Content/Meshes/SM_ItemChest_Lid.ubulk" 2653
"C:/Users/codym/OneDrive/Documents/GitHub/FunkyFishGameRepository/FPS_Game/Content/Meshes/SM_ItemChest_Lid.uasset" 2654
"C:/Users/codym/OneDrive/Documents/GitHub/FunkyFishGameRepository/FPS_Game/Content/Meshes/SM_ItemChest_Lid.uexp" 2655
"C:/Users/codym/OneDrive/Documents/GitHub/FunkyFishGameRepository/FPS_Game/Content/Meshes/SM_ItemChest_Base.ubulk" 2656
"C:/Users/codym/OneDrive/Documents/GitHub/FunkyFishGameRepository/FPS_Game/Content/Meshes/SM_ItemChest_Base.uasset" 2657
"C:/Users/codym/OneDrive/Documents/GitHub/FunkyFishGameRepository/FPS_Game/Content/Meshes/SM_ItemChest_Base.uexp" 2658
"C:/Users/codym/OneDrive/Documents/GitHub/FunkyFishGameRepository/FPS_Game/Content/Materials/MI_Outline_Treasure.uasset" 2659
"C:/Users/codym/OneDrive/Documents/GitHub/FunkyFishGameRepository/FPS_Game/Content/Materials/MI_Outline_Treasure.uexp" 2660
"C:/Users/codym/OneDrive/Documents/GitHub/FunkyFishGameRepository/FPS_Game/Content/Audio/Chest_EnchmentStarter.ubulk" 2661
"C:/Users/codym/OneDrive/Documents/GitHub/FunkyFishGameRepository/FPS_Game/Content/Audio/Chest_EnchmentStarter.uasset" 2662
"C:/Users/codym/OneDrive/Documents/GitHub/FunkyFishGameRepository/FPS_Game/Content/Audio/Chest_EnchmentStarter.uexp" 2663
"C:/Users/codym/OneDrive/Documents/GitHub/FunkyFishGameRepository/FPS_Game/Content/Audio/Chest_Enchmentloop.ubulk" 2664
"C:/Users/codym/OneDrive/Documents/GitHub/FunkyFishGameRepository/FPS_Game/Content/Audio/Chest_Enchmentloop.uasset" 2665
"C:/Users/codym/OneDrive/Documents/GitHub/FunkyFishGameRepository/FPS_Game/Content/Audio/Chest_Enchmentloop.uexp" 2666
"C:/Users/codym/OneDrive/Documents/GitHub/FunkyFishGameRepository/FPS_Game/Content/Blueprints/Actors/Interactables/BP_ItemChest.uasset" 2667
"C:/Users/codym/OneDrive/Documents/GitHub/FunkyFishGameRepository/FPS_Game/Content/Blueprints/Actors/Interactables/BP_ItemChest.uexp" 2668
"../../../Engine/Content/EngineSky/T_Sky_Stars.ubulk" 2669
"../../../Engine/Content/EngineSky/T_Sky_Stars.uasset" 2670
"../../../Engine/Content/EngineSky/T_Sky_Stars.uexp" 2671
"../../../Engine/Content/EngineSky/T_Sky_Clouds_M.ubulk" 2672
"../../../Engine/Content/EngineSky/T_Sky_Clouds_M.uasset" 2673
"../../../Engine/Content/EngineSky/T_Sky_Clouds_M.uexp" 2674
"../../../Engine/Content/EngineSky/T_Sky_Blue.ubulk" 2675
"../../../Engine/Content/EngineSky/T_Sky_Blue.uasset" 2676
"../../../Engine/Content/EngineSky/T_Sky_Blue.uexp" 2677
"../../../Engine/Content/EngineSky/M_Sky_Panning_Clouds2.uasset" 2678
"../../../Engine/Content/EngineSky/M_Sky_Panning_Clouds2.uexp" 2679
"../../../Engine/Content/EngineSky/SM_SkySphere.ubulk" 2680
"../../../Engine/Content/EngineSky/SM_SkySphere.uasset" 2681
"../../../Engine/Content/EngineSky/SM_SkySphere.uexp" 2682
"../../../Engine/Content/EngineSky/M_SimpleSkyDome.uasset" 2683
"../../../Engine/Content/EngineSky/M_SimpleSkyDome.uexp" 2684
"C:/Users/codym/OneDrive/Documents/GitHub/FunkyFishGameRepository/FPS_Game/Content/Levels/_SeparatedLevelRooms/TreasureRoom_2.uexp" 2685
"C:/Users/codym/OneDrive/Documents/GitHub/FunkyFishGameRepository/FPS_Game/Content/Levels/_SeparatedLevelRooms/TreasureRoom_2.umap" 2686
"C:/Users/codym/OneDrive/Documents/GitHub/FunkyFishGameRepository/FPS_Game/Content/Meshes/Assets/RoofAttatchment.ubulk" 2687
"C:/Users/codym/OneDrive/Documents/GitHub/FunkyFishGameRepository/FPS_Game/Content/Meshes/Assets/RoofAttatchment.uasset" 2688
"C:/Users/codym/OneDrive/Documents/GitHub/FunkyFishGameRepository/FPS_Game/Content/Meshes/Assets/RoofAttatchment.uexp" 2689
"C:/Users/codym/OneDrive/Documents/GitHub/FunkyFishGameRepository/FPS_Game/Content/Textures/T_Roof_ORM.ubulk" 2690
"C:/Users/codym/OneDrive/Documents/GitHub/FunkyFishGameRepository/FPS_Game/Content/Textures/T_Roof_ORM.uasset" 2691
"C:/Users/codym/OneDrive/Documents/GitHub/FunkyFishGameRepository/FPS_Game/Content/Textures/T_Roof_ORM.uexp" 2692
"C:/Users/codym/OneDrive/Documents/GitHub/FunkyFishGameRepository/FPS_Game/Content/Textures/T_Roof_Normal.ubulk" 2693
"C:/Users/codym/OneDrive/Documents/GitHub/FunkyFishGameRepository/FPS_Game/Content/Textures/T_Roof_Normal.uasset" 2694
"C:/Users/codym/OneDrive/Documents/GitHub/FunkyFishGameRepository/FPS_Game/Content/Textures/T_Roof_Normal.uexp" 2695
"C:/Users/codym/OneDrive/Documents/GitHub/FunkyFishGameRepository/FPS_Game/Content/Textures/T_Roof_Colour.ubulk" 2696
"C:/Users/codym/OneDrive/Documents/GitHub/FunkyFishGameRepository/FPS_Game/Content/Textures/T_Roof_Colour.uasset" 2697
"C:/Users/codym/OneDrive/Documents/GitHub/FunkyFishGameRepository/FPS_Game/Content/Textures/T_Roof_Colour.uexp" 2698
"C:/Users/codym/OneDrive/Documents/GitHub/FunkyFishGameRepository/FPS_Game/Content/Materials/M_RoofDungeon.uasset" 2699
"C:/Users/codym/OneDrive/Documents/GitHub/FunkyFishGameRepository/FPS_Game/Content/Materials/M_RoofDungeon.uexp" 2700
"C:/Users/codym/OneDrive/Documents/GitHub/FunkyFishGameRepository/FPS_Game/Content/Meshes/Assets/Roof.ubulk" 2701
"C:/Users/codym/OneDrive/Documents/GitHub/FunkyFishGameRepository/FPS_Game/Content/Meshes/Assets/Roof.uasset" 2702
"C:/Users/codym/OneDrive/Documents/GitHub/FunkyFishGameRepository/FPS_Game/Content/Meshes/Assets/Roof.uexp" 2703
"C:/Users/codym/OneDrive/Documents/GitHub/FunkyFishGameRepository/FPS_Game/Content/Textures/T_RoofAttatchment_ORM.ubulk" 2704
"C:/Users/codym/OneDrive/Documents/GitHub/FunkyFishGameRepository/FPS_Game/Content/Textures/T_RoofAttatchment_ORM.uasset" 2705
"C:/Users/codym/OneDrive/Documents/GitHub/FunkyFishGameRepository/FPS_Game/Content/Textures/T_RoofAttatchment_ORM.uexp" 2706
"C:/Users/codym/OneDrive/Documents/GitHub/FunkyFishGameRepository/FPS_Game/Content/Textures/T_RoofAttatchment_Normal.ubulk" 2707
"C:/Users/codym/OneDrive/Documents/GitHub/FunkyFishGameRepository/FPS_Game/Content/Textures/T_RoofAttatchment_Normal.uasset" 2708
"C:/Users/codym/OneDrive/Documents/GitHub/FunkyFishGameRepository/FPS_Game/Content/Textures/T_RoofAttatchment_Normal.uexp" 2709
"C:/Users/codym/OneDrive/Documents/GitHub/FunkyFishGameRepository/FPS_Game/Content/Textures/T_RoofAttatchment_Colour.ubulk" 2710
"C:/Users/codym/OneDrive/Documents/GitHub/FunkyFishGameRepository/FPS_Game/Content/Textures/T_RoofAttatchment_Colour.uasset" 2711
"C:/Users/codym/OneDrive/Documents/GitHub/FunkyFishGameRepository/FPS_Game/Content/Textures/T_RoofAttatchment_Colour.uexp" 2712
"C:/Users/codym/OneDrive/Documents/GitHub/FunkyFishGameRepository/FPS_Game/Content/Materials/M_RoofAttatchment.uasset" 2713
"C:/Users/codym/OneDrive/Documents/GitHub/FunkyFishGameRepository/FPS_Game/Content/Materials/M_RoofAttatchment.uexp" 2714
"C:/Users/codym/OneDrive/Documents/GitHub/FunkyFishGameRepository/FPS_Game/Content/Blueprints/Actors/BP_Lava.uasset" 2715
"C:/Users/codym/OneDrive/Documents/GitHub/FunkyFishGameRepository/FPS_Game/Content/Blueprints/Actors/BP_Lava.uexp" 2716
"C:/Users/codym/OneDrive/Documents/GitHub/FunkyFishGameRepository/FPS_Game/Content/Levels/_SeparatedLevelRooms/TreasureRoom_1.uexp" 2717
"C:/Users/codym/OneDrive/Documents/GitHub/FunkyFishGameRepository/FPS_Game/Content/Levels/_SeparatedLevelRooms/TreasureRoom_1.umap" 2718
"C:/Users/codym/OneDrive/Documents/GitHub/FunkyFishGameRepository/FPS_Game/Content/Textures/T_DoorFrame_ORM.ubulk" 2719
"C:/Users/codym/OneDrive/Documents/GitHub/FunkyFishGameRepository/FPS_Game/Content/Textures/T_DoorFrame_ORM.uasset" 2720
"C:/Users/codym/OneDrive/Documents/GitHub/FunkyFishGameRepository/FPS_Game/Content/Textures/T_DoorFrame_ORM.uexp" 2721
"C:/Users/codym/OneDrive/Documents/GitHub/FunkyFishGameRepository/FPS_Game/Content/Textures/T_DoorFrame_Normal.ubulk" 2722
"C:/Users/codym/OneDrive/Documents/GitHub/FunkyFishGameRepository/FPS_Game/Content/Textures/T_DoorFrame_Normal.uasset" 2723
"C:/Users/codym/OneDrive/Documents/GitHub/FunkyFishGameRepository/FPS_Game/Content/Textures/T_DoorFrame_Normal.uexp" 2724
"C:/Users/codym/OneDrive/Documents/GitHub/FunkyFishGameRepository/FPS_Game/Content/Textures/T_DoorFrame_Colour.ubulk" 2725
"C:/Users/codym/OneDrive/Documents/GitHub/FunkyFishGameRepository/FPS_Game/Content/Textures/T_DoorFrame_Colour.uasset" 2726
"C:/Users/codym/OneDrive/Documents/GitHub/FunkyFishGameRepository/FPS_Game/Content/Textures/T_DoorFrame_Colour.uexp" 2727
"C:/Users/codym/OneDrive/Documents/GitHub/FunkyFishGameRepository/FPS_Game/Content/Materials/M_Door_Frame.uasset" 2728
"C:/Users/codym/OneDrive/Documents/GitHub/FunkyFishGameRepository/FPS_Game/Content/Materials/M_Door_Frame.uexp" 2729
"C:/Users/codym/OneDrive/Documents/GitHub/FunkyFishGameRepository/FPS_Game/Content/Meshes/SM_DoorFrame.ubulk" 2730
"C:/Users/codym/OneDrive/Documents/GitHub/FunkyFishGameRepository/FPS_Game/Content/Meshes/SM_DoorFrame.uasset" 2731
"C:/Users/codym/OneDrive/Documents/GitHub/FunkyFishGameRepository/FPS_Game/Content/Meshes/SM_DoorFrame.uexp" 2732
"C:/Users/codym/OneDrive/Documents/GitHub/FunkyFishGameRepository/FPS_Game/Content/Textures/T_Slime_Blue_Slime_OcclusionRoughnessMetallic.ubulk" 2733
"C:/Users/codym/OneDrive/Documents/GitHub/FunkyFishGameRepository/FPS_Game/Content/Textures/T_Slime_Blue_Slime_OcclusionRoughnessMetallic.uasset" 2734
"C:/Users/codym/OneDrive/Documents/GitHub/FunkyFishGameRepository/FPS_Game/Content/Textures/T_Slime_Blue_Slime_OcclusionRoughnessMetallic.uexp" 2735
"C:/Users/codym/OneDrive/Documents/GitHub/FunkyFishGameRepository/FPS_Game/Content/Textures/T_Slime_Blue_Slime_Normal.ubulk" 2736
"C:/Users/codym/OneDrive/Documents/GitHub/FunkyFishGameRepository/FPS_Game/Content/Textures/T_Slime_Blue_Slime_Normal.uasset" 2737
"C:/Users/codym/OneDrive/Documents/GitHub/FunkyFishGameRepository/FPS_Game/Content/Textures/T_Slime_Blue_Slime_Normal.uexp" 2738
"C:/Users/codym/OneDrive/Documents/GitHub/FunkyFishGameRepository/FPS_Game/Content/Textures/T_Slime_Blue_Slime_Emissive.ubulk" 2739
"C:/Users/codym/OneDrive/Documents/GitHub/FunkyFishGameRepository/FPS_Game/Content/Textures/T_Slime_Blue_Slime_Emissive.uasset" 2740
"C:/Users/codym/OneDrive/Documents/GitHub/FunkyFishGameRepository/FPS_Game/Content/Textures/T_Slime_Blue_Slime_Emissive.uexp" 2741
"C:/Users/codym/OneDrive/Documents/GitHub/FunkyFishGameRepository/FPS_Game/Content/Textures/T_Slime_Blue_Slime_BaseColor.ubulk" 2742
"C:/Users/codym/OneDrive/Documents/GitHub/FunkyFishGameRepository/FPS_Game/Content/Textures/T_Slime_Blue_Slime_BaseColor.uasset" 2743
"C:/Users/codym/OneDrive/Documents/GitHub/FunkyFishGameRepository/FPS_Game/Content/Textures/T_Slime_Blue_Slime_BaseColor.uexp" 2744
"C:/Users/codym/OneDrive/Documents/GitHub/FunkyFishGameRepository/FPS_Game/Content/Materials/M_Slime_Blue.uasset" 2745
"C:/Users/codym/OneDrive/Documents/GitHub/FunkyFishGameRepository/FPS_Game/Content/Materials/M_Slime_Blue.uexp" 2746
"C:/Users/codym/OneDrive/Documents/GitHub/FunkyFishGameRepository/FPS_Game/Content/Textures/T_ShopTotemPotion_Base_ORM.ubulk" 2747
"C:/Users/codym/OneDrive/Documents/GitHub/FunkyFishGameRepository/FPS_Game/Content/Textures/T_ShopTotemPotion_Base_ORM.uasset" 2748
"C:/Users/codym/OneDrive/Documents/GitHub/FunkyFishGameRepository/FPS_Game/Content/Textures/T_ShopTotemPotion_Base_ORM.uexp" 2749
"C:/Users/codym/OneDrive/Documents/GitHub/FunkyFishGameRepository/FPS_Game/Content/Textures/T_ShopTotemPotion_Base_Normal.ubulk" 2750
"C:/Users/codym/OneDrive/Documents/GitHub/FunkyFishGameRepository/FPS_Game/Content/Textures/T_ShopTotemPotion_Base_Normal.uasset" 2751
"C:/Users/codym/OneDrive/Documents/GitHub/FunkyFishGameRepository/FPS_Game/Content/Textures/T_ShopTotemPotion_Base_Normal.uexp" 2752
"C:/Users/codym/OneDrive/Documents/GitHub/FunkyFishGameRepository/FPS_Game/Content/Textures/T_ShopTotemPotion_Base_Emissive.ubulk" 2753
"C:/Users/codym/OneDrive/Documents/GitHub/FunkyFishGameRepository/FPS_Game/Content/Textures/T_ShopTotemPotion_Base_Emissive.uasset" 2754
"C:/Users/codym/OneDrive/Documents/GitHub/FunkyFishGameRepository/FPS_Game/Content/Textures/T_ShopTotemPotion_Base_Emissive.uexp" 2755
"C:/Users/codym/OneDrive/Documents/GitHub/FunkyFishGameRepository/FPS_Game/Content/Textures/T_ShopTotemPotion_Base_Colour.ubulk" 2756
"C:/Users/codym/OneDrive/Documents/GitHub/FunkyFishGameRepository/FPS_Game/Content/Textures/T_ShopTotemPotion_Base_Colour.uasset" 2757
"C:/Users/codym/OneDrive/Documents/GitHub/FunkyFishGameRepository/FPS_Game/Content/Textures/T_ShopTotemPotion_Base_Colour.uexp" 2758
"C:/Users/codym/OneDrive/Documents/GitHub/FunkyFishGameRepository/FPS_Game/Content/Materials/M_ShopTotemPotion.uasset" 2759
"C:/Users/codym/OneDrive/Documents/GitHub/FunkyFishGameRepository/FPS_Game/Content/Materials/M_ShopTotemPotion.uexp" 2760
"C:/Users/codym/OneDrive/Documents/GitHub/FunkyFishGameRepository/FPS_Game/Content/Meshes/SM_ShopTotemPotion.ubulk" 2761
"C:/Users/codym/OneDrive/Documents/GitHub/FunkyFishGameRepository/FPS_Game/Content/Meshes/SM_ShopTotemPotion.uasset" 2762
"C:/Users/codym/OneDrive/Documents/GitHub/FunkyFishGameRepository/FPS_Game/Content/Meshes/SM_ShopTotemPotion.uexp" 2763
"C:/Users/codym/OneDrive/Documents/GitHub/FunkyFishGameRepository/FPS_Game/Content/Textures/T_ShopTotemeye_Eye_ORM.ubulk" 2764
"C:/Users/codym/OneDrive/Documents/GitHub/FunkyFishGameRepository/FPS_Game/Content/Textures/T_ShopTotemeye_Eye_ORM.uasset" 2765
"C:/Users/codym/OneDrive/Documents/GitHub/FunkyFishGameRepository/FPS_Game/Content/Textures/T_ShopTotemeye_Eye_ORM.uexp" 2766
"C:/Users/codym/OneDrive/Documents/GitHub/FunkyFishGameRepository/FPS_Game/Content/Textures/T_ShopTotemeye_Eye_Normal.ubulk" 2767
"C:/Users/codym/OneDrive/Documents/GitHub/FunkyFishGameRepository/FPS_Game/Content/Textures/T_ShopTotemeye_Eye_Normal.uasset" 2768
"C:/Users/codym/OneDrive/Documents/GitHub/FunkyFishGameRepository/FPS_Game/Content/Textures/T_ShopTotemeye_Eye_Normal.uexp" 2769
"C:/Users/codym/OneDrive/Documents/GitHub/FunkyFishGameRepository/FPS_Game/Content/Textures/T_ShopTotemeye_Eye_Emissive.ubulk" 2770
"C:/Users/codym/OneDrive/Documents/GitHub/FunkyFishGameRepository/FPS_Game/Content/Textures/T_ShopTotemeye_Eye_Emissive.uasset" 2771
"C:/Users/codym/OneDrive/Documents/GitHub/FunkyFishGameRepository/FPS_Game/Content/Textures/T_ShopTotemeye_Eye_Emissive.uexp" 2772
"C:/Users/codym/OneDrive/Documents/GitHub/FunkyFishGameRepository/FPS_Game/Content/Textures/T_ShopTotemeye_Eye_Colour.ubulk" 2773
"C:/Users/codym/OneDrive/Documents/GitHub/FunkyFishGameRepository/FPS_Game/Content/Textures/T_ShopTotemeye_Eye_Colour.uasset" 2774
"C:/Users/codym/OneDrive/Documents/GitHub/FunkyFishGameRepository/FPS_Game/Content/Textures/T_ShopTotemeye_Eye_Colour.uexp" 2775
"C:/Users/codym/OneDrive/Documents/GitHub/FunkyFishGameRepository/FPS_Game/Content/Materials/M_ShopTotemEye.uasset" 2776
"C:/Users/codym/OneDrive/Documents/GitHub/FunkyFishGameRepository/FPS_Game/Content/Materials/M_ShopTotemEye.uexp" 2777
"C:/Users/codym/OneDrive/Documents/GitHub/FunkyFishGameRepository/FPS_Game/Content/Meshes/SM_ShopTotemEye.ubulk" 2778
"C:/Users/codym/OneDrive/Documents/GitHub/FunkyFishGameRepository/FPS_Game/Content/Meshes/SM_ShopTotemEye.uasset" 2779
"C:/Users/codym/OneDrive/Documents/GitHub/FunkyFishGameRepository/FPS_Game/Content/Meshes/SM_ShopTotemEye.uexp" 2780
"C:/Users/codym/OneDrive/Documents/GitHub/FunkyFishGameRepository/FPS_Game/Content/Textures/T_ShopTotemButton_Base_ORM.ubulk" 2781
"C:/Users/codym/OneDrive/Documents/GitHub/FunkyFishGameRepository/FPS_Game/Content/Textures/T_ShopTotemButton_Base_ORM.uasset" 2782
"C:/Users/codym/OneDrive/Documents/GitHub/FunkyFishGameRepository/FPS_Game/Content/Textures/T_ShopTotemButton_Base_ORM.uexp" 2783
"C:/Users/codym/OneDrive/Documents/GitHub/FunkyFishGameRepository/FPS_Game/Content/Textures/T_ShopTotemButton_Base_Normal.ubulk" 2784
"C:/Users/codym/OneDrive/Documents/GitHub/FunkyFishGameRepository/FPS_Game/Content/Textures/T_ShopTotemButton_Base_Normal.uasset" 2785
"C:/Users/codym/OneDrive/Documents/GitHub/FunkyFishGameRepository/FPS_Game/Content/Textures/T_ShopTotemButton_Base_Normal.uexp" 2786
"C:/Users/codym/OneDrive/Documents/GitHub/FunkyFishGameRepository/FPS_Game/Content/Textures/T_ShopTotemButton_Base_Emissive.ubulk" 2787
"C:/Users/codym/OneDrive/Documents/GitHub/FunkyFishGameRepository/FPS_Game/Content/Textures/T_ShopTotemButton_Base_Emissive.uasset" 2788
"C:/Users/codym/OneDrive/Documents/GitHub/FunkyFishGameRepository/FPS_Game/Content/Textures/T_ShopTotemButton_Base_Emissive.uexp" 2789
"C:/Users/codym/OneDrive/Documents/GitHub/FunkyFishGameRepository/FPS_Game/Content/Textures/T_ShopTotemButton_Base_Colour.ubulk" 2790
"C:/Users/codym/OneDrive/Documents/GitHub/FunkyFishGameRepository/FPS_Game/Content/Textures/T_ShopTotemButton_Base_Colour.uasset" 2791
"C:/Users/codym/OneDrive/Documents/GitHub/FunkyFishGameRepository/FPS_Game/Content/Textures/T_ShopTotemButton_Base_Colour.uexp" 2792
"C:/Users/codym/OneDrive/Documents/GitHub/FunkyFishGameRepository/FPS_Game/Content/Materials/M_ShopTotemButton.uasset" 2793
"C:/Users/codym/OneDrive/Documents/GitHub/FunkyFishGameRepository/FPS_Game/Content/Materials/M_ShopTotemButton.uexp" 2794
"C:/Users/codym/OneDrive/Documents/GitHub/FunkyFishGameRepository/FPS_Game/Content/Meshes/SM_ShopTotemButton.ubulk" 2795
"C:/Users/codym/OneDrive/Documents/GitHub/FunkyFishGameRepository/FPS_Game/Content/Meshes/SM_ShopTotemButton.uasset" 2796
"C:/Users/codym/OneDrive/Documents/GitHub/FunkyFishGameRepository/FPS_Game/Content/Meshes/SM_ShopTotemButton.uexp" 2797
"C:/Users/codym/OneDrive/Documents/GitHub/FunkyFishGameRepository/FPS_Game/Content/Blueprints/Actors/Interactables/BP_ShopTotemPotion.uasset" 2798
"C:/Users/codym/OneDrive/Documents/GitHub/FunkyFishGameRepository/FPS_Game/Content/Blueprints/Actors/Interactables/BP_ShopTotemPotion.uexp" 2799
"C:/Users/codym/OneDrive/Documents/GitHub/FunkyFishGameRepository/FPS_Game/Content/Textures/T_ShopTotemHealth_Base_ORM.ubulk" 2800
"C:/Users/codym/OneDrive/Documents/GitHub/FunkyFishGameRepository/FPS_Game/Content/Textures/T_ShopTotemHealth_Base_ORM.uasset" 2801
"C:/Users/codym/OneDrive/Documents/GitHub/FunkyFishGameRepository/FPS_Game/Content/Textures/T_ShopTotemHealth_Base_ORM.uexp" 2802
"C:/Users/codym/OneDrive/Documents/GitHub/FunkyFishGameRepository/FPS_Game/Content/Textures/T_ShopTotemHealth_Base_Normal.ubulk" 2803
"C:/Users/codym/OneDrive/Documents/GitHub/FunkyFishGameRepository/FPS_Game/Content/Textures/T_ShopTotemHealth_Base_Normal.uasset" 2804
"C:/Users/codym/OneDrive/Documents/GitHub/FunkyFishGameRepository/FPS_Game/Content/Textures/T_ShopTotemHealth_Base_Normal.uexp" 2805
"C:/Users/codym/OneDrive/Documents/GitHub/FunkyFishGameRepository/FPS_Game/Content/Textures/T_ShopTotemHealth_Base_Emissive.ubulk" 2806
"C:/Users/codym/OneDrive/Documents/GitHub/FunkyFishGameRepository/FPS_Game/Content/Textures/T_ShopTotemHealth_Base_Emissive.uasset" 2807
"C:/Users/codym/OneDrive/Documents/GitHub/FunkyFishGameRepository/FPS_Game/Content/Textures/T_ShopTotemHealth_Base_Emissive.uexp" 2808
"C:/Users/codym/OneDrive/Documents/GitHub/FunkyFishGameRepository/FPS_Game/Content/Textures/T_ShopTotemHealth_Base_Colour.ubulk" 2809
"C:/Users/codym/OneDrive/Documents/GitHub/FunkyFishGameRepository/FPS_Game/Content/Textures/T_ShopTotemHealth_Base_Colour.uasset" 2810
"C:/Users/codym/OneDrive/Documents/GitHub/FunkyFishGameRepository/FPS_Game/Content/Textures/T_ShopTotemHealth_Base_Colour.uexp" 2811
"C:/Users/codym/OneDrive/Documents/GitHub/FunkyFishGameRepository/FPS_Game/Content/Materials/M_ShopTotemHealth.uasset" 2812
"C:/Users/codym/OneDrive/Documents/GitHub/FunkyFishGameRepository/FPS_Game/Content/Materials/M_ShopTotemHealth.uexp" 2813
"C:/Users/codym/OneDrive/Documents/GitHub/FunkyFishGameRepository/FPS_Game/Content/Meshes/SM_ShopTotemHealth.ubulk" 2814
"C:/Users/codym/OneDrive/Documents/GitHub/FunkyFishGameRepository/FPS_Game/Content/Meshes/SM_ShopTotemHealth.uasset" 2815
"C:/Users/codym/OneDrive/Documents/GitHub/FunkyFishGameRepository/FPS_Game/Content/Meshes/SM_ShopTotemHealth.uexp" 2816
"C:/Users/codym/OneDrive/Documents/GitHub/FunkyFishGameRepository/FPS_Game/Content/Blueprints/Actors/Interactables/BP_ShopTotemHealth.uasset" 2817
"C:/Users/codym/OneDrive/Documents/GitHub/FunkyFishGameRepository/FPS_Game/Content/Blueprints/Actors/Interactables/BP_ShopTotemHealth.uexp" 2818
"C:/Users/codym/OneDrive/Documents/GitHub/FunkyFishGameRepository/FPS_Game/Content/Textures/T_Campfire_ORM.ubulk" 2819
"C:/Users/codym/OneDrive/Documents/GitHub/FunkyFishGameRepository/FPS_Game/Content/Textures/T_Campfire_ORM.uasset" 2820
"C:/Users/codym/OneDrive/Documents/GitHub/FunkyFishGameRepository/FPS_Game/Content/Textures/T_Campfire_ORM.uexp" 2821
"C:/Users/codym/OneDrive/Documents/GitHub/FunkyFishGameRepository/FPS_Game/Content/Textures/T_Campfire_Normal.ubulk" 2822
"C:/Users/codym/OneDrive/Documents/GitHub/FunkyFishGameRepository/FPS_Game/Content/Textures/T_Campfire_Normal.uasset" 2823
"C:/Users/codym/OneDrive/Documents/GitHub/FunkyFishGameRepository/FPS_Game/Content/Textures/T_Campfire_Normal.uexp" 2824
"C:/Users/codym/OneDrive/Documents/GitHub/FunkyFishGameRepository/FPS_Game/Content/Textures/T_Campfire_Emissive.ubulk" 2825
"C:/Users/codym/OneDrive/Documents/GitHub/FunkyFishGameRepository/FPS_Game/Content/Textures/T_Campfire_Emissive.uasset" 2826
"C:/Users/codym/OneDrive/Documents/GitHub/FunkyFishGameRepository/FPS_Game/Content/Textures/T_Campfire_Emissive.uexp" 2827
"C:/Users/codym/OneDrive/Documents/GitHub/FunkyFishGameRepository/FPS_Game/Content/Textures/T_Campfire_Colour.ubulk" 2828
"C:/Users/codym/OneDrive/Documents/GitHub/FunkyFishGameRepository/FPS_Game/Content/Textures/T_Campfire_Colour.uasset" 2829
"C:/Users/codym/OneDrive/Documents/GitHub/FunkyFishGameRepository/FPS_Game/Content/Textures/T_Campfire_Colour.uexp" 2830
"C:/Users/codym/OneDrive/Documents/GitHub/FunkyFishGameRepository/FPS_Game/Content/Materials/M_Campfire_Base.uasset" 2831
"C:/Users/codym/OneDrive/Documents/GitHub/FunkyFishGameRepository/FPS_Game/Content/Materials/M_Campfire_Base.uexp" 2832
"C:/Users/codym/OneDrive/Documents/GitHub/FunkyFishGameRepository/FPS_Game/Content/Meshes/SM_HealingCampfire.ubulk" 2833
"C:/Users/codym/OneDrive/Documents/GitHub/FunkyFishGameRepository/FPS_Game/Content/Meshes/SM_HealingCampfire.uasset" 2834
"C:/Users/codym/OneDrive/Documents/GitHub/FunkyFishGameRepository/FPS_Game/Content/Meshes/SM_HealingCampfire.uexp" 2835
"C:/Users/codym/OneDrive/Documents/GitHub/FunkyFishGameRepository/FPS_Game/Content/Materials/MI_Outline_Healing.uasset" 2836
"C:/Users/codym/OneDrive/Documents/GitHub/FunkyFishGameRepository/FPS_Game/Content/Materials/MI_Outline_Healing.uexp" 2837
"C:/Users/codym/OneDrive/Documents/GitHub/FunkyFishGameRepository/FPS_Game/Content/Blueprints/Particles/PS_PinkFire.uasset" 2838
"C:/Users/codym/OneDrive/Documents/GitHub/FunkyFishGameRepository/FPS_Game/Content/Blueprints/Particles/PS_PinkFire.uexp" 2839
"../../../Engine/Plugins/FX/Niagara/Content/VectorFields/Assets/TilingCurl32.uasset" 2840
"../../../Engine/Plugins/FX/Niagara/Content/VectorFields/Assets/TilingCurl32.uexp" 2841
"C:/Users/codym/OneDrive/Documents/GitHub/FunkyFishGameRepository/FPS_Game/Content/Blueprints/Particles/PS_Health_Particles.uasset" 2842
"C:/Users/codym/OneDrive/Documents/GitHub/FunkyFishGameRepository/FPS_Game/Content/Blueprints/Particles/PS_Health_Particles.uexp" 2843
"C:/Users/codym/OneDrive/Documents/GitHub/FunkyFishGameRepository/FPS_Game/Content/Blueprints/Actors/Interactables/BP_HealingCampfire.uasset" 2844
"C:/Users/codym/OneDrive/Documents/GitHub/FunkyFishGameRepository/FPS_Game/Content/Blueprints/Actors/Interactables/BP_HealingCampfire.uexp" 2845
"C:/Users/codym/OneDrive/Documents/GitHub/FunkyFishGameRepository/FPS_Game/Content/Levels/_SeparatedLevelRooms/RestRoom_1.uexp" 2846
"C:/Users/codym/OneDrive/Documents/GitHub/FunkyFishGameRepository/FPS_Game/Content/Levels/_SeparatedLevelRooms/RestRoom_1.umap" 2847
"C:/Users/codym/OneDrive/Documents/GitHub/FunkyFishGameRepository/FPS_Game/Content/Textures/T_OpusDoorFrame_DefaultMaterial_ORM.ubulk" 2848
"C:/Users/codym/OneDrive/Documents/GitHub/FunkyFishGameRepository/FPS_Game/Content/Textures/T_OpusDoorFrame_DefaultMaterial_ORM.uasset" 2849
"C:/Users/codym/OneDrive/Documents/GitHub/FunkyFishGameRepository/FPS_Game/Content/Textures/T_OpusDoorFrame_DefaultMaterial_ORM.uexp" 2850
"C:/Users/codym/OneDrive/Documents/GitHub/FunkyFishGameRepository/FPS_Game/Content/Textures/T_OpusDoorFrame_DefaultMaterial_Normal.ubulk" 2851
"C:/Users/codym/OneDrive/Documents/GitHub/FunkyFishGameRepository/FPS_Game/Content/Textures/T_OpusDoorFrame_DefaultMaterial_Normal.uasset" 2852
"C:/Users/codym/OneDrive/Documents/GitHub/FunkyFishGameRepository/FPS_Game/Content/Textures/T_OpusDoorFrame_DefaultMaterial_Normal.uexp" 2853
"C:/Users/codym/OneDrive/Documents/GitHub/FunkyFishGameRepository/FPS_Game/Content/Textures/T_OpusDoorFrame_DefaultMaterial_Colour.ubulk" 2854
"C:/Users/codym/OneDrive/Documents/GitHub/FunkyFishGameRepository/FPS_Game/Content/Textures/T_OpusDoorFrame_DefaultMaterial_Colour.uasset" 2855
"C:/Users/codym/OneDrive/Documents/GitHub/FunkyFishGameRepository/FPS_Game/Content/Textures/T_OpusDoorFrame_DefaultMaterial_Colour.uexp" 2856
"C:/Users/codym/OneDrive/Documents/GitHub/FunkyFishGameRepository/FPS_Game/Content/Materials/M_OpusDoorFrame.uasset" 2857
"C:/Users/codym/OneDrive/Documents/GitHub/FunkyFishGameRepository/FPS_Game/Content/Materials/M_OpusDoorFrame.uexp" 2858
"C:/Users/codym/OneDrive/Documents/GitHub/FunkyFishGameRepository/FPS_Game/Content/Meshes/SM_OpusDoorFrame.ubulk" 2859
"C:/Users/codym/OneDrive/Documents/GitHub/FunkyFishGameRepository/FPS_Game/Content/Meshes/SM_OpusDoorFrame.uasset" 2860
"C:/Users/codym/OneDrive/Documents/GitHub/FunkyFishGameRepository/FPS_Game/Content/Meshes/SM_OpusDoorFrame.uexp" 2861
"C:/Users/codym/OneDrive/Documents/GitHub/FunkyFishGameRepository/FPS_Game/Content/Textures/T_EndRoomPipesAndPillars_PillarsAndPipes_ORM.ubulk" 2862
"C:/Users/codym/OneDrive/Documents/GitHub/FunkyFishGameRepository/FPS_Game/Content/Textures/T_EndRoomPipesAndPillars_PillarsAndPipes_ORM.uasset" 2863
"C:/Users/codym/OneDrive/Documents/GitHub/FunkyFishGameRepository/FPS_Game/Content/Textures/T_EndRoomPipesAndPillars_PillarsAndPipes_ORM.uexp" 2864
"C:/Users/codym/OneDrive/Documents/GitHub/FunkyFishGameRepository/FPS_Game/Content/Textures/T_EndRoomPipesAndPillars_PillarsAndPipes_Normal.ubulk" 2865
"C:/Users/codym/OneDrive/Documents/GitHub/FunkyFishGameRepository/FPS_Game/Content/Textures/T_EndRoomPipesAndPillars_PillarsAndPipes_Normal.uasset" 2866
"C:/Users/codym/OneDrive/Documents/GitHub/FunkyFishGameRepository/FPS_Game/Content/Textures/T_EndRoomPipesAndPillars_PillarsAndPipes_Normal.uexp" 2867
"C:/Users/codym/OneDrive/Documents/GitHub/FunkyFishGameRepository/FPS_Game/Content/Textures/T_EndRoomPipesAndPillars_PillarsAndPipes_Colour.ubulk" 2868
"C:/Users/codym/OneDrive/Documents/GitHub/FunkyFishGameRepository/FPS_Game/Content/Textures/T_EndRoomPipesAndPillars_PillarsAndPipes_Colour.uasset" 2869
"C:/Users/codym/OneDrive/Documents/GitHub/FunkyFishGameRepository/FPS_Game/Content/Textures/T_EndRoomPipesAndPillars_PillarsAndPipes_Colour.uexp" 2870
"C:/Users/codym/OneDrive/Documents/GitHub/FunkyFishGameRepository/FPS_Game/Content/Materials/M_EndRoom_PillarsAndPipes.uasset" 2871
"C:/Users/codym/OneDrive/Documents/GitHub/FunkyFishGameRepository/FPS_Game/Content/Materials/M_EndRoom_PillarsAndPipes.uexp" 2872
"C:/Users/codym/OneDrive/Documents/GitHub/FunkyFishGameRepository/FPS_Game/Content/Meshes/SM_EndRoom_SmallHangingPipes.ubulk" 2873
"C:/Users/codym/OneDrive/Documents/GitHub/FunkyFishGameRepository/FPS_Game/Content/Meshes/SM_EndRoom_SmallHangingPipes.uasset" 2874
"C:/Users/codym/OneDrive/Documents/GitHub/FunkyFishGameRepository/FPS_Game/Content/Meshes/SM_EndRoom_SmallHangingPipes.uexp" 2875
"C:/Users/codym/OneDrive/Documents/GitHub/FunkyFishGameRepository/FPS_Game/Content/Meshes/SM_EndRoom_Pillar.ubulk" 2876
"C:/Users/codym/OneDrive/Documents/GitHub/FunkyFishGameRepository/FPS_Game/Content/Meshes/SM_EndRoom_Pillar.uasset" 2877
"C:/Users/codym/OneDrive/Documents/GitHub/FunkyFishGameRepository/FPS_Game/Content/Meshes/SM_EndRoom_Pillar.uexp" 2878
"C:/Users/codym/OneDrive/Documents/GitHub/FunkyFishGameRepository/FPS_Game/Content/Textures/T_EndRoomDecor_EndRoomDecor_ORM.ubulk" 2879
"C:/Users/codym/OneDrive/Documents/GitHub/FunkyFishGameRepository/FPS_Game/Content/Textures/T_EndRoomDecor_EndRoomDecor_ORM.uasset" 2880
"C:/Users/codym/OneDrive/Documents/GitHub/FunkyFishGameRepository/FPS_Game/Content/Textures/T_EndRoomDecor_EndRoomDecor_ORM.uexp" 2881
"C:/Users/codym/OneDrive/Documents/GitHub/FunkyFishGameRepository/FPS_Game/Content/Textures/T_EndRoomDecor_EndRoomDecor_Normal.ubulk" 2882
"C:/Users/codym/OneDrive/Documents/GitHub/FunkyFishGameRepository/FPS_Game/Content/Textures/T_EndRoomDecor_EndRoomDecor_Normal.uasset" 2883
"C:/Users/codym/OneDrive/Documents/GitHub/FunkyFishGameRepository/FPS_Game/Content/Textures/T_EndRoomDecor_EndRoomDecor_Normal.uexp" 2884
"C:/Users/codym/OneDrive/Documents/GitHub/FunkyFishGameRepository/FPS_Game/Content/Textures/T_EndRoomDecor_EndRoomDecor_Colour.ubulk" 2885
"C:/Users/codym/OneDrive/Documents/GitHub/FunkyFishGameRepository/FPS_Game/Content/Textures/T_EndRoomDecor_EndRoomDecor_Colour.uasset" 2886
"C:/Users/codym/OneDrive/Documents/GitHub/FunkyFishGameRepository/FPS_Game/Content/Textures/T_EndRoomDecor_EndRoomDecor_Colour.uexp" 2887
"C:/Users/codym/OneDrive/Documents/GitHub/FunkyFishGameRepository/FPS_Game/Content/Materials/M_EndRoom_Decor.uasset" 2888
"C:/Users/codym/OneDrive/Documents/GitHub/FunkyFishGameRepository/FPS_Game/Content/Materials/M_EndRoom_Decor.uexp" 2889
"C:/Users/codym/OneDrive/Documents/GitHub/FunkyFishGameRepository/FPS_Game/Content/Meshes/SM_EndRoom_Pedestal.ubulk" 2890
"C:/Users/codym/OneDrive/Documents/GitHub/FunkyFishGameRepository/FPS_Game/Content/Meshes/SM_EndRoom_Pedestal.uasset" 2891
"C:/Users/codym/OneDrive/Documents/GitHub/FunkyFishGameRepository/FPS_Game/Content/Meshes/SM_EndRoom_Pedestal.uexp" 2892
"C:/Users/codym/OneDrive/Documents/GitHub/FunkyFishGameRepository/FPS_Game/Content/Textures/T_EndRoom_OpusWall_Var1_ORM.ubulk" 2893
"C:/Users/codym/OneDrive/Documents/GitHub/FunkyFishGameRepository/FPS_Game/Content/Textures/T_EndRoom_OpusWall_Var1_ORM.uasset" 2894
"C:/Users/codym/OneDrive/Documents/GitHub/FunkyFishGameRepository/FPS_Game/Content/Textures/T_EndRoom_OpusWall_Var1_ORM.uexp" 2895
"C:/Users/codym/OneDrive/Documents/GitHub/FunkyFishGameRepository/FPS_Game/Content/Textures/T_EndRoom_OpusWall_Var1_Normal.ubulk" 2896
"C:/Users/codym/OneDrive/Documents/GitHub/FunkyFishGameRepository/FPS_Game/Content/Textures/T_EndRoom_OpusWall_Var1_Normal.uasset" 2897
"C:/Users/codym/OneDrive/Documents/GitHub/FunkyFishGameRepository/FPS_Game/Content/Textures/T_EndRoom_OpusWall_Var1_Normal.uexp" 2898
"C:/Users/codym/OneDrive/Documents/GitHub/FunkyFishGameRepository/FPS_Game/Content/Textures/T_EndRoom_OpusWall_Var1_Colour.ubulk" 2899
"C:/Users/codym/OneDrive/Documents/GitHub/FunkyFishGameRepository/FPS_Game/Content/Textures/T_EndRoom_OpusWall_Var1_Colour.uasset" 2900
"C:/Users/codym/OneDrive/Documents/GitHub/FunkyFishGameRepository/FPS_Game/Content/Textures/T_EndRoom_OpusWall_Var1_Colour.uexp" 2901
"C:/Users/codym/OneDrive/Documents/GitHub/FunkyFishGameRepository/FPS_Game/Content/Materials/M_EndRoom_OpusWallVar1.uasset" 2902
"C:/Users/codym/OneDrive/Documents/GitHub/FunkyFishGameRepository/FPS_Game/Content/Materials/M_EndRoom_OpusWallVar1.uexp" 2903
"C:/Users/codym/OneDrive/Documents/GitHub/FunkyFishGameRepository/FPS_Game/Content/Meshes/SM_EndRoom_OpusWall.ubulk" 2904
"C:/Users/codym/OneDrive/Documents/GitHub/FunkyFishGameRepository/FPS_Game/Content/Meshes/SM_EndRoom_OpusWall.uasset" 2905
"C:/Users/codym/OneDrive/Documents/GitHub/FunkyFishGameRepository/FPS_Game/Content/Meshes/SM_EndRoom_OpusWall.uexp" 2906
"C:/Users/codym/OneDrive/Documents/GitHub/FunkyFishGameRepository/FPS_Game/Content/Meshes/SM_EndRoom_LargeCornerPipe.ubulk" 2907
"C:/Users/codym/OneDrive/Documents/GitHub/FunkyFishGameRepository/FPS_Game/Content/Meshes/SM_EndRoom_LargeCornerPipe.uasset" 2908
"C:/Users/codym/OneDrive/Documents/GitHub/FunkyFishGameRepository/FPS_Game/Content/Meshes/SM_EndRoom_LargeCornerPipe.uexp" 2909
"C:/Users/codym/OneDrive/Documents/GitHub/FunkyFishGameRepository/FPS_Game/Content/Meshes/SM_EndRoom_Crystals.ubulk" 2910
"C:/Users/codym/OneDrive/Documents/GitHub/FunkyFishGameRepository/FPS_Game/Content/Meshes/SM_EndRoom_Crystals.uasset" 2911
"C:/Users/codym/OneDrive/Documents/GitHub/FunkyFishGameRepository/FPS_Game/Content/Meshes/SM_EndRoom_Crystals.uexp" 2912
"C:/Users/codym/OneDrive/Documents/GitHub/FunkyFishGameRepository/FPS_Game/Content/Textures/T_EndRoom_Backwall_Backwall_ORM.ubulk" 2913
"C:/Users/codym/OneDrive/Documents/GitHub/FunkyFishGameRepository/FPS_Game/Content/Textures/T_EndRoom_Backwall_Backwall_ORM.uasset" 2914
"C:/Users/codym/OneDrive/Documents/GitHub/FunkyFishGameRepository/FPS_Game/Content/Textures/T_EndRoom_Backwall_Backwall_ORM.uexp" 2915
"C:/Users/codym/OneDrive/Documents/GitHub/FunkyFishGameRepository/FPS_Game/Content/Textures/T_EndRoom_Backwall_Backwall_Normal.ubulk" 2916
"C:/Users/codym/OneDrive/Documents/GitHub/FunkyFishGameRepository/FPS_Game/Content/Textures/T_EndRoom_Backwall_Backwall_Normal.uasset" 2917
"C:/Users/codym/OneDrive/Documents/GitHub/FunkyFishGameRepository/FPS_Game/Content/Textures/T_EndRoom_Backwall_Backwall_Normal.uexp" 2918
"C:/Users/codym/OneDrive/Documents/GitHub/FunkyFishGameRepository/FPS_Game/Content/Textures/T_EndRoom_Backwall_Backwall_Colour.ubulk" 2919
"C:/Users/codym/OneDrive/Documents/GitHub/FunkyFishGameRepository/FPS_Game/Content/Textures/T_EndRoom_Backwall_Backwall_Colour.uasset" 2920
"C:/Users/codym/OneDrive/Documents/GitHub/FunkyFishGameRepository/FPS_Game/Content/Textures/T_EndRoom_Backwall_Backwall_Colour.uexp" 2921
"C:/Users/codym/OneDrive/Documents/GitHub/FunkyFishGameRepository/FPS_Game/Content/Materials/M_EndRoom_Backwall.uasset" 2922
"C:/Users/codym/OneDrive/Documents/GitHub/FunkyFishGameRepository/FPS_Game/Content/Materials/M_EndRoom_Backwall.uexp" 2923
"C:/Users/codym/OneDrive/Documents/GitHub/FunkyFishGameRepository/FPS_Game/Content/Meshes/SM_EndRoom_Backwall.ubulk" 2924
"C:/Users/codym/OneDrive/Documents/GitHub/FunkyFishGameRepository/FPS_Game/Content/Meshes/SM_EndRoom_Backwall.uasset" 2925
"C:/Users/codym/OneDrive/Documents/GitHub/FunkyFishGameRepository/FPS_Game/Content/Meshes/SM_EndRoom_Backwall.uexp" 2926
"C:/Users/codym/OneDrive/Documents/GitHub/FunkyFishGameRepository/FPS_Game/Content/Meshes/SM_EndRoom_Arch.ubulk" 2927
"C:/Users/codym/OneDrive/Documents/GitHub/FunkyFishGameRepository/FPS_Game/Content/Meshes/SM_EndRoom_Arch.uasset" 2928
"C:/Users/codym/OneDrive/Documents/GitHub/FunkyFishGameRepository/FPS_Game/Content/Meshes/SM_EndRoom_Arch.uexp" 2929
"C:/Users/codym/OneDrive/Documents/GitHub/FunkyFishGameRepository/FPS_Game/Content/Textures/T_CubicStoneFloor_BaseMat_ORM.ubulk" 2930
"C:/Users/codym/OneDrive/Documents/GitHub/FunkyFishGameRepository/FPS_Game/Content/Textures/T_CubicStoneFloor_BaseMat_ORM.uasset" 2931
"C:/Users/codym/OneDrive/Documents/GitHub/FunkyFishGameRepository/FPS_Game/Content/Textures/T_CubicStoneFloor_BaseMat_ORM.uexp" 2932
"C:/Users/codym/OneDrive/Documents/GitHub/FunkyFishGameRepository/FPS_Game/Content/Textures/T_CubicStoneFloor_BaseMat_Normal.ubulk" 2933
"C:/Users/codym/OneDrive/Documents/GitHub/FunkyFishGameRepository/FPS_Game/Content/Textures/T_CubicStoneFloor_BaseMat_Normal.uasset" 2934
"C:/Users/codym/OneDrive/Documents/GitHub/FunkyFishGameRepository/FPS_Game/Content/Textures/T_CubicStoneFloor_BaseMat_Normal.uexp" 2935
"C:/Users/codym/OneDrive/Documents/GitHub/FunkyFishGameRepository/FPS_Game/Content/Textures/T_CubicStoneFloor_BaseMat_Colour.ubulk" 2936
"C:/Users/codym/OneDrive/Documents/GitHub/FunkyFishGameRepository/FPS_Game/Content/Textures/T_CubicStoneFloor_BaseMat_Colour.uasset" 2937
"C:/Users/codym/OneDrive/Documents/GitHub/FunkyFishGameRepository/FPS_Game/Content/Textures/T_CubicStoneFloor_BaseMat_Colour.uexp" 2938
"C:/Users/codym/OneDrive/Documents/GitHub/FunkyFishGameRepository/FPS_Game/Content/Materials/M_CubicStoneFloor.uasset" 2939
"C:/Users/codym/OneDrive/Documents/GitHub/FunkyFishGameRepository/FPS_Game/Content/Materials/M_CubicStoneFloor.uexp" 2940
"C:/Users/codym/OneDrive/Documents/GitHub/FunkyFishGameRepository/FPS_Game/Content/Meshes/SM_CubicStoneFloor.ubulk" 2941
"C:/Users/codym/OneDrive/Documents/GitHub/FunkyFishGameRepository/FPS_Game/Content/Meshes/SM_CubicStoneFloor.uasset" 2942
"C:/Users/codym/OneDrive/Documents/GitHub/FunkyFishGameRepository/FPS_Game/Content/Meshes/SM_CubicStoneFloor.uexp" 2943
"C:/Users/codym/OneDrive/Documents/GitHub/FunkyFishGameRepository/FPS_Game/Content/Textures/T_EndRoom_OpusWall_Var2_ORM.ubulk" 2944
"C:/Users/codym/OneDrive/Documents/GitHub/FunkyFishGameRepository/FPS_Game/Content/Textures/T_EndRoom_OpusWall_Var2_ORM.uasset" 2945
"C:/Users/codym/OneDrive/Documents/GitHub/FunkyFishGameRepository/FPS_Game/Content/Textures/T_EndRoom_OpusWall_Var2_ORM.uexp" 2946
"C:/Users/codym/OneDrive/Documents/GitHub/FunkyFishGameRepository/FPS_Game/Content/Textures/T_EndRoom_OpusWall_Var2_Normal.ubulk" 2947
"C:/Users/codym/OneDrive/Documents/GitHub/FunkyFishGameRepository/FPS_Game/Content/Textures/T_EndRoom_OpusWall_Var2_Normal.uasset" 2948
"C:/Users/codym/OneDrive/Documents/GitHub/FunkyFishGameRepository/FPS_Game/Content/Textures/T_EndRoom_OpusWall_Var2_Normal.uexp" 2949
"C:/Users/codym/OneDrive/Documents/GitHub/FunkyFishGameRepository/FPS_Game/Content/Textures/T_EndRoom_OpusWall_Var2_Colour.ubulk" 2950
"C:/Users/codym/OneDrive/Documents/GitHub/FunkyFishGameRepository/FPS_Game/Content/Textures/T_EndRoom_OpusWall_Var2_Colour.uasset" 2951
"C:/Users/codym/OneDrive/Documents/GitHub/FunkyFishGameRepository/FPS_Game/Content/Textures/T_EndRoom_OpusWall_Var2_Colour.uexp" 2952
"C:/Users/codym/OneDrive/Documents/GitHub/FunkyFishGameRepository/FPS_Game/Content/Materials/M_EndRoom_OpusWallVar2.uasset" 2953
"C:/Users/codym/OneDrive/Documents/GitHub/FunkyFishGameRepository/FPS_Game/Content/Materials/M_EndRoom_OpusWallVar2.uexp" 2954
"C:/Users/codym/OneDrive/Documents/GitHub/FunkyFishGameRepository/FPS_Game/Content/Blueprints/Particles/PS_EndRoomHanging.uasset" 2955
"C:/Users/codym/OneDrive/Documents/GitHub/FunkyFishGameRepository/FPS_Game/Content/Blueprints/Particles/PS_EndRoomHanging.uexp" 2956
"C:/Users/codym/OneDrive/Documents/GitHub/FunkyFishGameRepository/FPS_Game/Content/Textures/T_OpusDoor_DoorR_ORM.ubulk" 2957
"C:/Users/codym/OneDrive/Documents/GitHub/FunkyFishGameRepository/FPS_Game/Content/Textures/T_OpusDoor_DoorR_ORM.uasset" 2958
"C:/Users/codym/OneDrive/Documents/GitHub/FunkyFishGameRepository/FPS_Game/Content/Textures/T_OpusDoor_DoorR_ORM.uexp" 2959
"C:/Users/codym/OneDrive/Documents/GitHub/FunkyFishGameRepository/FPS_Game/Content/Textures/T_OpusDoor_DoorR_Normal.ubulk" 2960
"C:/Users/codym/OneDrive/Documents/GitHub/FunkyFishGameRepository/FPS_Game/Content/Textures/T_OpusDoor_DoorR_Normal.uasset" 2961
"C:/Users/codym/OneDrive/Documents/GitHub/FunkyFishGameRepository/FPS_Game/Content/Textures/T_OpusDoor_DoorR_Normal.uexp" 2962
"C:/Users/codym/OneDrive/Documents/GitHub/FunkyFishGameRepository/FPS_Game/Content/Textures/T_OpusDoor_DoorR_Colour.ubulk" 2963
"C:/Users/codym/OneDrive/Documents/GitHub/FunkyFishGameRepository/FPS_Game/Content/Textures/T_OpusDoor_DoorR_Colour.uasset" 2964
"C:/Users/codym/OneDrive/Documents/GitHub/FunkyFishGameRepository/FPS_Game/Content/Textures/T_OpusDoor_DoorR_Colour.uexp" 2965
"C:/Users/codym/OneDrive/Documents/GitHub/FunkyFishGameRepository/FPS_Game/Content/Materials/M_OpusDoor_DoorR.uasset" 2966
"C:/Users/codym/OneDrive/Documents/GitHub/FunkyFishGameRepository/FPS_Game/Content/Materials/M_OpusDoor_DoorR.uexp" 2967
"C:/Users/codym/OneDrive/Documents/GitHub/FunkyFishGameRepository/FPS_Game/Content/Meshes/SM_OpusDoorR.ubulk" 2968
"C:/Users/codym/OneDrive/Documents/GitHub/FunkyFishGameRepository/FPS_Game/Content/Meshes/SM_OpusDoorR.uasset" 2969
"C:/Users/codym/OneDrive/Documents/GitHub/FunkyFishGameRepository/FPS_Game/Content/Meshes/SM_OpusDoorR.uexp" 2970
"C:/Users/codym/OneDrive/Documents/GitHub/FunkyFishGameRepository/FPS_Game/Content/Textures/T_OpusDoor_DoorL_ORM.ubulk" 2971
"C:/Users/codym/OneDrive/Documents/GitHub/FunkyFishGameRepository/FPS_Game/Content/Textures/T_OpusDoor_DoorL_ORM.uasset" 2972
"C:/Users/codym/OneDrive/Documents/GitHub/FunkyFishGameRepository/FPS_Game/Content/Textures/T_OpusDoor_DoorL_ORM.uexp" 2973
"C:/Users/codym/OneDrive/Documents/GitHub/FunkyFishGameRepository/FPS_Game/Content/Textures/T_OpusDoor_DoorL_Normal.ubulk" 2974
"C:/Users/codym/OneDrive/Documents/GitHub/FunkyFishGameRepository/FPS_Game/Content/Textures/T_OpusDoor_DoorL_Normal.uasset" 2975
"C:/Users/codym/OneDrive/Documents/GitHub/FunkyFishGameRepository/FPS_Game/Content/Textures/T_OpusDoor_DoorL_Normal.uexp" 2976
"C:/Users/codym/OneDrive/Documents/GitHub/FunkyFishGameRepository/FPS_Game/Content/Textures/T_OpusDoor_DoorL_Colour.ubulk" 2977
"C:/Users/codym/OneDrive/Documents/GitHub/FunkyFishGameRepository/FPS_Game/Content/Textures/T_OpusDoor_DoorL_Colour.uasset" 2978
"C:/Users/codym/OneDrive/Documents/GitHub/FunkyFishGameRepository/FPS_Game/Content/Textures/T_OpusDoor_DoorL_Colour.uexp" 2979
"C:/Users/codym/OneDrive/Documents/GitHub/FunkyFishGameRepository/FPS_Game/Content/Materials/M_OpusDoor_DoorL.uasset" 2980
"C:/Users/codym/OneDrive/Documents/GitHub/FunkyFishGameRepository/FPS_Game/Content/Materials/M_OpusDoor_DoorL.uexp" 2981
"C:/Users/codym/OneDrive/Documents/GitHub/FunkyFishGameRepository/FPS_Game/Content/Meshes/SM_OpusDoorL.ubulk" 2982
"C:/Users/codym/OneDrive/Documents/GitHub/FunkyFishGameRepository/FPS_Game/Content/Meshes/SM_OpusDoorL.uasset" 2983
"C:/Users/codym/OneDrive/Documents/GitHub/FunkyFishGameRepository/FPS_Game/Content/Meshes/SM_OpusDoorL.uexp" 2984
"C:/Users/codym/OneDrive/Documents/GitHub/FunkyFishGameRepository/FPS_Game/Content/Materials/M_DynamicColourMat.uasset" 2985
"C:/Users/codym/OneDrive/Documents/GitHub/FunkyFishGameRepository/FPS_Game/Content/Materials/M_DynamicColourMat.uexp" 2986
"C:/Users/codym/OneDrive/Documents/GitHub/FunkyFishGameRepository/FPS_Game/Content/Textures/T_EyeForDoor_DoorR_ORM.ubulk" 2987
"C:/Users/codym/OneDrive/Documents/GitHub/FunkyFishGameRepository/FPS_Game/Content/Textures/T_EyeForDoor_DoorR_ORM.uasset" 2988
"C:/Users/codym/OneDrive/Documents/GitHub/FunkyFishGameRepository/FPS_Game/Content/Textures/T_EyeForDoor_DoorR_ORM.uexp" 2989
"C:/Users/codym/OneDrive/Documents/GitHub/FunkyFishGameRepository/FPS_Game/Content/Textures/T_EyeForDoor_DoorR_Normal.ubulk" 2990
"C:/Users/codym/OneDrive/Documents/GitHub/FunkyFishGameRepository/FPS_Game/Content/Textures/T_EyeForDoor_DoorR_Normal.uasset" 2991
"C:/Users/codym/OneDrive/Documents/GitHub/FunkyFishGameRepository/FPS_Game/Content/Textures/T_EyeForDoor_DoorR_Normal.uexp" 2992
"C:/Users/codym/OneDrive/Documents/GitHub/FunkyFishGameRepository/FPS_Game/Content/Textures/T_EyeForDoor_DoorR_Colour.ubulk" 2993
"C:/Users/codym/OneDrive/Documents/GitHub/FunkyFishGameRepository/FPS_Game/Content/Textures/T_EyeForDoor_DoorR_Colour.uasset" 2994
"C:/Users/codym/OneDrive/Documents/GitHub/FunkyFishGameRepository/FPS_Game/Content/Textures/T_EyeForDoor_DoorR_Colour.uexp" 2995
"C:/Users/codym/OneDrive/Documents/GitHub/FunkyFishGameRepository/FPS_Game/Content/Materials/M_OpusDoor_Eye.uasset" 2996
"C:/Users/codym/OneDrive/Documents/GitHub/FunkyFishGameRepository/FPS_Game/Content/Materials/M_OpusDoor_Eye.uexp" 2997
"C:/Users/codym/OneDrive/Documents/GitHub/FunkyFishGameRepository/FPS_Game/Content/Meshes/SM_OpusDoorEye.ubulk" 2998
"C:/Users/codym/OneDrive/Documents/GitHub/FunkyFishGameRepository/FPS_Game/Content/Meshes/SM_OpusDoorEye.uasset" 2999
"C:/Users/codym/OneDrive/Documents/GitHub/FunkyFishGameRepository/FPS_Game/Content/Meshes/SM_OpusDoorEye.uexp" 3000
"C:/Users/codym/OneDrive/Documents/GitHub/FunkyFishGameRepository/FPS_Game/Content/Blueprints/FrameWork/CameraShakes/BP_SmallLoopingShake.uasset" 3001
"C:/Users/codym/OneDrive/Documents/GitHub/FunkyFishGameRepository/FPS_Game/Content/Blueprints/FrameWork/CameraShakes/BP_SmallLoopingShake.uexp" 3002
"C:/Users/codym/OneDrive/Documents/GitHub/FunkyFishGameRepository/FPS_Game/Content/Blueprints/Actors/BP_OpusDoor.uasset" 3003
"C:/Users/codym/OneDrive/Documents/GitHub/FunkyFishGameRepository/FPS_Game/Content/Blueprints/Actors/BP_OpusDoor.uexp" 3004
"C:/Users/codym/OneDrive/Documents/GitHub/FunkyFishGameRepository/FPS_Game/Content/Meshes/SM_RoundStone.ubulk" 3005
"C:/Users/codym/OneDrive/Documents/GitHub/FunkyFishGameRepository/FPS_Game/Content/Meshes/SM_RoundStone.uasset" 3006
"C:/Users/codym/OneDrive/Documents/GitHub/FunkyFishGameRepository/FPS_Game/Content/Meshes/SM_RoundStone.uexp" 3007
"C:/Users/codym/OneDrive/Documents/GitHub/FunkyFishGameRepository/FPS_Game/Content/Materials/M_GoldTransmutation.uasset" 3008
"C:/Users/codym/OneDrive/Documents/GitHub/FunkyFishGameRepository/FPS_Game/Content/Materials/M_GoldTransmutation.uexp" 3009
"C:/Users/codym/OneDrive/Documents/GitHub/FunkyFishGameRepository/FPS_Game/Content/Blueprints/Particles/PS_GlowTrans.uasset" 3010
"C:/Users/codym/OneDrive/Documents/GitHub/FunkyFishGameRepository/FPS_Game/Content/Blueprints/Particles/PS_GlowTrans.uexp" 3011
"C:/Users/codym/OneDrive/Documents/GitHub/FunkyFishGameRepository/FPS_Game/Content/Blueprints/Actors/BP_MetalEndRoom.uasset" 3012
"C:/Users/codym/OneDrive/Documents/GitHub/FunkyFishGameRepository/FPS_Game/Content/Blueprints/Actors/BP_MetalEndRoom.uexp" 3013
"C:/Users/codym/OneDrive/Documents/GitHub/FunkyFishGameRepository/FPS_Game/Content/Blueprints/Actors/BP_EndRoom_MetalSpawner.uasset" 3014
"C:/Users/codym/OneDrive/Documents/GitHub/FunkyFishGameRepository/FPS_Game/Content/Blueprints/Actors/BP_EndRoom_MetalSpawner.uexp" 3015
"C:/Users/codym/OneDrive/Documents/GitHub/FunkyFishGameRepository/FPS_Game/Content/Textures/TriTilingMap.uasset" 3016
"C:/Users/codym/OneDrive/Documents/GitHub/FunkyFishGameRepository/FPS_Game/Content/Textures/TriTilingMap.uexp" 3017
"C:/Users/codym/OneDrive/Documents/GitHub/FunkyFishGameRepository/FPS_Game/Content/Materials/M_MagnumOpus.uasset" 3018
"C:/Users/codym/OneDrive/Documents/GitHub/FunkyFishGameRepository/FPS_Game/Content/Materials/M_MagnumOpus.uexp" 3019
"C:/Users/codym/OneDrive/Documents/GitHub/FunkyFishGameRepository/FPS_Game/Content/Meshes/SM_MagnumOpus.ubulk" 3020
"C:/Users/codym/OneDrive/Documents/GitHub/FunkyFishGameRepository/FPS_Game/Content/Meshes/SM_MagnumOpus.uasset" 3021
"C:/Users/codym/OneDrive/Documents/GitHub/FunkyFishGameRepository/FPS_Game/Content/Meshes/SM_MagnumOpus.uexp" 3022
"C:/Users/codym/OneDrive/Documents/GitHub/FunkyFishGameRepository/FPS_Game/Content/Textures/Glow.ubulk" 3023
"C:/Users/codym/OneDrive/Documents/GitHub/FunkyFishGameRepository/FPS_Game/Content/Textures/Glow.uasset" 3024
"C:/Users/codym/OneDrive/Documents/GitHub/FunkyFishGameRepository/FPS_Game/Content/Textures/Glow.uexp" 3025
"C:/Users/codym/OneDrive/Documents/GitHub/FunkyFishGameRepository/FPS_Game/Content/Materials/M_GlowRing.uasset" 3026
"C:/Users/codym/OneDrive/Documents/GitHub/FunkyFishGameRepository/FPS_Game/Content/Materials/M_GlowRing.uexp" 3027
"C:/Users/codym/OneDrive/Documents/GitHub/FunkyFishGameRepository/FPS_Game/Content/Blueprints/Particles/PS_OpusGlow.uasset" 3028
"C:/Users/codym/OneDrive/Documents/GitHub/FunkyFishGameRepository/FPS_Game/Content/Blueprints/Particles/PS_OpusGlow.uexp" 3029
"C:/Users/codym/OneDrive/Documents/GitHub/FunkyFishGameRepository/FPS_Game/Content/Blueprints/Actors/Interactables/BP_MagnumOpus.uasset" 3030
"C:/Users/codym/OneDrive/Documents/GitHub/FunkyFishGameRepository/FPS_Game/Content/Blueprints/Actors/Interactables/BP_MagnumOpus.uexp" 3031
"C:/Users/codym/OneDrive/Documents/GitHub/FunkyFishGameRepository/FPS_Game/Content/Levels/_SeparatedLevelRooms/EndRoom_1.uexp" 3032
"C:/Users/codym/OneDrive/Documents/GitHub/FunkyFishGameRepository/FPS_Game/Content/Levels/_SeparatedLevelRooms/EndRoom_1.umap" 3033
"C:/Users/codym/OneDrive/Documents/GitHub/FunkyFishGameRepository/FPS_Game/Content/Textures/T_StoneDebris_ORM.ubulk" 3034
"C:/Users/codym/OneDrive/Documents/GitHub/FunkyFishGameRepository/FPS_Game/Content/Textures/T_StoneDebris_ORM.uasset" 3035
"C:/Users/codym/OneDrive/Documents/GitHub/FunkyFishGameRepository/FPS_Game/Content/Textures/T_StoneDebris_ORM.uexp" 3036
"C:/Users/codym/OneDrive/Documents/GitHub/FunkyFishGameRepository/FPS_Game/Content/Textures/T_StoneDebris_Normal.ubulk" 3037
"C:/Users/codym/OneDrive/Documents/GitHub/FunkyFishGameRepository/FPS_Game/Content/Textures/T_StoneDebris_Normal.uasset" 3038
"C:/Users/codym/OneDrive/Documents/GitHub/FunkyFishGameRepository/FPS_Game/Content/Textures/T_StoneDebris_Normal.uexp" 3039
"C:/Users/codym/OneDrive/Documents/GitHub/FunkyFishGameRepository/FPS_Game/Content/Textures/T_StoneDebris_Colour.ubulk" 3040
"C:/Users/codym/OneDrive/Documents/GitHub/FunkyFishGameRepository/FPS_Game/Content/Textures/T_StoneDebris_Colour.uasset" 3041
"C:/Users/codym/OneDrive/Documents/GitHub/FunkyFishGameRepository/FPS_Game/Content/Textures/T_StoneDebris_Colour.uexp" 3042
"C:/Users/codym/OneDrive/Documents/GitHub/FunkyFishGameRepository/FPS_Game/Content/Materials/M_Stone_Debris.uasset" 3043
"C:/Users/codym/OneDrive/Documents/GitHub/FunkyFishGameRepository/FPS_Game/Content/Materials/M_Stone_Debris.uexp" 3044
"C:/Users/codym/OneDrive/Documents/GitHub/FunkyFishGameRepository/FPS_Game/Content/Meshes/SM_Stone_Debre.ubulk" 3045
"C:/Users/codym/OneDrive/Documents/GitHub/FunkyFishGameRepository/FPS_Game/Content/Meshes/SM_Stone_Debre.uasset" 3046
"C:/Users/codym/OneDrive/Documents/GitHub/FunkyFishGameRepository/FPS_Game/Content/Meshes/SM_Stone_Debre.uexp" 3047
"C:/Users/codym/OneDrive/Documents/GitHub/FunkyFishGameRepository/FPS_Game/Content/Textures/T_StylizedLava7.ubulk" 3048
"C:/Users/codym/OneDrive/Documents/GitHub/FunkyFishGameRepository/FPS_Game/Content/Textures/T_StylizedLava7.uasset" 3049
"C:/Users/codym/OneDrive/Documents/GitHub/FunkyFishGameRepository/FPS_Game/Content/Textures/T_StylizedLava7.uexp" 3050
"C:/Users/codym/OneDrive/Documents/GitHub/FunkyFishGameRepository/FPS_Game/Content/Textures/T_StylizedLava6.ubulk" 3051
"C:/Users/codym/OneDrive/Documents/GitHub/FunkyFishGameRepository/FPS_Game/Content/Textures/T_StylizedLava6.uasset" 3052
"C:/Users/codym/OneDrive/Documents/GitHub/FunkyFishGameRepository/FPS_Game/Content/Textures/T_StylizedLava6.uexp" 3053
"C:/Users/codym/OneDrive/Documents/GitHub/FunkyFishGameRepository/FPS_Game/Content/Textures/T_StylizedLava5.ubulk" 3054
"C:/Users/codym/OneDrive/Documents/GitHub/FunkyFishGameRepository/FPS_Game/Content/Textures/T_StylizedLava5.uasset" 3055
"C:/Users/codym/OneDrive/Documents/GitHub/FunkyFishGameRepository/FPS_Game/Content/Textures/T_StylizedLava5.uexp" 3056
"C:/Users/codym/OneDrive/Documents/GitHub/FunkyFishGameRepository/FPS_Game/Content/Textures/T_StylizedLava4.ubulk" 3057
"C:/Users/codym/OneDrive/Documents/GitHub/FunkyFishGameRepository/FPS_Game/Content/Textures/T_StylizedLava4.uasset" 3058
"C:/Users/codym/OneDrive/Documents/GitHub/FunkyFishGameRepository/FPS_Game/Content/Textures/T_StylizedLava4.uexp" 3059
"C:/Users/codym/OneDrive/Documents/GitHub/FunkyFishGameRepository/FPS_Game/Content/Textures/T_StylizedLava1.ubulk" 3060
"C:/Users/codym/OneDrive/Documents/GitHub/FunkyFishGameRepository/FPS_Game/Content/Textures/T_StylizedLava1.uasset" 3061
"C:/Users/codym/OneDrive/Documents/GitHub/FunkyFishGameRepository/FPS_Game/Content/Textures/T_StylizedLava1.uexp" 3062
"C:/Users/codym/OneDrive/Documents/GitHub/FunkyFishGameRepository/FPS_Game/Content/Materials/M_Lava_2.uasset" 3063
"C:/Users/codym/OneDrive/Documents/GitHub/FunkyFishGameRepository/FPS_Game/Content/Materials/M_Lava_2.uexp" 3064
"C:/Users/codym/OneDrive/Documents/GitHub/FunkyFishGameRepository/FPS_Game/Content/Meshes/SM_Lava_Debre.ubulk" 3065
"C:/Users/codym/OneDrive/Documents/GitHub/FunkyFishGameRepository/FPS_Game/Content/Meshes/SM_Lava_Debre.uasset" 3066
"C:/Users/codym/OneDrive/Documents/GitHub/FunkyFishGameRepository/FPS_Game/Content/Meshes/SM_Lava_Debre.uexp" 3067
"../../../Engine/Content/MapTemplates/SM_Template_Map_Floor.ubulk" 3068
"../../../Engine/Content/MapTemplates/SM_Template_Map_Floor.uasset" 3069
"../../../Engine/Content/MapTemplates/SM_Template_Map_Floor.uexp" 3070
"../../../Engine/Content/EngineMaterials/BlendFunc_DefBlend.uasset" 3071
"../../../Engine/Content/EngineMaterials/BlendFunc_DefBlend.uexp" 3072
"../../../Engine/Content/EngineMaterials/BlendFunc_DefBase.uasset" 3073
"../../../Engine/Content/EngineMaterials/BlendFunc_DefBase.uexp" 3074
"../../../Engine/Content/Functions/Engine_MaterialFunctions03/Blends/Blend_Overlay.uasset" 3075
"../../../Engine/Content/Functions/Engine_MaterialFunctions03/Blends/Blend_Overlay.uexp" 3076
"../../../Engine/Content/OpenWorldTemplate/LandscapeMaterial/T_GridChecker_A.ubulk" 3077
"../../../Engine/Content/OpenWorldTemplate/LandscapeMaterial/T_GridChecker_A.uasset" 3078
"../../../Engine/Content/OpenWorldTemplate/LandscapeMaterial/T_GridChecker_A.uexp" 3079
"../../../Engine/Content/OpenWorldTemplate/LandscapeMaterial/MF_ProcGrid.uasset" 3080
"../../../Engine/Content/OpenWorldTemplate/LandscapeMaterial/MF_ProcGrid.uexp" 3081
"../../../Engine/Content/OpenWorldTemplate/LandscapeMaterial/M_ProcGrid.uasset" 3082
"../../../Engine/Content/OpenWorldTemplate/LandscapeMaterial/M_ProcGrid.uexp" 3083
"../../../Engine/Content/OpenWorldTemplate/LandscapeMaterial/MI_ProcGrid.uasset" 3084
"../../../Engine/Content/OpenWorldTemplate/LandscapeMaterial/MI_ProcGrid.uexp" 3085
"C:/Users/codym/OneDrive/Documents/GitHub/FunkyFishGameRepository/FPS_Game/Content/Blueprints/FrameWork/VariableAssets/Enum_GoopColour.uasset" 3086
"C:/Users/codym/OneDrive/Documents/GitHub/FunkyFishGameRepository/FPS_Game/Content/Blueprints/FrameWork/VariableAssets/Enum_GoopColour.uexp" 3087
"C:/Users/codym/OneDrive/Documents/GitHub/FunkyFishGameRepository/FPS_Game/Content/Blueprints/Actors/BP_SlimeBouncepad.uasset" 3088
"C:/Users/codym/OneDrive/Documents/GitHub/FunkyFishGameRepository/FPS_Game/Content/Blueprints/Actors/BP_SlimeBouncepad.uexp" 3089
"C:/Users/codym/OneDrive/Documents/GitHub/FunkyFishGameRepository/FPS_Game/Content/Blueprints/Actors/Enemies/EnemyMisc/BP_EnemySpawnPoint.uasset" 3090
"C:/Users/codym/OneDrive/Documents/GitHub/FunkyFishGameRepository/FPS_Game/Content/Blueprints/Actors/Enemies/EnemyMisc/BP_EnemySpawnPoint.uexp" 3091
"C:/Users/codym/OneDrive/Documents/GitHub/FunkyFishGameRepository/FPS_Game/Content/Levels/_SeparatedLevelRooms/CombatRoom_6.uexp" 3092
"C:/Users/codym/OneDrive/Documents/GitHub/FunkyFishGameRepository/FPS_Game/Content/Levels/_SeparatedLevelRooms/CombatRoom_6.umap" 3093
"../../../Engine/Content/BasicShapes/BasicShapeMaterial.uasset" 3094
"../../../Engine/Content/BasicShapes/BasicShapeMaterial.uexp" 3095
"C:/Users/codym/OneDrive/Documents/GitHub/FunkyFishGameRepository/FPS_Game/Content/Levels/_SeparatedLevelRooms/CombatRoom_5.uexp" 3096
"C:/Users/codym/OneDrive/Documents/GitHub/FunkyFishGameRepository/FPS_Game/Content/Levels/_SeparatedLevelRooms/CombatRoom_5.umap" 3097
"C:/Users/codym/OneDrive/Documents/GitHub/FunkyFishGameRepository/FPS_Game/Content/Textures/T_CrystalVibrant_ORM.ubulk" 3098
"C:/Users/codym/OneDrive/Documents/GitHub/FunkyFishGameRepository/FPS_Game/Content/Textures/T_CrystalVibrant_ORM.uasset" 3099
"C:/Users/codym/OneDrive/Documents/GitHub/FunkyFishGameRepository/FPS_Game/Content/Textures/T_CrystalVibrant_ORM.uexp" 3100
"C:/Users/codym/OneDrive/Documents/GitHub/FunkyFishGameRepository/FPS_Game/Content/Textures/T_CrystalVibrant_Normal.ubulk" 3101
"C:/Users/codym/OneDrive/Documents/GitHub/FunkyFishGameRepository/FPS_Game/Content/Textures/T_CrystalVibrant_Normal.uasset" 3102
"C:/Users/codym/OneDrive/Documents/GitHub/FunkyFishGameRepository/FPS_Game/Content/Textures/T_CrystalVibrant_Normal.uexp" 3103
"C:/Users/codym/OneDrive/Documents/GitHub/FunkyFishGameRepository/FPS_Game/Content/Textures/T_CrystalVibrant_Colour.ubulk" 3104
"C:/Users/codym/OneDrive/Documents/GitHub/FunkyFishGameRepository/FPS_Game/Content/Textures/T_CrystalVibrant_Colour.uasset" 3105
"C:/Users/codym/OneDrive/Documents/GitHub/FunkyFishGameRepository/FPS_Game/Content/Textures/T_CrystalVibrant_Colour.uexp" 3106
"C:/Users/codym/OneDrive/Documents/GitHub/FunkyFishGameRepository/FPS_Game/Content/Materials/M_Vibrant_Cyrstal.uasset" 3107
"C:/Users/codym/OneDrive/Documents/GitHub/FunkyFishGameRepository/FPS_Game/Content/Materials/M_Vibrant_Cyrstal.uexp" 3108
"C:/Users/codym/OneDrive/Documents/GitHub/FunkyFishGameRepository/FPS_Game/Content/Meshes/SM_Vibrant_Crystal.ubulk" 3109
"C:/Users/codym/OneDrive/Documents/GitHub/FunkyFishGameRepository/FPS_Game/Content/Meshes/SM_Vibrant_Crystal.uasset" 3110
"C:/Users/codym/OneDrive/Documents/GitHub/FunkyFishGameRepository/FPS_Game/Content/Meshes/SM_Vibrant_Crystal.uexp" 3111
"C:/Users/codym/OneDrive/Documents/GitHub/FunkyFishGameRepository/FPS_Game/Content/Levels/_SeparatedLevelRooms/CombatRoom_4.uexp" 3112
"C:/Users/codym/OneDrive/Documents/GitHub/FunkyFishGameRepository/FPS_Game/Content/Levels/_SeparatedLevelRooms/CombatRoom_4.umap" 3113
"C:/Users/codym/OneDrive/Documents/GitHub/FunkyFishGameRepository/FPS_Game/Content/Textures/T_Slime_ORM.ubulk" 3114
"C:/Users/codym/OneDrive/Documents/GitHub/FunkyFishGameRepository/FPS_Game/Content/Textures/T_Slime_ORM.uasset" 3115
"C:/Users/codym/OneDrive/Documents/GitHub/FunkyFishGameRepository/FPS_Game/Content/Textures/T_Slime_ORM.uexp" 3116
"C:/Users/codym/OneDrive/Documents/GitHub/FunkyFishGameRepository/FPS_Game/Content/Textures/T_Slime_Normal.ubulk" 3117
"C:/Users/codym/OneDrive/Documents/GitHub/FunkyFishGameRepository/FPS_Game/Content/Textures/T_Slime_Normal.uasset" 3118
"C:/Users/codym/OneDrive/Documents/GitHub/FunkyFishGameRepository/FPS_Game/Content/Textures/T_Slime_Normal.uexp" 3119
"C:/Users/codym/OneDrive/Documents/GitHub/FunkyFishGameRepository/FPS_Game/Content/Textures/T_Slime_Emissive.ubulk" 3120
"C:/Users/codym/OneDrive/Documents/GitHub/FunkyFishGameRepository/FPS_Game/Content/Textures/T_Slime_Emissive.uasset" 3121
"C:/Users/codym/OneDrive/Documents/GitHub/FunkyFishGameRepository/FPS_Game/Content/Textures/T_Slime_Emissive.uexp" 3122
"C:/Users/codym/OneDrive/Documents/GitHub/FunkyFishGameRepository/FPS_Game/Content/Textures/T_Slime_Colour.ubulk" 3123
"C:/Users/codym/OneDrive/Documents/GitHub/FunkyFishGameRepository/FPS_Game/Content/Textures/T_Slime_Colour.uasset" 3124
"C:/Users/codym/OneDrive/Documents/GitHub/FunkyFishGameRepository/FPS_Game/Content/Textures/T_Slime_Colour.uexp" 3125
"C:/Users/codym/OneDrive/Documents/GitHub/FunkyFishGameRepository/FPS_Game/Content/Materials/M_Slime_green.uasset" 3126
"C:/Users/codym/OneDrive/Documents/GitHub/FunkyFishGameRepository/FPS_Game/Content/Materials/M_Slime_green.uexp" 3127
"C:/Users/codym/OneDrive/Documents/GitHub/FunkyFishGameRepository/FPS_Game/Content/Materials/M_GlassNoGlow.uasset" 3128
"C:/Users/codym/OneDrive/Documents/GitHub/FunkyFishGameRepository/FPS_Game/Content/Materials/M_GlassNoGlow.uexp" 3129
"C:/Users/codym/OneDrive/Documents/GitHub/FunkyFishGameRepository/FPS_Game/Content/Levels/_SeparatedLevelRooms/CombatRoom_3.uexp" 3130
"C:/Users/codym/OneDrive/Documents/GitHub/FunkyFishGameRepository/FPS_Game/Content/Levels/_SeparatedLevelRooms/CombatRoom_3.umap" 3131
"C:/Users/codym/OneDrive/Documents/GitHub/FunkyFishGameRepository/FPS_Game/Content/Textures/T_Door_Mesh_Updated_WoodenDoor_OcclusionRoughnessMetallic.ubulk" 3132
"C:/Users/codym/OneDrive/Documents/GitHub/FunkyFishGameRepository/FPS_Game/Content/Textures/T_Door_Mesh_Updated_WoodenDoor_OcclusionRoughnessMetallic.uasset" 3133
"C:/Users/codym/OneDrive/Documents/GitHub/FunkyFishGameRepository/FPS_Game/Content/Textures/T_Door_Mesh_Updated_WoodenDoor_OcclusionRoughnessMetallic.uexp" 3134
"C:/Users/codym/OneDrive/Documents/GitHub/FunkyFishGameRepository/FPS_Game/Content/Textures/T_Door_Mesh_Updated_WoodenDoor_Normal.ubulk" 3135
"C:/Users/codym/OneDrive/Documents/GitHub/FunkyFishGameRepository/FPS_Game/Content/Textures/T_Door_Mesh_Updated_WoodenDoor_Normal.uasset" 3136
"C:/Users/codym/OneDrive/Documents/GitHub/FunkyFishGameRepository/FPS_Game/Content/Textures/T_Door_Mesh_Updated_WoodenDoor_Normal.uexp" 3137
"C:/Users/codym/OneDrive/Documents/GitHub/FunkyFishGameRepository/FPS_Game/Content/Textures/T_Door_Mesh_Updated_WoodenDoor_BaseColor.ubulk" 3138
"C:/Users/codym/OneDrive/Documents/GitHub/FunkyFishGameRepository/FPS_Game/Content/Textures/T_Door_Mesh_Updated_WoodenDoor_BaseColor.uasset" 3139
"C:/Users/codym/OneDrive/Documents/GitHub/FunkyFishGameRepository/FPS_Game/Content/Textures/T_Door_Mesh_Updated_WoodenDoor_BaseColor.uexp" 3140
"C:/Users/codym/OneDrive/Documents/GitHub/FunkyFishGameRepository/FPS_Game/Content/Materials/M_Updated_Door.uasset" 3141
"C:/Users/codym/OneDrive/Documents/GitHub/FunkyFishGameRepository/FPS_Game/Content/Materials/M_Updated_Door.uexp" 3142
"C:/Users/codym/OneDrive/Documents/GitHub/FunkyFishGameRepository/FPS_Game/Content/Meshes/Sm_DoorMesh.ubulk" 3143
"C:/Users/codym/OneDrive/Documents/GitHub/FunkyFishGameRepository/FPS_Game/Content/Meshes/Sm_DoorMesh.uasset" 3144
"C:/Users/codym/OneDrive/Documents/GitHub/FunkyFishGameRepository/FPS_Game/Content/Meshes/Sm_DoorMesh.uexp" 3145
"C:/Users/codym/OneDrive/Documents/GitHub/FunkyFishGameRepository/FPS_Game/Content/Levels/_SeparatedLevelRooms/CombatRoom_2.uexp" 3146
"C:/Users/codym/OneDrive/Documents/GitHub/FunkyFishGameRepository/FPS_Game/Content/Levels/_SeparatedLevelRooms/CombatRoom_2.umap" 3147
"C:/Users/codym/OneDrive/Documents/GitHub/FunkyFishGameRepository/FPS_Game/Content/Textures/T_DarkStoneDebris_ORM.ubulk" 3148
"C:/Users/codym/OneDrive/Documents/GitHub/FunkyFishGameRepository/FPS_Game/Content/Textures/T_DarkStoneDebris_ORM.uasset" 3149
"C:/Users/codym/OneDrive/Documents/GitHub/FunkyFishGameRepository/FPS_Game/Content/Textures/T_DarkStoneDebris_ORM.uexp" 3150
"C:/Users/codym/OneDrive/Documents/GitHub/FunkyFishGameRepository/FPS_Game/Content/Textures/T_DarkStoneDebris_Normal.ubulk" 3151
"C:/Users/codym/OneDrive/Documents/GitHub/FunkyFishGameRepository/FPS_Game/Content/Textures/T_DarkStoneDebris_Normal.uasset" 3152
"C:/Users/codym/OneDrive/Documents/GitHub/FunkyFishGameRepository/FPS_Game/Content/Textures/T_DarkStoneDebris_Normal.uexp" 3153
"C:/Users/codym/OneDrive/Documents/GitHub/FunkyFishGameRepository/FPS_Game/Content/Textures/T_DarkStoneDebris_Colour.ubulk" 3154
"C:/Users/codym/OneDrive/Documents/GitHub/FunkyFishGameRepository/FPS_Game/Content/Textures/T_DarkStoneDebris_Colour.uasset" 3155
"C:/Users/codym/OneDrive/Documents/GitHub/FunkyFishGameRepository/FPS_Game/Content/Textures/T_DarkStoneDebris_Colour.uexp" 3156
"C:/Users/codym/OneDrive/Documents/GitHub/FunkyFishGameRepository/FPS_Game/Content/Materials/M_Dark_Stone_Debre.uasset" 3157
"C:/Users/codym/OneDrive/Documents/GitHub/FunkyFishGameRepository/FPS_Game/Content/Materials/M_Dark_Stone_Debre.uexp" 3158
"C:/Users/codym/OneDrive/Documents/GitHub/FunkyFishGameRepository/FPS_Game/Content/Meshes/SM_Dark_Stone_Debre.ubulk" 3159
"C:/Users/codym/OneDrive/Documents/GitHub/FunkyFishGameRepository/FPS_Game/Content/Meshes/SM_Dark_Stone_Debre.uasset" 3160
"C:/Users/codym/OneDrive/Documents/GitHub/FunkyFishGameRepository/FPS_Game/Content/Meshes/SM_Dark_Stone_Debre.uexp" 3161
"C:/Users/codym/OneDrive/Documents/GitHub/FunkyFishGameRepository/FPS_Game/Content/Meshes/SM_Book.ubulk" 3162
"C:/Users/codym/OneDrive/Documents/GitHub/FunkyFishGameRepository/FPS_Game/Content/Meshes/SM_Book.uasset" 3163
"C:/Users/codym/OneDrive/Documents/GitHub/FunkyFishGameRepository/FPS_Game/Content/Meshes/SM_Book.uexp" 3164
"C:/Users/codym/OneDrive/Documents/GitHub/FunkyFishGameRepository/FPS_Game/Content/Textures/T_Book_Setting_Book_OcclusionRoughnessMetallic.ubulk" 3165
"C:/Users/codym/OneDrive/Documents/GitHub/FunkyFishGameRepository/FPS_Game/Content/Textures/T_Book_Setting_Book_OcclusionRoughnessMetallic.uasset" 3166
"C:/Users/codym/OneDrive/Documents/GitHub/FunkyFishGameRepository/FPS_Game/Content/Textures/T_Book_Setting_Book_OcclusionRoughnessMetallic.uexp" 3167
"C:/Users/codym/OneDrive/Documents/GitHub/FunkyFishGameRepository/FPS_Game/Content/Textures/T_Book_Setting_Book_Normal.ubulk" 3168
"C:/Users/codym/OneDrive/Documents/GitHub/FunkyFishGameRepository/FPS_Game/Content/Textures/T_Book_Setting_Book_Normal.uasset" 3169
"C:/Users/codym/OneDrive/Documents/GitHub/FunkyFishGameRepository/FPS_Game/Content/Textures/T_Book_Setting_Book_Normal.uexp" 3170
"C:/Users/codym/OneDrive/Documents/GitHub/FunkyFishGameRepository/FPS_Game/Content/Textures/T_Book_Setting_Book_BaseColor.ubulk" 3171
"C:/Users/codym/OneDrive/Documents/GitHub/FunkyFishGameRepository/FPS_Game/Content/Textures/T_Book_Setting_Book_BaseColor.uasset" 3172
"C:/Users/codym/OneDrive/Documents/GitHub/FunkyFishGameRepository/FPS_Game/Content/Textures/T_Book_Setting_Book_BaseColor.uexp" 3173
"C:/Users/codym/OneDrive/Documents/GitHub/FunkyFishGameRepository/FPS_Game/Content/Materials/M_Book_Settings.uasset" 3174
"C:/Users/codym/OneDrive/Documents/GitHub/FunkyFishGameRepository/FPS_Game/Content/Materials/M_Book_Settings.uexp" 3175
"C:/Users/codym/OneDrive/Documents/GitHub/FunkyFishGameRepository/FPS_Game/Content/Textures/T_Book_Credits_book_OcclusionRoughnessMetallic.ubulk" 3176
"C:/Users/codym/OneDrive/Documents/GitHub/FunkyFishGameRepository/FPS_Game/Content/Textures/T_Book_Credits_book_OcclusionRoughnessMetallic.uasset" 3177
"C:/Users/codym/OneDrive/Documents/GitHub/FunkyFishGameRepository/FPS_Game/Content/Textures/T_Book_Credits_book_OcclusionRoughnessMetallic.uexp" 3178
"C:/Users/codym/OneDrive/Documents/GitHub/FunkyFishGameRepository/FPS_Game/Content/Textures/T_Book_Credits_book_Normal.ubulk" 3179
"C:/Users/codym/OneDrive/Documents/GitHub/FunkyFishGameRepository/FPS_Game/Content/Textures/T_Book_Credits_book_Normal.uasset" 3180
"C:/Users/codym/OneDrive/Documents/GitHub/FunkyFishGameRepository/FPS_Game/Content/Textures/T_Book_Credits_book_Normal.uexp" 3181
"C:/Users/codym/OneDrive/Documents/GitHub/FunkyFishGameRepository/FPS_Game/Content/Textures/T_Book_Credits_book_BaseColor.ubulk" 3182
"C:/Users/codym/OneDrive/Documents/GitHub/FunkyFishGameRepository/FPS_Game/Content/Textures/T_Book_Credits_book_BaseColor.uasset" 3183
"C:/Users/codym/OneDrive/Documents/GitHub/FunkyFishGameRepository/FPS_Game/Content/Textures/T_Book_Credits_book_BaseColor.uexp" 3184
"C:/Users/codym/OneDrive/Documents/GitHub/FunkyFishGameRepository/FPS_Game/Content/Materials/M_Book_Credits.uasset" 3185
"C:/Users/codym/OneDrive/Documents/GitHub/FunkyFishGameRepository/FPS_Game/Content/Materials/M_Book_Credits.uexp" 3186
"C:/Users/codym/OneDrive/Documents/GitHub/FunkyFishGameRepository/FPS_Game/Content/Textures/T_Chain_Dark_Chain_Damaged_OcclusionRoughnessMetallic.ubulk" 3187
"C:/Users/codym/OneDrive/Documents/GitHub/FunkyFishGameRepository/FPS_Game/Content/Textures/T_Chain_Dark_Chain_Damaged_OcclusionRoughnessMetallic.uasset" 3188
"C:/Users/codym/OneDrive/Documents/GitHub/FunkyFishGameRepository/FPS_Game/Content/Textures/T_Chain_Dark_Chain_Damaged_OcclusionRoughnessMetallic.uexp" 3189
"C:/Users/codym/OneDrive/Documents/GitHub/FunkyFishGameRepository/FPS_Game/Content/Textures/T_Chain_Dark_Chain_Damaged_Normal.ubulk" 3190
"C:/Users/codym/OneDrive/Documents/GitHub/FunkyFishGameRepository/FPS_Game/Content/Textures/T_Chain_Dark_Chain_Damaged_Normal.uasset" 3191
"C:/Users/codym/OneDrive/Documents/GitHub/FunkyFishGameRepository/FPS_Game/Content/Textures/T_Chain_Dark_Chain_Damaged_Normal.uexp" 3192
"C:/Users/codym/OneDrive/Documents/GitHub/FunkyFishGameRepository/FPS_Game/Content/Textures/T_Chain_Dark_Chain_Damaged_BaseColor.ubulk" 3193
"C:/Users/codym/OneDrive/Documents/GitHub/FunkyFishGameRepository/FPS_Game/Content/Textures/T_Chain_Dark_Chain_Damaged_BaseColor.uasset" 3194
"C:/Users/codym/OneDrive/Documents/GitHub/FunkyFishGameRepository/FPS_Game/Content/Textures/T_Chain_Dark_Chain_Damaged_BaseColor.uexp" 3195
"C:/Users/codym/OneDrive/Documents/GitHub/FunkyFishGameRepository/FPS_Game/Content/Materials/M_Chain_Regular.uasset" 3196
"C:/Users/codym/OneDrive/Documents/GitHub/FunkyFishGameRepository/FPS_Game/Content/Materials/M_Chain_Regular.uexp" 3197
"C:/Users/codym/OneDrive/Documents/GitHub/FunkyFishGameRepository/FPS_Game/Content/Meshes/SM_Chain.ubulk" 3198
"C:/Users/codym/OneDrive/Documents/GitHub/FunkyFishGameRepository/FPS_Game/Content/Meshes/SM_Chain.uasset" 3199
"C:/Users/codym/OneDrive/Documents/GitHub/FunkyFishGameRepository/FPS_Game/Content/Meshes/SM_Chain.uexp" 3200
"C:/Users/codym/OneDrive/Documents/GitHub/FunkyFishGameRepository/FPS_Game/Content/Blueprints/Actors/RoomDecor/BP_Chains.uasset" 3201
"C:/Users/codym/OneDrive/Documents/GitHub/FunkyFishGameRepository/FPS_Game/Content/Blueprints/Actors/RoomDecor/BP_Chains.uexp" 3202
"C:/Users/codym/OneDrive/Documents/GitHub/FunkyFishGameRepository/FPS_Game/Content/Levels/_SeparatedLevelRooms/CombatRoom_1.uexp" 3203
"C:/Users/codym/OneDrive/Documents/GitHub/FunkyFishGameRepository/FPS_Game/Content/Levels/_SeparatedLevelRooms/CombatRoom_1.umap" 3204
"C:/Users/codym/OneDrive/Documents/GitHub/FunkyFishGameRepository/FPS_Game/Content/Textures/T_RockPlatform_Base_ORM.ubulk" 3205
"C:/Users/codym/OneDrive/Documents/GitHub/FunkyFishGameRepository/FPS_Game/Content/Textures/T_RockPlatform_Base_ORM.uasset" 3206
"C:/Users/codym/OneDrive/Documents/GitHub/FunkyFishGameRepository/FPS_Game/Content/Textures/T_RockPlatform_Base_ORM.uexp" 3207
"C:/Users/codym/OneDrive/Documents/GitHub/FunkyFishGameRepository/FPS_Game/Content/Textures/T_RockPlatform_Base_Normal.ubulk" 3208
"C:/Users/codym/OneDrive/Documents/GitHub/FunkyFishGameRepository/FPS_Game/Content/Textures/T_RockPlatform_Base_Normal.uasset" 3209
"C:/Users/codym/OneDrive/Documents/GitHub/FunkyFishGameRepository/FPS_Game/Content/Textures/T_RockPlatform_Base_Normal.uexp" 3210
"C:/Users/codym/OneDrive/Documents/GitHub/FunkyFishGameRepository/FPS_Game/Content/Textures/T_RockPlatform_Base_Emissive.ubulk" 3211
"C:/Users/codym/OneDrive/Documents/GitHub/FunkyFishGameRepository/FPS_Game/Content/Textures/T_RockPlatform_Base_Emissive.uasset" 3212
"C:/Users/codym/OneDrive/Documents/GitHub/FunkyFishGameRepository/FPS_Game/Content/Textures/T_RockPlatform_Base_Emissive.uexp" 3213
"C:/Users/codym/OneDrive/Documents/GitHub/FunkyFishGameRepository/FPS_Game/Content/Textures/T_RockPlatform_Base_Colour.ubulk" 3214
"C:/Users/codym/OneDrive/Documents/GitHub/FunkyFishGameRepository/FPS_Game/Content/Textures/T_RockPlatform_Base_Colour.uasset" 3215
"C:/Users/codym/OneDrive/Documents/GitHub/FunkyFishGameRepository/FPS_Game/Content/Textures/T_RockPlatform_Base_Colour.uexp" 3216
"C:/Users/codym/OneDrive/Documents/GitHub/FunkyFishGameRepository/FPS_Game/Content/Materials/M_LavaRockPlatform.uasset" 3217
"C:/Users/codym/OneDrive/Documents/GitHub/FunkyFishGameRepository/FPS_Game/Content/Materials/M_LavaRockPlatform.uexp" 3218
"C:/Users/codym/OneDrive/Documents/GitHub/FunkyFishGameRepository/FPS_Game/Content/Meshes/SM_RockPlatform.ubulk" 3219
"C:/Users/codym/OneDrive/Documents/GitHub/FunkyFishGameRepository/FPS_Game/Content/Meshes/SM_RockPlatform.uasset" 3220
"C:/Users/codym/OneDrive/Documents/GitHub/FunkyFishGameRepository/FPS_Game/Content/Meshes/SM_RockPlatform.uexp" 3221
"C:/Users/codym/OneDrive/Documents/GitHub/FunkyFishGameRepository/FPS_Game/Content/Blueprints/Actors/BP_UnstablePlatform.uasset" 3222
"C:/Users/codym/OneDrive/Documents/GitHub/FunkyFishGameRepository/FPS_Game/Content/Blueprints/Actors/BP_UnstablePlatform.uexp" 3223
"C:/Users/codym/OneDrive/Documents/GitHub/FunkyFishGameRepository/FPS_Game/Content/Levels/_SeparatedLevelRooms/ChallengeRoom_4.uexp" 3224
"C:/Users/codym/OneDrive/Documents/GitHub/FunkyFishGameRepository/FPS_Game/Content/Levels/_SeparatedLevelRooms/ChallengeRoom_4.umap" 3225
"C:/Users/codym/OneDrive/Documents/GitHub/FunkyFishGameRepository/FPS_Game/Content/Blueprints/Actors/RoomDecor/BP_Torch.uasset" 3226
"C:/Users/codym/OneDrive/Documents/GitHub/FunkyFishGameRepository/FPS_Game/Content/Blueprints/Actors/RoomDecor/BP_Torch.uexp" 3227
"C:/Users/codym/OneDrive/Documents/GitHub/FunkyFishGameRepository/FPS_Game/Content/Textures/T_Chain_Gold_OcclusionRoughnessMetallic.ubulk" 3228
"C:/Users/codym/OneDrive/Documents/GitHub/FunkyFishGameRepository/FPS_Game/Content/Textures/T_Chain_Gold_OcclusionRoughnessMetallic.uasset" 3229
"C:/Users/codym/OneDrive/Documents/GitHub/FunkyFishGameRepository/FPS_Game/Content/Textures/T_Chain_Gold_OcclusionRoughnessMetallic.uexp" 3230
"C:/Users/codym/OneDrive/Documents/GitHub/FunkyFishGameRepository/FPS_Game/Content/Textures/T_Chain_Gold_Normal.ubulk" 3231
"C:/Users/codym/OneDrive/Documents/GitHub/FunkyFishGameRepository/FPS_Game/Content/Textures/T_Chain_Gold_Normal.uasset" 3232
"C:/Users/codym/OneDrive/Documents/GitHub/FunkyFishGameRepository/FPS_Game/Content/Textures/T_Chain_Gold_Normal.uexp" 3233
"C:/Users/codym/OneDrive/Documents/GitHub/FunkyFishGameRepository/FPS_Game/Content/Textures/T_Chain_Gold_BaseColor.ubulk" 3234
"C:/Users/codym/OneDrive/Documents/GitHub/FunkyFishGameRepository/FPS_Game/Content/Textures/T_Chain_Gold_BaseColor.uasset" 3235
"C:/Users/codym/OneDrive/Documents/GitHub/FunkyFishGameRepository/FPS_Game/Content/Textures/T_Chain_Gold_BaseColor.uexp" 3236
"C:/Users/codym/OneDrive/Documents/GitHub/FunkyFishGameRepository/FPS_Game/Content/Materials/M_Chain_Gold.uasset" 3237
"C:/Users/codym/OneDrive/Documents/GitHub/FunkyFishGameRepository/FPS_Game/Content/Materials/M_Chain_Gold.uexp" 3238
"C:/Users/codym/OneDrive/Documents/GitHub/FunkyFishGameRepository/FPS_Game/Content/Blueprints/Actors/RoomDecor/BP_Chain_Gold.uasset" 3239
"C:/Users/codym/OneDrive/Documents/GitHub/FunkyFishGameRepository/FPS_Game/Content/Blueprints/Actors/RoomDecor/BP_Chain_Gold.uexp" 3240
"C:/Users/codym/OneDrive/Documents/GitHub/FunkyFishGameRepository/FPS_Game/Content/Levels/_SeparatedLevelRooms/ChallengeRoom_3.uexp" 3241
"C:/Users/codym/OneDrive/Documents/GitHub/FunkyFishGameRepository/FPS_Game/Content/Levels/_SeparatedLevelRooms/ChallengeRoom_3.umap" 3242
"C:/Users/codym/OneDrive/Documents/GitHub/FunkyFishGameRepository/FPS_Game/Content/Meshes/SM_Sewer_Drain.ubulk" 3243
"C:/Users/codym/OneDrive/Documents/GitHub/FunkyFishGameRepository/FPS_Game/Content/Meshes/SM_Sewer_Drain.uasset" 3244
"C:/Users/codym/OneDrive/Documents/GitHub/FunkyFishGameRepository/FPS_Game/Content/Meshes/SM_Sewer_Drain.uexp" 3245
"C:/Users/codym/OneDrive/Documents/GitHub/FunkyFishGameRepository/FPS_Game/Content/Meshes/SM_Lava_stream.ubulk" 3246
"C:/Users/codym/OneDrive/Documents/GitHub/FunkyFishGameRepository/FPS_Game/Content/Meshes/SM_Lava_stream.uasset" 3247
"C:/Users/codym/OneDrive/Documents/GitHub/FunkyFishGameRepository/FPS_Game/Content/Meshes/SM_Lava_stream.uexp" 3248
"C:/Users/codym/OneDrive/Documents/GitHub/FunkyFishGameRepository/FPS_Game/Content/Textures/T_Sewer_Drain_Metal_OcclusionRoughnessMetallic.ubulk" 3249
"C:/Users/codym/OneDrive/Documents/GitHub/FunkyFishGameRepository/FPS_Game/Content/Textures/T_Sewer_Drain_Metal_OcclusionRoughnessMetallic.uasset" 3250
"C:/Users/codym/OneDrive/Documents/GitHub/FunkyFishGameRepository/FPS_Game/Content/Textures/T_Sewer_Drain_Metal_OcclusionRoughnessMetallic.uexp" 3251
"C:/Users/codym/OneDrive/Documents/GitHub/FunkyFishGameRepository/FPS_Game/Content/Textures/T_Sewer_Drain_Metal_Normal.ubulk" 3252
"C:/Users/codym/OneDrive/Documents/GitHub/FunkyFishGameRepository/FPS_Game/Content/Textures/T_Sewer_Drain_Metal_Normal.uasset" 3253
"C:/Users/codym/OneDrive/Documents/GitHub/FunkyFishGameRepository/FPS_Game/Content/Textures/T_Sewer_Drain_Metal_Normal.uexp" 3254
"C:/Users/codym/OneDrive/Documents/GitHub/FunkyFishGameRepository/FPS_Game/Content/Textures/T_Sewer_Drain_Metal_BaseColor.ubulk" 3255
"C:/Users/codym/OneDrive/Documents/GitHub/FunkyFishGameRepository/FPS_Game/Content/Textures/T_Sewer_Drain_Metal_BaseColor.uasset" 3256
"C:/Users/codym/OneDrive/Documents/GitHub/FunkyFishGameRepository/FPS_Game/Content/Textures/T_Sewer_Drain_Metal_BaseColor.uexp" 3257
"C:/Users/codym/OneDrive/Documents/GitHub/FunkyFishGameRepository/FPS_Game/Content/Materials/M_Drain_Metal.uasset" 3258
"C:/Users/codym/OneDrive/Documents/GitHub/FunkyFishGameRepository/FPS_Game/Content/Materials/M_Drain_Metal.uexp" 3259
"C:/Users/codym/OneDrive/Documents/GitHub/FunkyFishGameRepository/FPS_Game/Content/Textures/T_Book_Second_Regular_Book_OcclusionRoughnessMetallic.ubulk" 3260
"C:/Users/codym/OneDrive/Documents/GitHub/FunkyFishGameRepository/FPS_Game/Content/Textures/T_Book_Second_Regular_Book_OcclusionRoughnessMetallic.uasset" 3261
"C:/Users/codym/OneDrive/Documents/GitHub/FunkyFishGameRepository/FPS_Game/Content/Textures/T_Book_Second_Regular_Book_OcclusionRoughnessMetallic.uexp" 3262
"C:/Users/codym/OneDrive/Documents/GitHub/FunkyFishGameRepository/FPS_Game/Content/Textures/T_Book_Second_Regular_Book_Normal.ubulk" 3263
"C:/Users/codym/OneDrive/Documents/GitHub/FunkyFishGameRepository/FPS_Game/Content/Textures/T_Book_Second_Regular_Book_Normal.uasset" 3264
"C:/Users/codym/OneDrive/Documents/GitHub/FunkyFishGameRepository/FPS_Game/Content/Textures/T_Book_Second_Regular_Book_Normal.uexp" 3265
"C:/Users/codym/OneDrive/Documents/GitHub/FunkyFishGameRepository/FPS_Game/Content/Textures/T_Book_Second_Regular_Book_BaseColor.ubulk" 3266
"C:/Users/codym/OneDrive/Documents/GitHub/FunkyFishGameRepository/FPS_Game/Content/Textures/T_Book_Second_Regular_Book_BaseColor.uasset" 3267
"C:/Users/codym/OneDrive/Documents/GitHub/FunkyFishGameRepository/FPS_Game/Content/Textures/T_Book_Second_Regular_Book_BaseColor.uexp" 3268
"C:/Users/codym/OneDrive/Documents/GitHub/FunkyFishGameRepository/FPS_Game/Content/Materials/M_Book_Regular2.uasset" 3269
"C:/Users/codym/OneDrive/Documents/GitHub/FunkyFishGameRepository/FPS_Game/Content/Materials/M_Book_Regular2.uexp" 3270
"C:/Users/codym/OneDrive/Documents/GitHub/FunkyFishGameRepository/FPS_Game/Content/Materials/MI_PotionLiquid_Brown.uasset" 3271
"C:/Users/codym/OneDrive/Documents/GitHub/FunkyFishGameRepository/FPS_Game/Content/Materials/MI_PotionLiquid_Brown.uexp" 3272
"C:/Users/codym/OneDrive/Documents/GitHub/FunkyFishGameRepository/FPS_Game/Content/Meshes/SM_Sewer_Spikes.ubulk" 3273
"C:/Users/codym/OneDrive/Documents/GitHub/FunkyFishGameRepository/FPS_Game/Content/Meshes/SM_Sewer_Spikes.uasset" 3274
"C:/Users/codym/OneDrive/Documents/GitHub/FunkyFishGameRepository/FPS_Game/Content/Meshes/SM_Sewer_Spikes.uexp" 3275
"C:/Users/codym/OneDrive/Documents/GitHub/FunkyFishGameRepository/FPS_Game/Content/Textures/T_Sewer_Drain_Stone_OcclusionRoughnessMetallic.ubulk" 3276
"C:/Users/codym/OneDrive/Documents/GitHub/FunkyFishGameRepository/FPS_Game/Content/Textures/T_Sewer_Drain_Stone_OcclusionRoughnessMetallic.uasset" 3277
"C:/Users/codym/OneDrive/Documents/GitHub/FunkyFishGameRepository/FPS_Game/Content/Textures/T_Sewer_Drain_Stone_OcclusionRoughnessMetallic.uexp" 3278
"C:/Users/codym/OneDrive/Documents/GitHub/FunkyFishGameRepository/FPS_Game/Content/Textures/T_Sewer_Drain_Stone_Normal.ubulk" 3279
"C:/Users/codym/OneDrive/Documents/GitHub/FunkyFishGameRepository/FPS_Game/Content/Textures/T_Sewer_Drain_Stone_Normal.uasset" 3280
"C:/Users/codym/OneDrive/Documents/GitHub/FunkyFishGameRepository/FPS_Game/Content/Textures/T_Sewer_Drain_Stone_Normal.uexp" 3281
"C:/Users/codym/OneDrive/Documents/GitHub/FunkyFishGameRepository/FPS_Game/Content/Textures/T_Sewer_Drain_Stone_BaseColor.ubulk" 3282
"C:/Users/codym/OneDrive/Documents/GitHub/FunkyFishGameRepository/FPS_Game/Content/Textures/T_Sewer_Drain_Stone_BaseColor.uasset" 3283
"C:/Users/codym/OneDrive/Documents/GitHub/FunkyFishGameRepository/FPS_Game/Content/Textures/T_Sewer_Drain_Stone_BaseColor.uexp" 3284
"C:/Users/codym/OneDrive/Documents/GitHub/FunkyFishGameRepository/FPS_Game/Content/Materials/M_Drain_Stone.uasset" 3285
"C:/Users/codym/OneDrive/Documents/GitHub/FunkyFishGameRepository/FPS_Game/Content/Materials/M_Drain_Stone.uexp" 3286
"C:/Users/codym/OneDrive/Documents/GitHub/FunkyFishGameRepository/FPS_Game/Content/Textures/T_Sewer_Spikes_Stone_Normal.ubulk" 3287
"C:/Users/codym/OneDrive/Documents/GitHub/FunkyFishGameRepository/FPS_Game/Content/Textures/T_Sewer_Spikes_Stone_Normal.uasset" 3288
"C:/Users/codym/OneDrive/Documents/GitHub/FunkyFishGameRepository/FPS_Game/Content/Textures/T_Sewer_Spikes_Stone_Normal.uexp" 3289
"C:/Users/codym/OneDrive/Documents/GitHub/FunkyFishGameRepository/FPS_Game/Content/Textures/T_Sewer_Spikes_Stone_BaseColor.ubulk" 3290
"C:/Users/codym/OneDrive/Documents/GitHub/FunkyFishGameRepository/FPS_Game/Content/Textures/T_Sewer_Spikes_Stone_BaseColor.uasset" 3291
"C:/Users/codym/OneDrive/Documents/GitHub/FunkyFishGameRepository/FPS_Game/Content/Textures/T_Sewer_Spikes_Stone_BaseColor.uexp" 3292
"C:/Users/codym/OneDrive/Documents/GitHub/FunkyFishGameRepository/FPS_Game/Content/Materials/M_Drain_Spikes_Stone.uasset" 3293
"C:/Users/codym/OneDrive/Documents/GitHub/FunkyFishGameRepository/FPS_Game/Content/Materials/M_Drain_Spikes_Stone.uexp" 3294
"C:/Users/codym/OneDrive/Documents/GitHub/FunkyFishGameRepository/FPS_Game/Content/Audio/Spike_Trap_Open_Sound_Effect.ubulk" 3295
"C:/Users/codym/OneDrive/Documents/GitHub/FunkyFishGameRepository/FPS_Game/Content/Audio/Spike_Trap_Open_Sound_Effect.uasset" 3296
"C:/Users/codym/OneDrive/Documents/GitHub/FunkyFishGameRepository/FPS_Game/Content/Audio/Spike_Trap_Open_Sound_Effect.uexp" 3297
"C:/Users/codym/OneDrive/Documents/GitHub/FunkyFishGameRepository/FPS_Game/Content/Audio/Spike_Trap_Close_Sound_Effect.ubulk" 3298
"C:/Users/codym/OneDrive/Documents/GitHub/FunkyFishGameRepository/FPS_Game/Content/Audio/Spike_Trap_Close_Sound_Effect.uasset" 3299
"C:/Users/codym/OneDrive/Documents/GitHub/FunkyFishGameRepository/FPS_Game/Content/Audio/Spike_Trap_Close_Sound_Effect.uexp" 3300
"C:/Users/codym/OneDrive/Documents/GitHub/FunkyFishGameRepository/FPS_Game/Content/Blueprints/Actors/BP_Trap_Drain_Spike.uasset" 3301
"C:/Users/codym/OneDrive/Documents/GitHub/FunkyFishGameRepository/FPS_Game/Content/Blueprints/Actors/BP_Trap_Drain_Spike.uexp" 3302
"C:/Users/codym/OneDrive/Documents/GitHub/FunkyFishGameRepository/FPS_Game/Content/Textures/T_Chain_Rust_Mold_OcclusionRoughnessMetallic.ubulk" 3303
"C:/Users/codym/OneDrive/Documents/GitHub/FunkyFishGameRepository/FPS_Game/Content/Textures/T_Chain_Rust_Mold_OcclusionRoughnessMetallic.uasset" 3304
"C:/Users/codym/OneDrive/Documents/GitHub/FunkyFishGameRepository/FPS_Game/Content/Textures/T_Chain_Rust_Mold_OcclusionRoughnessMetallic.uexp" 3305
"C:/Users/codym/OneDrive/Documents/GitHub/FunkyFishGameRepository/FPS_Game/Content/Textures/T_Chain_Rust_Mold_Normal.ubulk" 3306
"C:/Users/codym/OneDrive/Documents/GitHub/FunkyFishGameRepository/FPS_Game/Content/Textures/T_Chain_Rust_Mold_Normal.uasset" 3307
"C:/Users/codym/OneDrive/Documents/GitHub/FunkyFishGameRepository/FPS_Game/Content/Textures/T_Chain_Rust_Mold_Normal.uexp" 3308
"C:/Users/codym/OneDrive/Documents/GitHub/FunkyFishGameRepository/FPS_Game/Content/Textures/T_Chain_Rust_Mold_BaseColor.ubulk" 3309
"C:/Users/codym/OneDrive/Documents/GitHub/FunkyFishGameRepository/FPS_Game/Content/Textures/T_Chain_Rust_Mold_BaseColor.uasset" 3310
"C:/Users/codym/OneDrive/Documents/GitHub/FunkyFishGameRepository/FPS_Game/Content/Textures/T_Chain_Rust_Mold_BaseColor.uexp" 3311
"C:/Users/codym/OneDrive/Documents/GitHub/FunkyFishGameRepository/FPS_Game/Content/Materials/M_Chain_Rust_Mold.uasset" 3312
"C:/Users/codym/OneDrive/Documents/GitHub/FunkyFishGameRepository/FPS_Game/Content/Materials/M_Chain_Rust_Mold.uexp" 3313
"C:/Users/codym/OneDrive/Documents/GitHub/FunkyFishGameRepository/FPS_Game/Content/Blueprints/Actors/RoomDecor/BP_Chain_Rust_Mold.uasset" 3314
"C:/Users/codym/OneDrive/Documents/GitHub/FunkyFishGameRepository/FPS_Game/Content/Blueprints/Actors/RoomDecor/BP_Chain_Rust_Mold.uexp" 3315
"C:/Users/codym/OneDrive/Documents/GitHub/FunkyFishGameRepository/FPS_Game/Content/Levels/_SeparatedLevelRooms/ChallengeRoom_2.uexp" 3316
"C:/Users/codym/OneDrive/Documents/GitHub/FunkyFishGameRepository/FPS_Game/Content/Levels/_SeparatedLevelRooms/ChallengeRoom_2.umap" 3317
"C:/Users/codym/OneDrive/Documents/GitHub/FunkyFishGameRepository/FPS_Game/Content/Meshes/SM_Stone_ShortSword.ubulk" 3318
"C:/Users/codym/OneDrive/Documents/GitHub/FunkyFishGameRepository/FPS_Game/Content/Meshes/SM_Stone_ShortSword.uasset" 3319
"C:/Users/codym/OneDrive/Documents/GitHub/FunkyFishGameRepository/FPS_Game/Content/Meshes/SM_Stone_ShortSword.uexp" 3320
"C:/Users/codym/OneDrive/Documents/GitHub/FunkyFishGameRepository/FPS_Game/Content/Textures/T_Short_Sword_Stone_OcclusionRoughnessMetallic.ubulk" 3321
"C:/Users/codym/OneDrive/Documents/GitHub/FunkyFishGameRepository/FPS_Game/Content/Textures/T_Short_Sword_Stone_OcclusionRoughnessMetallic.uasset" 3322
"C:/Users/codym/OneDrive/Documents/GitHub/FunkyFishGameRepository/FPS_Game/Content/Textures/T_Short_Sword_Stone_OcclusionRoughnessMetallic.uexp" 3323
"C:/Users/codym/OneDrive/Documents/GitHub/FunkyFishGameRepository/FPS_Game/Content/Textures/T_Short_Sword_Stone_Normal.ubulk" 3324
"C:/Users/codym/OneDrive/Documents/GitHub/FunkyFishGameRepository/FPS_Game/Content/Textures/T_Short_Sword_Stone_Normal.uasset" 3325
"C:/Users/codym/OneDrive/Documents/GitHub/FunkyFishGameRepository/FPS_Game/Content/Textures/T_Short_Sword_Stone_Normal.uexp" 3326
"C:/Users/codym/OneDrive/Documents/GitHub/FunkyFishGameRepository/FPS_Game/Content/Textures/T_Short_Sword_Stone_BaseColor.ubulk" 3327
"C:/Users/codym/OneDrive/Documents/GitHub/FunkyFishGameRepository/FPS_Game/Content/Textures/T_Short_Sword_Stone_BaseColor.uasset" 3328
"C:/Users/codym/OneDrive/Documents/GitHub/FunkyFishGameRepository/FPS_Game/Content/Textures/T_Short_Sword_Stone_BaseColor.uexp" 3329
"C:/Users/codym/OneDrive/Documents/GitHub/FunkyFishGameRepository/FPS_Game/Content/Materials/M_Stone_Sword.uasset" 3330
"C:/Users/codym/OneDrive/Documents/GitHub/FunkyFishGameRepository/FPS_Game/Content/Materials/M_Stone_Sword.uexp" 3331
"C:/Users/codym/OneDrive/Documents/GitHub/FunkyFishGameRepository/FPS_Game/Content/Textures/T_Book_Regular_Book_OcclusionRoughnessMetallic.ubulk" 3332
"C:/Users/codym/OneDrive/Documents/GitHub/FunkyFishGameRepository/FPS_Game/Content/Textures/T_Book_Regular_Book_OcclusionRoughnessMetallic.uasset" 3333
"C:/Users/codym/OneDrive/Documents/GitHub/FunkyFishGameRepository/FPS_Game/Content/Textures/T_Book_Regular_Book_OcclusionRoughnessMetallic.uexp" 3334
"C:/Users/codym/OneDrive/Documents/GitHub/FunkyFishGameRepository/FPS_Game/Content/Textures/T_Book_Regular_Book_Normal.ubulk" 3335
"C:/Users/codym/OneDrive/Documents/GitHub/FunkyFishGameRepository/FPS_Game/Content/Textures/T_Book_Regular_Book_Normal.uasset" 3336
"C:/Users/codym/OneDrive/Documents/GitHub/FunkyFishGameRepository/FPS_Game/Content/Textures/T_Book_Regular_Book_Normal.uexp" 3337
"C:/Users/codym/OneDrive/Documents/GitHub/FunkyFishGameRepository/FPS_Game/Content/Textures/T_Book_Regular_Book_BaseColor.ubulk" 3338
"C:/Users/codym/OneDrive/Documents/GitHub/FunkyFishGameRepository/FPS_Game/Content/Textures/T_Book_Regular_Book_BaseColor.uasset" 3339
"C:/Users/codym/OneDrive/Documents/GitHub/FunkyFishGameRepository/FPS_Game/Content/Textures/T_Book_Regular_Book_BaseColor.uexp" 3340
"C:/Users/codym/OneDrive/Documents/GitHub/FunkyFishGameRepository/FPS_Game/Content/Materials/M_Book_Regular.uasset" 3341
"C:/Users/codym/OneDrive/Documents/GitHub/FunkyFishGameRepository/FPS_Game/Content/Materials/M_Book_Regular.uexp" 3342
"C:/Users/codym/OneDrive/Documents/GitHub/FunkyFishGameRepository/FPS_Game/Content/Levels/_GENERATED/16081/Cylinder_C9B1C3E8.ubulk" 3343
"C:/Users/codym/OneDrive/Documents/GitHub/FunkyFishGameRepository/FPS_Game/Content/Levels/_GENERATED/16081/Cylinder_C9B1C3E8.uasset" 3344
"C:/Users/codym/OneDrive/Documents/GitHub/FunkyFishGameRepository/FPS_Game/Content/Levels/_GENERATED/16081/Cylinder_C9B1C3E8.uexp" 3345
"C:/Users/codym/OneDrive/Documents/GitHub/FunkyFishGameRepository/FPS_Game/Content/Blueprints/Actors/BP_Stream.uasset" 3346
"C:/Users/codym/OneDrive/Documents/GitHub/FunkyFishGameRepository/FPS_Game/Content/Blueprints/Actors/BP_Stream.uexp" 3347
"C:/Users/codym/OneDrive/Documents/GitHub/FunkyFishGameRepository/FPS_Game/Content/Levels/_SeparatedLevelRooms/ChallengeRoom_1.uexp" 3348
"C:/Users/codym/OneDrive/Documents/GitHub/FunkyFishGameRepository/FPS_Game/Content/Levels/_SeparatedLevelRooms/ChallengeRoom_1.umap" 3349
"C:/Users/codym/OneDrive/Documents/GitHub/FunkyFishGameRepository/FPS_Game/Content/Meshes/SM_Moduler_wall2.ubulk" 3350
"C:/Users/codym/OneDrive/Documents/GitHub/FunkyFishGameRepository/FPS_Game/Content/Meshes/SM_Moduler_wall2.uasset" 3351
"C:/Users/codym/OneDrive/Documents/GitHub/FunkyFishGameRepository/FPS_Game/Content/Meshes/SM_Moduler_wall2.uexp" 3352
"C:/Users/codym/OneDrive/Documents/GitHub/FunkyFishGameRepository/FPS_Game/Content/Textures/T_slimeBossEarth_bones_OcclusionRoughnessMetallic.ubulk" 3353
"C:/Users/codym/OneDrive/Documents/GitHub/FunkyFishGameRepository/FPS_Game/Content/Textures/T_slimeBossEarth_bones_OcclusionRoughnessMetallic.uasset" 3354
"C:/Users/codym/OneDrive/Documents/GitHub/FunkyFishGameRepository/FPS_Game/Content/Textures/T_slimeBossEarth_bones_OcclusionRoughnessMetallic.uexp" 3355
"C:/Users/codym/OneDrive/Documents/GitHub/FunkyFishGameRepository/FPS_Game/Content/Textures/T_slimeBossEarth_bones_Normal.ubulk" 3356
"C:/Users/codym/OneDrive/Documents/GitHub/FunkyFishGameRepository/FPS_Game/Content/Textures/T_slimeBossEarth_bones_Normal.uasset" 3357
"C:/Users/codym/OneDrive/Documents/GitHub/FunkyFishGameRepository/FPS_Game/Content/Textures/T_slimeBossEarth_bones_Normal.uexp" 3358
"C:/Users/codym/OneDrive/Documents/GitHub/FunkyFishGameRepository/FPS_Game/Content/Textures/T_slimeBossEarth_bones_BaseColor.ubulk" 3359
"C:/Users/codym/OneDrive/Documents/GitHub/FunkyFishGameRepository/FPS_Game/Content/Textures/T_slimeBossEarth_bones_BaseColor.uasset" 3360
"C:/Users/codym/OneDrive/Documents/GitHub/FunkyFishGameRepository/FPS_Game/Content/Textures/T_slimeBossEarth_bones_BaseColor.uexp" 3361
"C:/Users/codym/OneDrive/Documents/GitHub/FunkyFishGameRepository/FPS_Game/Content/Materials/M_SlimeBoss_Bones.uasset" 3362
"C:/Users/codym/OneDrive/Documents/GitHub/FunkyFishGameRepository/FPS_Game/Content/Materials/M_SlimeBoss_Bones.uexp" 3363
"C:/Users/codym/OneDrive/Documents/GitHub/FunkyFishGameRepository/FPS_Game/Content/Textures/T_SM_SlimeBossNEW_M_SlimeBoss_Crown_OcclusionRoughnesasMetallic.ubulk" 3364
"C:/Users/codym/OneDrive/Documents/GitHub/FunkyFishGameRepository/FPS_Game/Content/Textures/T_SM_SlimeBossNEW_M_SlimeBoss_Crown_OcclusionRoughnesasMetallic.uasset" 3365
"C:/Users/codym/OneDrive/Documents/GitHub/FunkyFishGameRepository/FPS_Game/Content/Textures/T_SM_SlimeBossNEW_M_SlimeBoss_Crown_OcclusionRoughnesasMetallic.uexp" 3366
"C:/Users/codym/OneDrive/Documents/GitHub/FunkyFishGameRepository/FPS_Game/Content/Textures/T_SM_SlimeBossNEW_M_SlimeBoss_Crown_Normal.ubulk" 3367
"C:/Users/codym/OneDrive/Documents/GitHub/FunkyFishGameRepository/FPS_Game/Content/Textures/T_SM_SlimeBossNEW_M_SlimeBoss_Crown_Normal.uasset" 3368
"C:/Users/codym/OneDrive/Documents/GitHub/FunkyFishGameRepository/FPS_Game/Content/Textures/T_SM_SlimeBossNEW_M_SlimeBoss_Crown_Normal.uexp" 3369
"C:/Users/codym/OneDrive/Documents/GitHub/FunkyFishGameRepository/FPS_Game/Content/Textures/T_SM_SlimeBossNEW_M_SlimeBoss_Crown_BaseColor.ubulk" 3370
"C:/Users/codym/OneDrive/Documents/GitHub/FunkyFishGameRepository/FPS_Game/Content/Textures/T_SM_SlimeBossNEW_M_SlimeBoss_Crown_BaseColor.uasset" 3371
"C:/Users/codym/OneDrive/Documents/GitHub/FunkyFishGameRepository/FPS_Game/Content/Textures/T_SM_SlimeBossNEW_M_SlimeBoss_Crown_BaseColor.uexp" 3372
"C:/Users/codym/OneDrive/Documents/GitHub/FunkyFishGameRepository/FPS_Game/Content/Materials/M_SlimeBoss_Crown.uasset" 3373
"C:/Users/codym/OneDrive/Documents/GitHub/FunkyFishGameRepository/FPS_Game/Content/Materials/M_SlimeBoss_Crown.uexp" 3374
"C:/Users/codym/OneDrive/Documents/GitHub/FunkyFishGameRepository/FPS_Game/Content/Textures/T_StylizedLava3.ubulk" 3375
"C:/Users/codym/OneDrive/Documents/GitHub/FunkyFishGameRepository/FPS_Game/Content/Textures/T_StylizedLava3.uasset" 3376
"C:/Users/codym/OneDrive/Documents/GitHub/FunkyFishGameRepository/FPS_Game/Content/Textures/T_StylizedLava3.uexp" 3377
"C:/Users/codym/OneDrive/Documents/GitHub/FunkyFishGameRepository/FPS_Game/Content/Textures/T_StylizedLava2.ubulk" 3378
"C:/Users/codym/OneDrive/Documents/GitHub/FunkyFishGameRepository/FPS_Game/Content/Textures/T_StylizedLava2.uasset" 3379
"C:/Users/codym/OneDrive/Documents/GitHub/FunkyFishGameRepository/FPS_Game/Content/Textures/T_StylizedLava2.uexp" 3380
"C:/Users/codym/OneDrive/Documents/GitHub/FunkyFishGameRepository/FPS_Game/Content/Materials/M_Dark_Stone_rock.uasset" 3381
"C:/Users/codym/OneDrive/Documents/GitHub/FunkyFishGameRepository/FPS_Game/Content/Materials/M_Dark_Stone_rock.uexp" 3382
"C:/Users/codym/OneDrive/Documents/GitHub/FunkyFishGameRepository/FPS_Game/Content/Meshes/SM_SlimeBoss.ubulk" 3383
"C:/Users/codym/OneDrive/Documents/GitHub/FunkyFishGameRepository/FPS_Game/Content/Meshes/SM_SlimeBoss.uasset" 3384
"C:/Users/codym/OneDrive/Documents/GitHub/FunkyFishGameRepository/FPS_Game/Content/Meshes/SM_SlimeBoss.uexp" 3385
"C:/Users/codym/OneDrive/Documents/GitHub/FunkyFishGameRepository/FPS_Game/Content/Textures/T_SM_SlimeBossNEW_M_SlimeBoss_BaseColour_OcclusionRoughnesasMetallic.ubulk" 3386
"C:/Users/codym/OneDrive/Documents/GitHub/FunkyFishGameRepository/FPS_Game/Content/Textures/T_SM_SlimeBossNEW_M_SlimeBoss_BaseColour_OcclusionRoughnesasMetallic.uasset" 3387
"C:/Users/codym/OneDrive/Documents/GitHub/FunkyFishGameRepository/FPS_Game/Content/Textures/T_SM_SlimeBossNEW_M_SlimeBoss_BaseColour_OcclusionRoughnesasMetallic.uexp" 3388
"C:/Users/codym/OneDrive/Documents/GitHub/FunkyFishGameRepository/FPS_Game/Content/Textures/T_SM_SlimeBossNEW_M_SlimeBoss_BaseColour_Normal.ubulk" 3389
"C:/Users/codym/OneDrive/Documents/GitHub/FunkyFishGameRepository/FPS_Game/Content/Textures/T_SM_SlimeBossNEW_M_SlimeBoss_BaseColour_Normal.uasset" 3390
"C:/Users/codym/OneDrive/Documents/GitHub/FunkyFishGameRepository/FPS_Game/Content/Textures/T_SM_SlimeBossNEW_M_SlimeBoss_BaseColour_Normal.uexp" 3391
"C:/Users/codym/OneDrive/Documents/GitHub/FunkyFishGameRepository/FPS_Game/Content/Textures/T_SM_SlimeBossNEW_M_SlimeBoss_BaseColour_BaseColor.ubulk" 3392
"C:/Users/codym/OneDrive/Documents/GitHub/FunkyFishGameRepository/FPS_Game/Content/Textures/T_SM_SlimeBossNEW_M_SlimeBoss_BaseColour_BaseColor.uasset" 3393
"C:/Users/codym/OneDrive/Documents/GitHub/FunkyFishGameRepository/FPS_Game/Content/Textures/T_SM_SlimeBossNEW_M_SlimeBoss_BaseColour_BaseColor.uexp" 3394
"C:/Users/codym/OneDrive/Documents/GitHub/FunkyFishGameRepository/FPS_Game/Content/Materials/M_SlimeBoss_BaseDynamic.uasset" 3395
"C:/Users/codym/OneDrive/Documents/GitHub/FunkyFishGameRepository/FPS_Game/Content/Materials/M_SlimeBoss_BaseDynamic.uexp" 3396
"C:/Users/codym/OneDrive/Documents/GitHub/FunkyFishGameRepository/FPS_Game/Content/Blueprints/Widgets/WBP_BossHealthbar.uasset" 3397
"C:/Users/codym/OneDrive/Documents/GitHub/FunkyFishGameRepository/FPS_Game/Content/Blueprints/Widgets/WBP_BossHealthbar.uexp" 3398
"C:/Users/codym/OneDrive/Documents/GitHub/FunkyFishGameRepository/FPS_Game/Content/Blueprints/Particles/PS_SlimeBossDeath2.uasset" 3399
"C:/Users/codym/OneDrive/Documents/GitHub/FunkyFishGameRepository/FPS_Game/Content/Blueprints/Particles/PS_SlimeBossDeath2.uexp" 3400
"C:/Users/codym/OneDrive/Documents/GitHub/FunkyFishGameRepository/FPS_Game/Content/Blueprints/Particles/PS_SlimeBossDeath1.uasset" 3401
"C:/Users/codym/OneDrive/Documents/GitHub/FunkyFishGameRepository/FPS_Game/Content/Blueprints/Particles/PS_SlimeBossDeath1.uexp" 3402
"C:/Users/codym/OneDrive/Documents/GitHub/FunkyFishGameRepository/FPS_Game/Content/Blueprints/Particles/PS_BossLightningChargeup.uasset" 3403
"C:/Users/codym/OneDrive/Documents/GitHub/FunkyFishGameRepository/FPS_Game/Content/Blueprints/Particles/PS_BossLightningChargeup.uexp" 3404
"C:/Users/codym/OneDrive/Documents/GitHub/FunkyFishGameRepository/FPS_Game/Content/Blueprints/FrameWork/CameraShakes/BP_CameraShakeSlimeBossDeath.uasset" 3405
"C:/Users/codym/OneDrive/Documents/GitHub/FunkyFishGameRepository/FPS_Game/Content/Blueprints/FrameWork/CameraShakes/BP_CameraShakeSlimeBossDeath.uexp" 3406
"C:/Users/codym/OneDrive/Documents/GitHub/FunkyFishGameRepository/FPS_Game/Content/Blueprints/Particles/PS_SlimeBossAirBlast.uasset" 3407
"C:/Users/codym/OneDrive/Documents/GitHub/FunkyFishGameRepository/FPS_Game/Content/Blueprints/Particles/PS_SlimeBossAirBlast.uexp" 3408
"C:/Users/codym/OneDrive/Documents/GitHub/FunkyFishGameRepository/FPS_Game/Content/Blueprints/Actors/Enemies/EnemyMisc/BP_BossWindburst.uasset" 3409
"C:/Users/codym/OneDrive/Documents/GitHub/FunkyFishGameRepository/FPS_Game/Content/Blueprints/Actors/Enemies/EnemyMisc/BP_BossWindburst.uexp" 3410
"C:/Users/codym/OneDrive/Documents/GitHub/FunkyFishGameRepository/FPS_Game/Content/Blueprints/Actors/Enemies/EnemyMisc/BP_BossStoneCircle.uasset" 3411
"C:/Users/codym/OneDrive/Documents/GitHub/FunkyFishGameRepository/FPS_Game/Content/Blueprints/Actors/Enemies/EnemyMisc/BP_BossStoneCircle.uexp" 3412
"C:/Users/codym/OneDrive/Documents/GitHub/FunkyFishGameRepository/FPS_Game/Content/Sprites/LightningPentagram.ubulk" 3413
"C:/Users/codym/OneDrive/Documents/GitHub/FunkyFishGameRepository/FPS_Game/Content/Sprites/LightningPentagram.uasset" 3414
"C:/Users/codym/OneDrive/Documents/GitHub/FunkyFishGameRepository/FPS_Game/Content/Sprites/LightningPentagram.uexp" 3415
"C:/Users/codym/OneDrive/Documents/GitHub/FunkyFishGameRepository/FPS_Game/Content/Materials/M_LightningPentagram.uasset" 3416
"C:/Users/codym/OneDrive/Documents/GitHub/FunkyFishGameRepository/FPS_Game/Content/Materials/M_LightningPentagram.uexp" 3417
"C:/Users/codym/OneDrive/Documents/GitHub/FunkyFishGameRepository/FPS_Game/Content/Blueprints/Particles/PS_Electricity.uasset" 3418
"C:/Users/codym/OneDrive/Documents/GitHub/FunkyFishGameRepository/FPS_Game/Content/Blueprints/Particles/PS_Electricity.uexp" 3419
"C:/Users/codym/OneDrive/Documents/GitHub/FunkyFishGameRepository/FPS_Game/Content/Blueprints/Actors/Enemies/EnemyMisc/BP_BossLightning.uasset" 3420
"C:/Users/codym/OneDrive/Documents/GitHub/FunkyFishGameRepository/FPS_Game/Content/Blueprints/Actors/Enemies/EnemyMisc/BP_BossLightning.uexp" 3421
"C:/Users/codym/OneDrive/Documents/GitHub/FunkyFishGameRepository/FPS_Game/Content/Meshes/SM_Icicle.ubulk" 3422
"C:/Users/codym/OneDrive/Documents/GitHub/FunkyFishGameRepository/FPS_Game/Content/Meshes/SM_Icicle.uasset" 3423
"C:/Users/codym/OneDrive/Documents/GitHub/FunkyFishGameRepository/FPS_Game/Content/Meshes/SM_Icicle.uexp" 3424
"C:/Users/codym/OneDrive/Documents/GitHub/FunkyFishGameRepository/FPS_Game/Content/Blueprints/Particles/PS_SnowProjectile.uasset" 3425
"C:/Users/codym/OneDrive/Documents/GitHub/FunkyFishGameRepository/FPS_Game/Content/Blueprints/Particles/PS_SnowProjectile.uexp" 3426
"C:/Users/codym/OneDrive/Documents/GitHub/FunkyFishGameRepository/FPS_Game/Content/Blueprints/Actors/Enemies/EnemyMisc/BP_BossIcicle.uasset" 3427
"C:/Users/codym/OneDrive/Documents/GitHub/FunkyFishGameRepository/FPS_Game/Content/Blueprints/Actors/Enemies/EnemyMisc/BP_BossIcicle.uexp" 3428
"C:/Users/codym/OneDrive/Documents/GitHub/FunkyFishGameRepository/FPS_Game/Content/Blueprints/Particles/PS_FireProjectile.uasset" 3429
"C:/Users/codym/OneDrive/Documents/GitHub/FunkyFishGameRepository/FPS_Game/Content/Blueprints/Particles/PS_FireProjectile.uexp" 3430
"C:/Users/codym/OneDrive/Documents/GitHub/FunkyFishGameRepository/FPS_Game/Content/Blueprints/Actors/Enemies/EnemyMisc/BP_BossExplosion.uasset" 3431
"C:/Users/codym/OneDrive/Documents/GitHub/FunkyFishGameRepository/FPS_Game/Content/Blueprints/Actors/Enemies/EnemyMisc/BP_BossExplosion.uexp" 3432
"C:/Users/codym/OneDrive/Documents/GitHub/FunkyFishGameRepository/FPS_Game/Content/Blueprints/Actors/Enemies/EnemyMisc/BP_BossFireball.uasset" 3433
"C:/Users/codym/OneDrive/Documents/GitHub/FunkyFishGameRepository/FPS_Game/Content/Blueprints/Actors/Enemies/EnemyMisc/BP_BossFireball.uexp" 3434
"C:/Users/codym/OneDrive/Documents/GitHub/FunkyFishGameRepository/FPS_Game/Content/Blueprints/Actors/Enemies/BP_BossEnemy_KingSludge.uasset" 3435
"C:/Users/codym/OneDrive/Documents/GitHub/FunkyFishGameRepository/FPS_Game/Content/Blueprints/Actors/Enemies/BP_BossEnemy_KingSludge.uexp" 3436
"C:/Users/codym/OneDrive/Documents/GitHub/FunkyFishGameRepository/FPS_Game/Content/Levels/_SeparatedLevelRooms/BossRoom_1.uexp" 3437
"C:/Users/codym/OneDrive/Documents/GitHub/FunkyFishGameRepository/FPS_Game/Content/Levels/_SeparatedLevelRooms/BossRoom_1.umap" 3438
"C:/Users/codym/OneDrive/Documents/GitHub/FunkyFishGameRepository/FPS_Game/Content/Textures/T_ReDesign_Potion_Megical_Potion_Redesign_OcclusionRoughnessMetallic.ubulk" 3439
"C:/Users/codym/OneDrive/Documents/GitHub/FunkyFishGameRepository/FPS_Game/Content/Textures/T_ReDesign_Potion_Megical_Potion_Redesign_OcclusionRoughnessMetallic.uasset" 3440
"C:/Users/codym/OneDrive/Documents/GitHub/FunkyFishGameRepository/FPS_Game/Content/Textures/T_ReDesign_Potion_Megical_Potion_Redesign_OcclusionRoughnessMetallic.uexp" 3441
"C:/Users/codym/OneDrive/Documents/GitHub/FunkyFishGameRepository/FPS_Game/Content/Textures/T_ReDesign_Potion_Megical_Potion_Redesign_Normal.ubulk" 3442
"C:/Users/codym/OneDrive/Documents/GitHub/FunkyFishGameRepository/FPS_Game/Content/Textures/T_ReDesign_Potion_Megical_Potion_Redesign_Normal.uasset" 3443
"C:/Users/codym/OneDrive/Documents/GitHub/FunkyFishGameRepository/FPS_Game/Content/Textures/T_ReDesign_Potion_Megical_Potion_Redesign_Normal.uexp" 3444
"C:/Users/codym/OneDrive/Documents/GitHub/FunkyFishGameRepository/FPS_Game/Content/Textures/T_ReDesign_Potion_Megical_Potion_Redesign_BaseColor.ubulk" 3445
"C:/Users/codym/OneDrive/Documents/GitHub/FunkyFishGameRepository/FPS_Game/Content/Textures/T_ReDesign_Potion_Megical_Potion_Redesign_BaseColor.uasset" 3446
"C:/Users/codym/OneDrive/Documents/GitHub/FunkyFishGameRepository/FPS_Game/Content/Textures/T_ReDesign_Potion_Megical_Potion_Redesign_BaseColor.uexp" 3447
"../../../Engine/Plugins/Fab/Content/Textures/Standard/T_Default_WindNoise.uasset" 3448
"../../../Engine/Plugins/Fab/Content/Textures/Standard/T_Default_WindNoise.uexp" 3449
"C:/Users/codym/OneDrive/Documents/GitHub/FunkyFishGameRepository/FPS_Game/Content/Materials/M_Purple_Potion.uasset" 3450
"C:/Users/codym/OneDrive/Documents/GitHub/FunkyFishGameRepository/FPS_Game/Content/Materials/M_Purple_Potion.uexp" 3451
"C:/Users/codym/OneDrive/Documents/GitHub/FunkyFishGameRepository/FPS_Game/Content/Meshes/SM_Purple_Potion.ubulk" 3452
"C:/Users/codym/OneDrive/Documents/GitHub/FunkyFishGameRepository/FPS_Game/Content/Meshes/SM_Purple_Potion.uasset" 3453
"C:/Users/codym/OneDrive/Documents/GitHub/FunkyFishGameRepository/FPS_Game/Content/Meshes/SM_Purple_Potion.uexp" 3454
"C:/Users/codym/OneDrive/Documents/GitHub/FunkyFishGameRepository/FPS_Game/Content/Textures/T_Book_T_Start_Book_OcclusionRoughnessMetallic.ubulk" 3455
"C:/Users/codym/OneDrive/Documents/GitHub/FunkyFishGameRepository/FPS_Game/Content/Textures/T_Book_T_Start_Book_OcclusionRoughnessMetallic.uasset" 3456
"C:/Users/codym/OneDrive/Documents/GitHub/FunkyFishGameRepository/FPS_Game/Content/Textures/T_Book_T_Start_Book_OcclusionRoughnessMetallic.uexp" 3457
"C:/Users/codym/OneDrive/Documents/GitHub/FunkyFishGameRepository/FPS_Game/Content/Textures/T_Book_T_Start_Book_Normal.ubulk" 3458
"C:/Users/codym/OneDrive/Documents/GitHub/FunkyFishGameRepository/FPS_Game/Content/Textures/T_Book_T_Start_Book_Normal.uasset" 3459
"C:/Users/codym/OneDrive/Documents/GitHub/FunkyFishGameRepository/FPS_Game/Content/Textures/T_Book_T_Start_Book_Normal.uexp" 3460
"C:/Users/codym/OneDrive/Documents/GitHub/FunkyFishGameRepository/FPS_Game/Content/Textures/T_Book_T_Start_Book_BaseColor.ubulk" 3461
"C:/Users/codym/OneDrive/Documents/GitHub/FunkyFishGameRepository/FPS_Game/Content/Textures/T_Book_T_Start_Book_BaseColor.uasset" 3462
"C:/Users/codym/OneDrive/Documents/GitHub/FunkyFishGameRepository/FPS_Game/Content/Textures/T_Book_T_Start_Book_BaseColor.uexp" 3463
"C:/Users/codym/OneDrive/Documents/GitHub/FunkyFishGameRepository/FPS_Game/Content/Materials/M_Book_Start.uasset" 3464
"C:/Users/codym/OneDrive/Documents/GitHub/FunkyFishGameRepository/FPS_Game/Content/Materials/M_Book_Start.uexp" 3465
"C:/Users/codym/OneDrive/Documents/GitHub/FunkyFishGameRepository/FPS_Game/Content/Textures/T_Book_Exit_Book_OcclusionRoughnessMetallic.ubulk" 3466
"C:/Users/codym/OneDrive/Documents/GitHub/FunkyFishGameRepository/FPS_Game/Content/Textures/T_Book_Exit_Book_OcclusionRoughnessMetallic.uasset" 3467
"C:/Users/codym/OneDrive/Documents/GitHub/FunkyFishGameRepository/FPS_Game/Content/Textures/T_Book_Exit_Book_OcclusionRoughnessMetallic.uexp" 3468
"C:/Users/codym/OneDrive/Documents/GitHub/FunkyFishGameRepository/FPS_Game/Content/Textures/T_Book_Exit_Book_Normal.ubulk" 3469
"C:/Users/codym/OneDrive/Documents/GitHub/FunkyFishGameRepository/FPS_Game/Content/Textures/T_Book_Exit_Book_Normal.uasset" 3470
"C:/Users/codym/OneDrive/Documents/GitHub/FunkyFishGameRepository/FPS_Game/Content/Textures/T_Book_Exit_Book_Normal.uexp" 3471
"C:/Users/codym/OneDrive/Documents/GitHub/FunkyFishGameRepository/FPS_Game/Content/Textures/T_Book_Exit_Book_BaseColor.ubulk" 3472
"C:/Users/codym/OneDrive/Documents/GitHub/FunkyFishGameRepository/FPS_Game/Content/Textures/T_Book_Exit_Book_BaseColor.uasset" 3473
"C:/Users/codym/OneDrive/Documents/GitHub/FunkyFishGameRepository/FPS_Game/Content/Textures/T_Book_Exit_Book_BaseColor.uexp" 3474
"C:/Users/codym/OneDrive/Documents/GitHub/FunkyFishGameRepository/FPS_Game/Content/Materials/M_Book_Exit.uasset" 3475
"C:/Users/codym/OneDrive/Documents/GitHub/FunkyFishGameRepository/FPS_Game/Content/Materials/M_Book_Exit.uexp" 3476
"C:/Users/codym/OneDrive/Documents/GitHub/FunkyFishGameRepository/FPS_Game/Content/Textures/RT_Main_Menu.uasset" 3477
"C:/Users/codym/OneDrive/Documents/GitHub/FunkyFishGameRepository/FPS_Game/Content/Textures/RT_Main_Menu.uexp" 3478
"C:/Users/codym/OneDrive/Documents/GitHub/FunkyFishGameRepository/FPS_Game/Content/Blueprints/BP_Main_Menu_Cam.uasset" 3479
"C:/Users/codym/OneDrive/Documents/GitHub/FunkyFishGameRepository/FPS_Game/Content/Blueprints/BP_Main_Menu_Cam.uexp" 3480
"C:/Users/codym/OneDrive/Documents/GitHub/FunkyFishGameRepository/FPS_Game/Content/Textures/T_Screenshot_2025-11-09_171802.uasset" 3481
"C:/Users/codym/OneDrive/Documents/GitHub/FunkyFishGameRepository/FPS_Game/Content/Textures/T_Screenshot_2025-11-09_171802.uexp" 3482
"C:/Users/codym/OneDrive/Documents/GitHub/FunkyFishGameRepository/FPS_Game/Content/Sprites/LiquidTransition.uasset" 3483
"C:/Users/codym/OneDrive/Documents/GitHub/FunkyFishGameRepository/FPS_Game/Content/Sprites/LiquidTransition.uexp" 3484
"C:/Users/codym/OneDrive/Documents/GitHub/FunkyFishGameRepository/FPS_Game/Content/Sprites/GameLogo.uasset" 3485
"C:/Users/codym/OneDrive/Documents/GitHub/FunkyFishGameRepository/FPS_Game/Content/Sprites/GameLogo.uexp" 3486
"C:/Users/codym/OneDrive/Documents/GitHub/FunkyFishGameRepository/FPS_Game/Content/Sprites/ait.uasset" 3487
"C:/Users/codym/OneDrive/Documents/GitHub/FunkyFishGameRepository/FPS_Game/Content/Sprites/ait.uexp" 3488
"C:/Users/codym/OneDrive/Documents/GitHub/FunkyFishGameRepository/FPS_Game/Content/Blueprints/Widgets/WBP_Credits.uasset" 3489
"C:/Users/codym/OneDrive/Documents/GitHub/FunkyFishGameRepository/FPS_Game/Content/Blueprints/Widgets/WBP_Credits.uexp" 3490
"C:/Users/codym/OneDrive/Documents/GitHub/FunkyFishGameRepository/FPS_Game/Content/Blueprints/Widgets/WBP_Main_Menu.uasset" 3491
"C:/Users/codym/OneDrive/Documents/GitHub/FunkyFishGameRepository/FPS_Game/Content/Blueprints/Widgets/WBP_Main_Menu.uexp" 3492
"C:/Users/codym/OneDrive/Documents/GitHub/FunkyFishGameRepository/FPS_Game/Content/Blueprints/FrameWork/HUD_Main_menu.uasset" 3493
"C:/Users/codym/OneDrive/Documents/GitHub/FunkyFishGameRepository/FPS_Game/Content/Blueprints/FrameWork/HUD_Main_menu.uexp" 3494
"C:/Users/codym/OneDrive/Documents/GitHub/FunkyFishGameRepository/FPS_Game/Content/Blueprints/FrameWork/GM_Main_Menu.uasset" 3495
"C:/Users/codym/OneDrive/Documents/GitHub/FunkyFishGameRepository/FPS_Game/Content/Blueprints/FrameWork/GM_Main_Menu.uexp" 3496
"C:/Users/codym/OneDrive/Documents/GitHub/FunkyFishGameRepository/FPS_Game/Content/Levels/MainMenuLevel.uexp" 3497
"C:/Users/codym/OneDrive/Documents/GitHub/FunkyFishGameRepository/FPS_Game/Content/Levels/MainMenuLevel.umap" 3498
"../../../Engine/Content/BasicShapes/Cylinder.ubulk" 3499
"../../../Engine/Content/BasicShapes/Cylinder.uasset" 3500
"../../../Engine/Content/BasicShapes/Cylinder.uexp" 3501
"C:/Users/codym/OneDrive/Documents/GitHub/FunkyFishGameRepository/FPS_Game/Content/Meshes/SM_Liquid_Stream_Boolean_2AF3143F.ubulk" 3502
"C:/Users/codym/OneDrive/Documents/GitHub/FunkyFishGameRepository/FPS_Game/Content/Meshes/SM_Liquid_Stream_Boolean_2AF3143F.uasset" 3503
"C:/Users/codym/OneDrive/Documents/GitHub/FunkyFishGameRepository/FPS_Game/Content/Meshes/SM_Liquid_Stream_Boolean_2AF3143F.uexp" 3504
"../../../Engine/Content/EditorResources/FieldNodes/_Resources/DefaultTextMaterialOpaque.uasset" 3505
"../../../Engine/Content/EditorResources/FieldNodes/_Resources/DefaultTextMaterialOpaque.uexp" 3506
"C:/Users/codym/OneDrive/Documents/GitHub/FunkyFishGameRepository/FPS_Game/Content/Sprites/TutorialControls.ubulk" 3507
"C:/Users/codym/OneDrive/Documents/GitHub/FunkyFishGameRepository/FPS_Game/Content/Sprites/TutorialControls.uasset" 3508
"C:/Users/codym/OneDrive/Documents/GitHub/FunkyFishGameRepository/FPS_Game/Content/Sprites/TutorialControls.uexp" 3509
"C:/Users/codym/OneDrive/Documents/GitHub/FunkyFishGameRepository/FPS_Game/Content/Sprites/CongratsMessage.ubulk" 3510
"C:/Users/codym/OneDrive/Documents/GitHub/FunkyFishGameRepository/FPS_Game/Content/Sprites/CongratsMessage.uasset" 3511
"C:/Users/codym/OneDrive/Documents/GitHub/FunkyFishGameRepository/FPS_Game/Content/Sprites/CongratsMessage.uexp" 3512
"C:/Users/codym/OneDrive/Documents/GitHub/FunkyFishGameRepository/FPS_Game/Content/Meshes/SM_cauldron.ubulk" 3513
"C:/Users/codym/OneDrive/Documents/GitHub/FunkyFishGameRepository/FPS_Game/Content/Meshes/SM_cauldron.uasset" 3514
"C:/Users/codym/OneDrive/Documents/GitHub/FunkyFishGameRepository/FPS_Game/Content/Meshes/SM_cauldron.uexp" 3515
"C:/Users/codym/OneDrive/Documents/GitHub/FunkyFishGameRepository/FPS_Game/Content/Materials/M_CauldronMagicNewGreen.uasset" 3516
"C:/Users/codym/OneDrive/Documents/GitHub/FunkyFishGameRepository/FPS_Game/Content/Materials/M_CauldronMagicNewGreen.uexp" 3517
"C:/Users/codym/OneDrive/Documents/GitHub/FunkyFishGameRepository/FPS_Game/Content/Textures/T_cauldron_cauldron_Metal_OcclusionRoughnessMetallic.ubulk" 3518
"C:/Users/codym/OneDrive/Documents/GitHub/FunkyFishGameRepository/FPS_Game/Content/Textures/T_cauldron_cauldron_Metal_OcclusionRoughnessMetallic.uasset" 3519
"C:/Users/codym/OneDrive/Documents/GitHub/FunkyFishGameRepository/FPS_Game/Content/Textures/T_cauldron_cauldron_Metal_OcclusionRoughnessMetallic.uexp" 3520
"C:/Users/codym/OneDrive/Documents/GitHub/FunkyFishGameRepository/FPS_Game/Content/Textures/T_cauldron_cauldron_Metal_Normal.ubulk" 3521
"C:/Users/codym/OneDrive/Documents/GitHub/FunkyFishGameRepository/FPS_Game/Content/Textures/T_cauldron_cauldron_Metal_Normal.uasset" 3522
"C:/Users/codym/OneDrive/Documents/GitHub/FunkyFishGameRepository/FPS_Game/Content/Textures/T_cauldron_cauldron_Metal_Normal.uexp" 3523
"C:/Users/codym/OneDrive/Documents/GitHub/FunkyFishGameRepository/FPS_Game/Content/Textures/T_cauldron_cauldron_Metal_BaseColor.ubulk" 3524
"C:/Users/codym/OneDrive/Documents/GitHub/FunkyFishGameRepository/FPS_Game/Content/Textures/T_cauldron_cauldron_Metal_BaseColor.uasset" 3525
"C:/Users/codym/OneDrive/Documents/GitHub/FunkyFishGameRepository/FPS_Game/Content/Textures/T_cauldron_cauldron_Metal_BaseColor.uexp" 3526
"C:/Users/codym/OneDrive/Documents/GitHub/FunkyFishGameRepository/FPS_Game/Content/Materials/M_Cauldron.uasset" 3527
"C:/Users/codym/OneDrive/Documents/GitHub/FunkyFishGameRepository/FPS_Game/Content/Materials/M_Cauldron.uexp" 3528
"C:/Users/codym/OneDrive/Documents/GitHub/FunkyFishGameRepository/FPS_Game/Content/Materials/MI_Outline_Green.uasset" 3529
"C:/Users/codym/OneDrive/Documents/GitHub/FunkyFishGameRepository/FPS_Game/Content/Materials/MI_Outline_Green.uexp" 3530
"C:/Users/codym/OneDrive/Documents/GitHub/FunkyFishGameRepository/FPS_Game/Content/Blueprints/Particles/PS_CauldronGlowPostGame.uasset" 3531
"C:/Users/codym/OneDrive/Documents/GitHub/FunkyFishGameRepository/FPS_Game/Content/Blueprints/Particles/PS_CauldronGlowPostGame.uexp" 3532
"C:/Users/codym/OneDrive/Documents/GitHub/FunkyFishGameRepository/FPS_Game/Content/Blueprints/Actors/Interactables/BP_HubCauldron.uasset" 3533
"C:/Users/codym/OneDrive/Documents/GitHub/FunkyFishGameRepository/FPS_Game/Content/Blueprints/Actors/Interactables/BP_HubCauldron.uexp" 3534
"C:/Users/codym/OneDrive/Documents/GitHub/FunkyFishGameRepository/FPS_Game/Content/Levels/TheHubPostGame.uexp" 3535
"C:/Users/codym/OneDrive/Documents/GitHub/FunkyFishGameRepository/FPS_Game/Content/Levels/TheHubPostGame.umap" 3536
"C:/Users/codym/OneDrive/Documents/GitHub/FunkyFishGameRepository/FPS_Game/Content/Materials/MI_Cauldron_Liquid.uasset" 3537
"C:/Users/codym/OneDrive/Documents/GitHub/FunkyFishGameRepository/FPS_Game/Content/Materials/MI_Cauldron_Liquid.uexp" 3538
"C:/Users/codym/OneDrive/Documents/GitHub/FunkyFishGameRepository/FPS_Game/Content/Levels/TheHubPreGame.uexp" 3539
"C:/Users/codym/OneDrive/Documents/GitHub/FunkyFishGameRepository/FPS_Game/Content/Levels/TheHubPreGame.umap" 3540
